RUN_TIME,MKT_TYPE,TIME_INTERVAL,HVDC_NAME,CONGESTION_FLAG,FLOW_FROM,FLOW_TO,OVERLOAD_MW,
8/24/2026,RTD,8/24/2026 12:05:00 AM,MINVIS1,N,376.54,-376.54,,
8/24/2026,RTD,8/24/2026 12:05:00 AM,VISLUZ1,Y,-150,150,,
8/24/2026 12:05:00 AM,RTD,8/24/2026 12:10:00 AM,MINVIS1,N,381.90,-381.90,,
8/24/2026 12:05:00 AM,RTD,8/24/2026 12:10:00 AM,VISLUZ1,Y,-150,150,,
8/24/2026 12:10:00 AM,RTD,8/24/2026 12:15:00 AM,MINVIS1,N,370.23,-370.23,,
8/24/2026 12:10:00 AM,RTD,8/24/2026 12:15:00 AM,VISLUZ1,Y,-150,150,,
8/24/2026 12:15:00 AM,RTD,8/24/2026 12:20:00 AM,MINVIS1,N,355.47,-355.47,,
8/24/2026 12:15:00 AM,RTD,8/24/2026 12:20:00 AM,VISLUZ1,Y,-150,150,,
8/24/2026 12:20:00 AM,RTD,8/24/2026 12:25:00 AM,MINVIS1,N,350.31,-350.31,,
8/24/2026 12:20:00 AM,RTD,8/24/2026 12:25:00 AM,VISLUZ1,Y,-150,150,,
8/24/2026 12:25:00 AM,RTD,8/24/2026 12:30:00 AM,MINVIS1,N,357.71,-357.71,,
8/24/2026 12:25:00 AM,RTD,8/24/2026 12:30:00 AM,VISLUZ1,N,-138.19,138.19,,
8/24/2026 12:30:00 AM,RTD,8/24/2026 12:35:00 AM,MINVIS1,N,345.72,-345.72,,
8/24/2026 12:30:00 AM,RTD,8/24/2026 12:35:00 AM,VISLUZ1,Y,-150,150,,
8/24/2026 12:35:00 AM,RTD,8/24/2026 12:40:00 AM,MINVIS1,N,338.80,-338.80,,
8/24/2026 12:35:00 AM,RTD,8/24/2026 12:40:00 AM,VISLUZ1,Y,-150,150,,
8/24/2026 12:40:00 AM,RTD,8/24/2026 12:45:00 AM,MINVIS1,N,330.93,-330.93,,
8/24/2026 12:40:00 AM,RTD,8/24/2026 12:45:00 AM,VISLUZ1,Y,-150,150,,
8/24/2026 12:45:00 AM,RTD,8/24/2026 12:50:00 AM,MINVIS1,N,327.25,-327.25,,
8/24/2026 12:45:00 AM,RTD,8/24/2026 12:50:00 AM,VISLUZ1,Y,-150,150,,
8/24/2026 12:50:00 AM,RTD,8/24/2026 12:55:00 AM,MINVIS1,N,333.54,-333.54,,
8/24/2026 12:50:00 AM,RTD,8/24/2026 12:55:00 AM,VISLUZ1,Y,-150,150,,
8/24/2026 12:55:00 AM,RTD,8/24/2026 1:00:00 AM,MINVIS1,N,338.30,-338.30,,
8/24/2026 12:55:00 AM,RTD,8/24/2026 1:00:00 AM,VISLUZ1,Y,-150,150,,
8/24/2026 1:00:00 AM,RTD,8/24/2026 1:05:00 AM,MINVIS1,N,349.63,-349.63,,
8/24/2026 1:00:00 AM,RTD,8/24/2026 1:05:00 AM,VISLUZ1,N,-108.95,108.95,,
8/24/2026 1:05:00 AM,RTD,8/24/2026 1:10:00 AM,MINVIS1,N,357.57,-357.57,,
8/24/2026 1:05:00 AM,RTD,8/24/2026 1:10:00 AM,VISLUZ1,N,-123.29,123.29,,
8/24/2026 1:10:00 AM,RTD,8/24/2026 1:15:00 AM,MINVIS1,N,356.95,-356.95,,
8/24/2026 1:10:00 AM,RTD,8/24/2026 1:15:00 AM,VISLUZ1,Y,-150,150,,
8/24/2026 1:15:00 AM,RTD,8/24/2026 1:20:00 AM,MINVIS1,N,371.81,-371.81,,
8/24/2026 1:15:00 AM,RTD,8/24/2026 1:20:00 AM,VISLUZ1,Y,-150,150,,
8/24/2026 1:20:00 AM,RTD,8/24/2026 1:25:00 AM,MINVIS1,N,372.49,-372.49,,
8/24/2026 1:20:00 AM,RTD,8/24/2026 1:25:00 AM,VISLUZ1,Y,-150,150,,
8/24/2026 1:25:00 AM,RTD,8/24/2026 1:30:00 AM,MINVIS1,N,376.38,-376.38,,
8/24/2026 1:25:00 AM,RTD,8/24/2026 1:30:00 AM,VISLUZ1,Y,-150,150,,
8/24/2026 1:30:00 AM,RTD,8/24/2026 1:35:00 AM,MINVIS1,N,376.20,-376.20,,
8/24/2026 1:30:00 AM,RTD,8/24/2026 1:35:00 AM,VISLUZ1,Y,-150,150,,
8/24/2026 1:35:00 AM,RTD,8/24/2026 1:40:00 AM,MINVIS1,N,364.90,-364.90,,
8/24/2026 1:35:00 AM,RTD,8/24/2026 1:40:00 AM,VISLUZ1,Y,-150,150,,
8/24/2026 1:40:00 AM,RTD,8/24/2026 1:45:00 AM,MINVIS1,N,360.96,-360.96,,
8/24/2026 1:40:00 AM,RTD,8/24/2026 1:45:00 AM,VISLUZ1,Y,-150,150,,
8/24/2026 1:45:00 AM,RTD,8/24/2026 1:50:00 AM,MINVIS1,N,358.80,-358.80,,
8/24/2026 1:45:00 AM,RTD,8/24/2026 1:50:00 AM,VISLUZ1,Y,-150,150,,
8/24/2026 1:50:00 AM,RTD,8/24/2026 1:55:00 AM,MINVIS1,N,361.22,-361.22,,
8/24/2026 1:50:00 AM,RTD,8/24/2026 1:55:00 AM,VISLUZ1,Y,-150,150,,
8/24/2026 1:55:00 AM,RTD,8/24/2026 2:00:00 AM,MINVIS1,N,356.39,-356.39,,
8/24/2026 1:55:00 AM,RTD,8/24/2026 2:00:00 AM,VISLUZ1,Y,-150,150,,
8/24/2026 2:00:00 AM,RTD,8/24/2026 2:05:00 AM,MINVIS1,N,349.84,-349.84,,
8/24/2026 2:00:00 AM,RTD,8/24/2026 2:05:00 AM,VISLUZ1,Y,-150,150,,
8/24/2026 2:05:00 AM,RTD,8/24/2026 2:10:00 AM,MINVIS1,N,347.58,-347.58,,
8/24/2026 2:05:00 AM,RTD,8/24/2026 2:10:00 AM,VISLUZ1,Y,-150,150,,
8/24/2026 2:10:00 AM,RTD,8/24/2026 2:15:00 AM,MINVIS1,N,343.74,-343.74,,
8/24/2026 2:10:00 AM,RTD,8/24/2026 2:15:00 AM,VISLUZ1,Y,-150,150,,
8/24/2026 2:15:00 AM,RTD,8/24/2026 2:20:00 AM,MINVIS1,N,346.58,-346.58,,
8/24/2026 2:15:00 AM,RTD,8/24/2026 2:20:00 AM,VISLUZ1,Y,-150,150,,
8/24/2026 2:20:00 AM,RTD,8/24/2026 2:25:00 AM,MINVIS1,N,338.37,-338.37,,
8/24/2026 2:20:00 AM,RTD,8/24/2026 2:25:00 AM,VISLUZ1,Y,-150,150,,
8/24/2026 2:25:00 AM,RTD,8/24/2026 2:30:00 AM,MINVIS1,N,325.33,-325.33,,
8/24/2026 2:25:00 AM,RTD,8/24/2026 2:30:00 AM,VISLUZ1,Y,-150,150,,
8/24/2026 2:30:00 AM,RTD,8/24/2026 2:35:00 AM,MINVIS1,N,323.19,-323.19,,
8/24/2026 2:30:00 AM,RTD,8/24/2026 2:35:00 AM,VISLUZ1,Y,-150,150,,
8/24/2026 2:35:00 AM,RTD,8/24/2026 2:40:00 AM,MINVIS1,N,320.52,-320.52,,
8/24/2026 2:35:00 AM,RTD,8/24/2026 2:40:00 AM,VISLUZ1,Y,-150,150,,
8/24/2026 2:40:00 AM,RTD,8/24/2026 2:45:00 AM,MINVIS1,N,316.86,-316.86,,
8/24/2026 2:40:00 AM,RTD,8/24/2026 2:45:00 AM,VISLUZ1,Y,-150,150,,
8/24/2026 2:45:00 AM,RTD,8/24/2026 2:50:00 AM,MINVIS1,N,320.41,-320.41,,
8/24/2026 2:45:00 AM,RTD,8/24/2026 2:50:00 AM,VISLUZ1,Y,-150,150,,
8/24/2026 2:50:00 AM,RTD,8/24/2026 2:55:00 AM,MINVIS1,N,311.63,-311.63,,
8/24/2026 2:50:00 AM,RTD,8/24/2026 2:55:00 AM,VISLUZ1,Y,-150,150,,
8/24/2026 2:55:00 AM,RTD,8/24/2026 3:00:00 AM,MINVIS1,N,305.49,-305.49,,
8/24/2026 2:55:00 AM,RTD,8/24/2026 3:00:00 AM,VISLUZ1,Y,-150,150,,
8/24/2026 3:00:00 AM,RTD,8/24/2026 3:05:00 AM,MINVIS1,N,295.58,-295.58,,
8/24/2026 3:00:00 AM,RTD,8/24/2026 3:05:00 AM,VISLUZ1,Y,-150,150,,
8/24/2026 3:05:00 AM,RTD,8/24/2026 3:10:00 AM,MINVIS1,N,291.12,-291.12,,
8/24/2026 3:05:00 AM,RTD,8/24/2026 3:10:00 AM,VISLUZ1,Y,-150,150,,
8/24/2026 3:10:00 AM,RTD,8/24/2026 3:15:00 AM,MINVIS1,N,287.54,-287.54,,
8/24/2026 3:10:00 AM,RTD,8/24/2026 3:15:00 AM,VISLUZ1,Y,-150,150,,
8/24/2026 3:15:00 AM,RTD,8/24/2026 3:20:00 AM,MINVIS1,N,281.76,-281.76,,
8/24/2026 3:15:00 AM,RTD,8/24/2026 3:20:00 AM,VISLUZ1,Y,-150,150,,
8/24/2026 3:20:00 AM,RTD,8/24/2026 3:25:00 AM,MINVIS1,N,278.77,-278.77,,
8/24/2026 3:20:00 AM,RTD,8/24/2026 3:25:00 AM,VISLUZ1,Y,-150,150,,
8/24/2026 3:25:00 AM,RTD,8/24/2026 3:30:00 AM,MINVIS1,N,281.61,-281.61,,
8/24/2026 3:25:00 AM,RTD,8/24/2026 3:30:00 AM,VISLUZ1,Y,-150,150,,
8/24/2026 3:30:00 AM,RTD,8/24/2026 3:35:00 AM,MINVIS1,N,282,-282,,
8/24/2026 3:30:00 AM,RTD,8/24/2026 3:35:00 AM,VISLUZ1,Y,-150,150,,
8/24/2026 3:35:00 AM,RTD,8/24/2026 3:40:00 AM,MINVIS1,N,280.42,-280.42,,
8/24/2026 3:35:00 AM,RTD,8/24/2026 3:40:00 AM,VISLUZ1,Y,-150,150,,
8/24/2026 3:40:00 AM,RTD,8/24/2026 3:45:00 AM,MINVIS1,N,277.67,-277.67,,
8/24/2026 3:40:00 AM,RTD,8/24/2026 3:45:00 AM,VISLUZ1,Y,-150,150,,
8/24/2026 3:45:00 AM,RTD,8/24/2026 3:50:00 AM,MINVIS1,N,273.55,-273.55,,
8/24/2026 3:45:00 AM,RTD,8/24/2026 3:50:00 AM,VISLUZ1,Y,-150,150,,
8/24/2026 3:50:00 AM,RTD,8/24/2026 3:55:00 AM,MINVIS1,N,269.79,-269.79,,
8/24/2026 3:50:00 AM,RTD,8/24/2026 3:55:00 AM,VISLUZ1,Y,-150,150,,
8/24/2026 3:55:00 AM,RTD,8/24/2026 4:00:00 AM,MINVIS1,N,262.80,-262.80,,
8/24/2026 3:55:00 AM,RTD,8/24/2026 4:00:00 AM,VISLUZ1,Y,-150,150,,
8/24/2026 4:00:00 AM,RTD,8/24/2026 4:05:00 AM,MINVIS1,N,264.36,-264.36,,
8/24/2026 4:00:00 AM,RTD,8/24/2026 4:05:00 AM,VISLUZ1,Y,-150,150,,
8/24/2026 4:05:00 AM,RTD,8/24/2026 4:10:00 AM,MINVIS1,N,261.86,-261.86,,
8/24/2026 4:05:00 AM,RTD,8/24/2026 4:10:00 AM,VISLUZ1,Y,-150,150,,
8/24/2026 4:10:00 AM,RTD,8/24/2026 4:15:00 AM,MINVIS1,N,268.87,-268.87,,
8/24/2026 4:10:00 AM,RTD,8/24/2026 4:15:00 AM,VISLUZ1,N,-144.65,144.65,,
8/24/2026 4:15:00 AM,RTD,8/24/2026 4:20:00 AM,MINVIS1,N,277.78,-277.78,,
8/24/2026 4:15:00 AM,RTD,8/24/2026 4:20:00 AM,VISLUZ1,N,-136.14,136.14,,
8/24/2026 4:20:00 AM,RTD,8/24/2026 4:25:00 AM,MINVIS1,N,277.23,-277.23,,
8/24/2026 4:20:00 AM,RTD,8/24/2026 4:25:00 AM,VISLUZ1,N,-132.51,132.51,,
8/24/2026 4:25:00 AM,RTD,8/24/2026 4:30:00 AM,MINVIS1,N,268.21,-268.21,,
8/24/2026 4:25:00 AM,RTD,8/24/2026 4:30:00 AM,VISLUZ1,Y,-150,150,,
8/24/2026 4:30:00 AM,RTD,8/24/2026 4:35:00 AM,MINVIS1,N,262.20,-262.20,,
8/24/2026 4:30:00 AM,RTD,8/24/2026 4:35:00 AM,VISLUZ1,Y,-150,150,,
8/24/2026 4:35:00 AM,RTD,8/24/2026 4:40:00 AM,MINVIS1,N,251.09,-251.09,,
8/24/2026 4:35:00 AM,RTD,8/24/2026 4:40:00 AM,VISLUZ1,Y,-150,150,,
8/24/2026 4:40:00 AM,RTD,8/24/2026 4:45:00 AM,MINVIS1,N,242.35,-242.35,,
8/24/2026 4:40:00 AM,RTD,8/24/2026 4:45:00 AM,VISLUZ1,Y,-150,150,,
8/24/2026 4:45:00 AM,RTD,8/24/2026 4:50:00 AM,MINVIS1,N,257.34,-257.34,,
8/24/2026 4:45:00 AM,RTD,8/24/2026 4:50:00 AM,VISLUZ1,N,-147.81,147.81,,
8/24/2026 4:50:00 AM,RTD,8/24/2026 4:55:00 AM,MINVIS1,N,270.56,-270.56,,
8/24/2026 4:50:00 AM,RTD,8/24/2026 4:55:00 AM,VISLUZ1,Y,-150,150,,
8/24/2026 4:55:00 AM,RTD,8/24/2026 5:00:00 AM,MINVIS1,N,274.99,-274.99,,
8/24/2026 4:55:00 AM,RTD,8/24/2026 5:00:00 AM,VISLUZ1,Y,-150,150,,
8/24/2026 5:00:00 AM,RTD,8/24/2026 5:05:00 AM,MINVIS1,N,267.98,-267.98,,
8/24/2026 5:00:00 AM,RTD,8/24/2026 5:05:00 AM,VISLUZ1,Y,-150,150,,
8/24/2026 5:05:00 AM,RTD,8/24/2026 5:10:00 AM,MINVIS1,N,267.85,-267.85,,
8/24/2026 5:05:00 AM,RTD,8/24/2026 5:10:00 AM,VISLUZ1,N,-148.30,148.30,,
8/24/2026 5:10:00 AM,RTD,8/24/2026 5:15:00 AM,MINVIS1,N,263.04,-263.04,,
8/24/2026 5:10:00 AM,RTD,8/24/2026 5:15:00 AM,VISLUZ1,Y,-150,150,,
8/24/2026 5:15:00 AM,RTD,8/24/2026 5:20:00 AM,MINVIS1,N,255.82,-255.82,,
8/24/2026 5:15:00 AM,RTD,8/24/2026 5:20:00 AM,VISLUZ1,Y,-150,150,,
8/24/2026 5:20:00 AM,RTD,8/24/2026 5:25:00 AM,MINVIS1,N,259.39,-259.39,,
8/24/2026 5:20:00 AM,RTD,8/24/2026 5:25:00 AM,VISLUZ1,Y,-150,150,,
8/24/2026 5:25:00 AM,RTD,8/24/2026 5:30:00 AM,MINVIS1,N,254.18,-254.18,,
8/24/2026 5:25:00 AM,RTD,8/24/2026 5:30:00 AM,VISLUZ1,Y,-150,150,,
8/24/2026 5:30:00 AM,RTD,8/24/2026 5:35:00 AM,MINVIS1,N,265.13,-265.13,,
8/24/2026 5:30:00 AM,RTD,8/24/2026 5:35:00 AM,VISLUZ1,Y,-150,150,,
8/24/2026 5:35:00 AM,RTD,8/24/2026 5:40:00 AM,MINVIS1,N,272.03,-272.03,,
8/24/2026 5:35:00 AM,RTD,8/24/2026 5:40:00 AM,VISLUZ1,Y,-150,150,,
8/24/2026 5:40:00 AM,RTD,8/24/2026 5:45:00 AM,MINVIS1,N,279.24,-279.24,,
8/24/2026 5:40:00 AM,RTD,8/24/2026 5:45:00 AM,VISLUZ1,Y,-150,150,,
8/24/2026 5:45:00 AM,RTD,8/24/2026 5:50:00 AM,MINVIS1,N,280.50,-280.50,,
8/24/2026 5:45:00 AM,RTD,8/24/2026 5:50:00 AM,VISLUZ1,Y,-150,150,,
8/24/2026 5:50:00 AM,RTD,8/24/2026 5:55:00 AM,MINVIS1,N,287.78,-287.78,,
8/24/2026 5:50:00 AM,RTD,8/24/2026 5:55:00 AM,VISLUZ1,Y,-150,150,,
8/24/2026 5:55:00 AM,RTD,8/24/2026 6:00:00 AM,MINVIS1,N,294.03,-294.03,,
8/24/2026 5:55:00 AM,RTD,8/24/2026 6:00:00 AM,VISLUZ1,Y,-150,150,,
8/24/2026 6:00:00 AM,RTD,8/24/2026 6:05:00 AM,MINVIS1,Y,250,-250,,
8/24/2026 6:00:00 AM,RTD,8/24/2026 6:05:00 AM,VISLUZ1,Y,-150,150,,
8/24/2026 6:05:00 AM,RTD,8/24/2026 6:10:00 AM,MINVIS1,Y,250,-250,,
8/24/2026 6:05:00 AM,RTD,8/24/2026 6:10:00 AM,VISLUZ1,Y,-150,150,,
8/24/2026 6:10:00 AM,RTD,8/24/2026 6:15:00 AM,MINVIS1,Y,250,-250,,
8/24/2026 6:10:00 AM,RTD,8/24/2026 6:15:00 AM,VISLUZ1,Y,-150,150,,
8/24/2026 6:15:00 AM,RTD,8/24/2026 6:20:00 AM,MINVIS1,Y,250,-250,,
8/24/2026 6:15:00 AM,RTD,8/24/2026 6:20:00 AM,VISLUZ1,Y,-150,150,,
8/24/2026 6:20:00 AM,RTD,8/24/2026 6:25:00 AM,MINVIS1,Y,250,-250,,
8/24/2026 6:20:00 AM,RTD,8/24/2026 6:25:00 AM,VISLUZ1,Y,-150,150,,
8/24/2026 6:25:00 AM,RTD,8/24/2026 6:30:00 AM,MINVIS1,N,248.29,-248.29,,
8/24/2026 6:25:00 AM,RTD,8/24/2026 6:30:00 AM,VISLUZ1,Y,-150,150,,
8/24/2026 6:30:00 AM,RTD,8/24/2026 6:35:00 AM,MINVIS1,Y,250,-250,,
8/24/2026 6:30:00 AM,RTD,8/24/2026 6:35:00 AM,VISLUZ1,Y,-150,150,,
8/24/2026 6:35:00 AM,RTD,8/24/2026 6:40:00 AM,MINVIS1,Y,250,-250,,
8/24/2026 6:35:00 AM,RTD,8/24/2026 6:40:00 AM,VISLUZ1,Y,-150,150,,
8/24/2026 6:40:00 AM,RTD,8/24/2026 6:45:00 AM,MINVIS1,Y,250,-250,,
8/24/2026 6:40:00 AM,RTD,8/24/2026 6:45:00 AM,VISLUZ1,Y,-150,150,,
8/24/2026 6:45:00 AM,RTD,8/24/2026 6:50:00 AM,MINVIS1,Y,250,-250,,
8/24/2026 6:45:00 AM,RTD,8/24/2026 6:50:00 AM,VISLUZ1,Y,-150,150,,
8/24/2026 6:50:00 AM,RTD,8/24/2026 6:55:00 AM,MINVIS1,N,243.58,-243.58,,
8/24/2026 6:50:00 AM,RTD,8/24/2026 6:55:00 AM,VISLUZ1,Y,-150,150,,
8/24/2026 6:55:00 AM,RTD,8/24/2026 7:00:00 AM,MINVIS1,N,235.08,-235.08,,
8/24/2026 6:55:00 AM,RTD,8/24/2026 7:00:00 AM,VISLUZ1,Y,-150,150,,
8/24/2026 7:00:00 AM,RTD,8/24/2026 7:05:00 AM,MINVIS1,N,230.65,-230.65,,
8/24/2026 7:00:00 AM,RTD,8/24/2026 7:05:00 AM,VISLUZ1,N,-96.27,96.27,,
8/24/2026 7:05:00 AM,RTD,8/24/2026 7:10:00 AM,MINVIS1,N,215.73,-215.73,,
8/24/2026 7:05:00 AM,RTD,8/24/2026 7:10:00 AM,VISLUZ1,N,-117.17,117.17,,
8/24/2026 7:10:00 AM,RTD,8/24/2026 7:15:00 AM,MINVIS1,N,215.51,-215.51,,
8/24/2026 7:10:00 AM,RTD,8/24/2026 7:15:00 AM,VISLUZ1,N,-127.44,127.44,,
8/24/2026 7:15:00 AM,RTD,8/24/2026 7:20:00 AM,MINVIS1,N,230.29,-230.29,,
8/24/2026 7:15:00 AM,RTD,8/24/2026 7:20:00 AM,VISLUZ1,N,-116.90,116.90,,
8/24/2026 7:20:00 AM,RTD,8/24/2026 7:25:00 AM,MINVIS1,N,242.32,-242.32,,
8/24/2026 7:20:00 AM,RTD,8/24/2026 7:25:00 AM,VISLUZ1,N,-84.53,84.53,,
8/24/2026 7:25:00 AM,RTD,8/24/2026 7:30:00 AM,MINVIS1,N,230.78,-230.78,,
8/24/2026 7:25:00 AM,RTD,8/24/2026 7:30:00 AM,VISLUZ1,N,-99.08,99.08,,
8/24/2026 7:30:00 AM,RTD,8/24/2026 7:35:00 AM,MINVIS1,N,246.82,-246.82,,
8/24/2026 7:30:00 AM,RTD,8/24/2026 7:35:00 AM,VISLUZ1,N,-63.80,63.80,,
8/24/2026 7:35:00 AM,RTD,8/24/2026 7:40:00 AM,MINVIS1,Y,250,-250,,
8/24/2026 7:35:00 AM,RTD,8/24/2026 7:40:00 AM,VISLUZ1,N,-65.55,65.55,,
8/24/2026 7:40:00 AM,RTD,8/24/2026 7:45:00 AM,MINVIS1,Y,250,-250,,
8/24/2026 7:40:00 AM,RTD,8/24/2026 7:45:00 AM,VISLUZ1,N,-62.62,62.62,,
8/24/2026 7:45:00 AM,RTD,8/24/2026 7:50:00 AM,MINVIS1,N,231.96,-231.96,,
8/24/2026 7:45:00 AM,RTD,8/24/2026 7:50:00 AM,VISLUZ1,N,-108.51,108.51,,
8/24/2026 7:50:00 AM,RTD,8/24/2026 7:55:00 AM,MINVIS1,N,242.07,-242.07,,
8/24/2026 7:50:00 AM,RTD,8/24/2026 7:55:00 AM,VISLUZ1,N,-89.29,89.29,,
8/24/2026 7:55:00 AM,RTD,8/24/2026 8:00:00 AM,MINVIS1,N,233.47,-233.47,,
8/24/2026 7:55:00 AM,RTD,8/24/2026 8:00:00 AM,VISLUZ1,N,-103.58,103.58,,
8/24/2026 8:00:00 AM,RTD,8/24/2026 8:05:00 AM,MINVIS1,Y,250,-250,,
8/24/2026 8:00:00 AM,RTD,8/24/2026 8:05:00 AM,VISLUZ1,N,-113.28,113.28,,
8/24/2026 8:05:00 AM,RTD,8/24/2026 8:10:00 AM,MINVIS1,Y,250,-250,,
8/24/2026 8:05:00 AM,RTD,8/24/2026 8:10:00 AM,VISLUZ1,N,-106.51,106.51,,
8/24/2026 8:10:00 AM,RTD,8/24/2026 8:15:00 AM,MINVIS1,Y,250,-250,,
8/24/2026 8:10:00 AM,RTD,8/24/2026 8:15:00 AM,VISLUZ1,N,-85.51,85.51,,
8/24/2026 8:15:00 AM,RTD,8/24/2026 8:20:00 AM,MINVIS1,Y,250,-250,,
8/24/2026 8:15:00 AM,RTD,8/24/2026 8:20:00 AM,VISLUZ1,N,-67.06,67.06,,
8/24/2026 8:20:00 AM,RTD,8/24/2026 8:25:00 AM,MINVIS1,N,248.19,-248.19,,
8/24/2026 8:20:00 AM,RTD,8/24/2026 8:25:00 AM,VISLUZ1,N,-78.02,78.02,,
8/24/2026 8:25:00 AM,RTD,8/24/2026 8:30:00 AM,MINVIS1,Y,250,-250,,
8/24/2026 8:25:00 AM,RTD,8/24/2026 8:30:00 AM,VISLUZ1,N,-79.97,79.97,,
8/24/2026 8:30:00 AM,RTD,8/24/2026 8:35:00 AM,MINVIS1,Y,250,-250,,
8/24/2026 8:30:00 AM,RTD,8/24/2026 8:35:00 AM,VISLUZ1,N,-67.38,67.38,,
8/24/2026 8:35:00 AM,RTD,8/24/2026 8:40:00 AM,MINVIS1,Y,250,-250,,
8/24/2026 8:35:00 AM,RTD,8/24/2026 8:40:00 AM,VISLUZ1,N,-63.05,63.05,,
8/24/2026 8:40:00 AM,RTD,8/24/2026 8:45:00 AM,MINVIS1,N,234.82,-234.82,,
8/24/2026 8:40:00 AM,RTD,8/24/2026 8:45:00 AM,VISLUZ1,N,-68.58,68.58,,
8/24/2026 8:45:00 AM,RTD,8/24/2026 8:50:00 AM,MINVIS1,N,231.43,-231.43,,
8/24/2026 8:45:00 AM,RTD,8/24/2026 8:50:00 AM,VISLUZ1,N,-84.56,84.56,,
8/24/2026 8:50:00 AM,RTD,8/24/2026 8:55:00 AM,MINVIS1,N,222.57,-222.57,,
8/24/2026 8:50:00 AM,RTD,8/24/2026 8:55:00 AM,VISLUZ1,N,-103.19,103.19,,
8/24/2026 8:55:00 AM,RTD,8/24/2026 9:00:00 AM,MINVIS1,N,218.66,-218.66,,
8/24/2026 8:55:00 AM,RTD,8/24/2026 9:00:00 AM,VISLUZ1,N,-65.48,65.48,,
8/24/2026 9:00:00 AM,RTD,8/24/2026 9:05:00 AM,MINVIS1,N,196.67,-196.67,,
8/24/2026 9:00:00 AM,RTD,8/24/2026 9:05:00 AM,VISLUZ1,N,-98.83,98.83,,
8/24/2026 9:05:00 AM,RTD,8/24/2026 9:10:00 AM,MINVIS1,N,229.12,-229.12,,
8/24/2026 9:05:00 AM,RTD,8/24/2026 9:10:00 AM,VISLUZ1,N,-73.83,73.83,,
8/24/2026 9:10:00 AM,RTD,8/24/2026 9:15:00 AM,MINVIS1,N,182.64,-182.64,,
8/24/2026 9:10:00 AM,RTD,8/24/2026 9:15:00 AM,VISLUZ1,N,-99.27,99.27,,
8/24/2026 9:15:00 AM,RTD,8/24/2026 9:20:00 AM,MINVIS1,N,191.79,-191.79,,
8/24/2026 9:15:00 AM,RTD,8/24/2026 9:20:00 AM,VISLUZ1,Y,-100,100,,
8/24/2026 9:20:00 AM,RTD,8/24/2026 9:25:00 AM,MINVIS1,N,187.24,-187.24,,
8/24/2026 9:20:00 AM,RTD,8/24/2026 9:25:00 AM,VISLUZ1,Y,-100,100,,
8/24/2026 9:25:00 AM,RTD,8/24/2026 9:30:00 AM,MINVIS1,N,184.07,-184.07,,
8/24/2026 9:25:00 AM,RTD,8/24/2026 9:30:00 AM,VISLUZ1,Y,-100,100,,
8/24/2026 9:30:00 AM,RTD,8/24/2026 9:35:00 AM,MINVIS1,N,187.84,-187.84,,
8/24/2026 9:30:00 AM,RTD,8/24/2026 9:35:00 AM,VISLUZ1,Y,-100,100,,
8/24/2026 9:35:00 AM,RTD,8/24/2026 9:40:00 AM,MINVIS1,N,177.35,-177.35,,
8/24/2026 9:35:00 AM,RTD,8/24/2026 9:40:00 AM,VISLUZ1,Y,-100,100,,
8/24/2026 9:40:00 AM,RTD,8/24/2026 9:45:00 AM,MINVIS1,N,154.32,-154.32,,
8/24/2026 9:40:00 AM,RTD,8/24/2026 9:45:00 AM,VISLUZ1,Y,-100,100,,
8/24/2026 9:45:00 AM,RTD,8/24/2026 9:50:00 AM,MINVIS1,N,156.87,-156.87,,
8/24/2026 9:45:00 AM,RTD,8/24/2026 9:50:00 AM,VISLUZ1,Y,-100,100,,
8/24/2026 9:50:00 AM,RTD,8/24/2026 9:55:00 AM,MINVIS1,N,151.23,-151.23,,
8/24/2026 9:50:00 AM,RTD,8/24/2026 9:55:00 AM,VISLUZ1,Y,-100,100,,
8/24/2026 9:55:00 AM,RTD,8/24/2026 10:00:00 AM,MINVIS1,N,143.29,-143.29,,
8/24/2026 9:55:00 AM,RTD,8/24/2026 10:00:00 AM,VISLUZ1,Y,-100,100,,
8/24/2026 10:00:00 AM,RTD,8/24/2026 10:05:00 AM,MINVIS1,N,162.42,-162.42,,
8/24/2026 10:00:00 AM,RTD,8/24/2026 10:05:00 AM,VISLUZ1,Y,-100,100,,
8/24/2026 10:05:00 AM,RTD,8/24/2026 10:10:00 AM,MINVIS1,N,157.43,-157.43,,
8/24/2026 10:05:00 AM,RTD,8/24/2026 10:10:00 AM,VISLUZ1,Y,-100,100,,
8/24/2026 10:10:00 AM,RTD,8/24/2026 10:15:00 AM,MINVIS1,N,150.80,-150.80,,
8/24/2026 10:10:00 AM,RTD,8/24/2026 10:15:00 AM,VISLUZ1,Y,-100,100,,
8/24/2026 10:15:00 AM,RTD,8/24/2026 10:20:00 AM,MINVIS1,N,143.16,-143.16,,
8/24/2026 10:15:00 AM,RTD,8/24/2026 10:20:00 AM,VISLUZ1,Y,-100,100,,
8/24/2026 10:20:00 AM,RTD,8/24/2026 10:25:00 AM,MINVIS1,N,146.40,-146.40,,
8/24/2026 10:20:00 AM,RTD,8/24/2026 10:25:00 AM,VISLUZ1,Y,-100,100,,
8/24/2026 10:25:00 AM,RTD,8/24/2026 10:30:00 AM,MINVIS1,N,149.23,-149.23,,
8/24/2026 10:25:00 AM,RTD,8/24/2026 10:30:00 AM,VISLUZ1,Y,-100,100,,
8/24/2026 10:30:00 AM,RTD,8/24/2026 10:35:00 AM,MINVIS1,N,149.60,-149.60,,
8/24/2026 10:30:00 AM,RTD,8/24/2026 10:35:00 AM,VISLUZ1,Y,-100,100,,
8/24/2026 10:35:00 AM,RTD,8/24/2026 10:40:00 AM,MINVIS1,N,159.24,-159.24,,
8/24/2026 10:35:00 AM,RTD,8/24/2026 10:40:00 AM,VISLUZ1,Y,-100,100,,
8/24/2026 10:40:00 AM,RTD,8/24/2026 10:45:00 AM,MINVIS1,N,162.34,-162.34,,
8/24/2026 10:40:00 AM,RTD,8/24/2026 10:45:00 AM,VISLUZ1,Y,-100,100,,
8/24/2026 10:45:00 AM,RTD,8/24/2026 10:50:00 AM,MINVIS1,N,159.31,-159.31,,
8/24/2026 10:45:00 AM,RTD,8/24/2026 10:50:00 AM,VISLUZ1,Y,-100,100,,
8/24/2026 10:50:00 AM,RTD,8/24/2026 10:55:00 AM,MINVIS1,N,166.53,-166.53,,
8/24/2026 10:50:00 AM,RTD,8/24/2026 10:55:00 AM,VISLUZ1,Y,-100,100,,
8/24/2026 10:55:00 AM,RTD,8/24/2026 11:00:00 AM,MINVIS1,N,156.85,-156.85,,
8/24/2026 10:55:00 AM,RTD,8/24/2026 11:00:00 AM,VISLUZ1,Y,-100,100,,
8/24/2026 11:00:00 AM,RTD,8/24/2026 11:05:00 AM,MINVIS1,N,159.04,-159.04,,
8/24/2026 11:00:00 AM,RTD,8/24/2026 11:05:00 AM,VISLUZ1,Y,-100,100,,
8/24/2026 11:05:00 AM,RTD,8/24/2026 11:10:00 AM,MINVIS1,N,163.13,-163.13,,
8/24/2026 11:05:00 AM,RTD,8/24/2026 11:10:00 AM,VISLUZ1,Y,-100,100,,
8/24/2026 11:10:00 AM,RTD,8/24/2026 11:15:00 AM,MINVIS1,N,164.90,-164.90,,
8/24/2026 11:10:00 AM,RTD,8/24/2026 11:15:00 AM,VISLUZ1,Y,-100,100,,
8/24/2026 11:15:00 AM,RTD,8/24/2026 11:20:00 AM,MINVIS1,N,163.23,-163.23,,
8/24/2026 11:15:00 AM,RTD,8/24/2026 11:20:00 AM,VISLUZ1,Y,-100,100,,
8/24/2026 11:20:00 AM,RTD,8/24/2026 11:25:00 AM,MINVIS1,N,154.18,-154.18,,
8/24/2026 11:20:00 AM,RTD,8/24/2026 11:25:00 AM,VISLUZ1,Y,-100,100,,
8/24/2026 11:25:00 AM,RTD,8/24/2026 11:30:00 AM,MINVIS1,N,143.33,-143.33,,
8/24/2026 11:25:00 AM,RTD,8/24/2026 11:30:00 AM,VISLUZ1,Y,-100,100,,
8/24/2026 11:30:00 AM,RTD,8/24/2026 11:35:00 AM,MINVIS1,N,140.61,-140.61,,
8/24/2026 11:30:00 AM,RTD,8/24/2026 11:35:00 AM,VISLUZ1,Y,-100,100,,
8/24/2026 11:35:00 AM,RTD,8/24/2026 11:40:00 AM,MINVIS1,N,161.48,-161.48,,
8/24/2026 11:35:00 AM,RTD,8/24/2026 11:40:00 AM,VISLUZ1,Y,-100,100,,
8/24/2026 11:40:00 AM,RTD,8/24/2026 11:45:00 AM,MINVIS1,N,147.48,-147.48,,
8/24/2026 11:40:00 AM,RTD,8/24/2026 11:45:00 AM,VISLUZ1,Y,-100,100,,
8/24/2026 11:45:00 AM,RTD,8/24/2026 11:50:00 AM,MINVIS1,N,151.62,-151.62,,
8/24/2026 11:45:00 AM,RTD,8/24/2026 11:50:00 AM,VISLUZ1,Y,-100,100,,
8/24/2026 11:50:00 AM,RTD,8/24/2026 11:55:00 AM,MINVIS1,N,153.11,-153.11,,
8/24/2026 11:50:00 AM,RTD,8/24/2026 11:55:00 AM,VISLUZ1,Y,-100,100,,
8/24/2026 11:55:00 AM,RTD,8/24/2026 12:00:00 PM,MINVIS1,N,152.16,-152.16,,
8/24/2026 11:55:00 AM,RTD,8/24/2026 12:00:00 PM,VISLUZ1,Y,-100,100,,
8/24/2026 12:00:00 PM,RTD,8/24/2026 12:05:00 PM,MINVIS1,N,134.34,-134.34,,
8/24/2026 12:00:00 PM,RTD,8/24/2026 12:05:00 PM,VISLUZ1,Y,-100,100,,
8/24/2026 12:05:00 PM,RTD,8/24/2026 12:10:00 PM,MINVIS1,N,128.58,-128.58,,
8/24/2026 12:05:00 PM,RTD,8/24/2026 12:10:00 PM,VISLUZ1,Y,-100,100,,
8/24/2026 12:10:00 PM,RTD,8/24/2026 12:15:00 PM,MINVIS1,N,138.19,-138.19,,
8/24/2026 12:10:00 PM,RTD,8/24/2026 12:15:00 PM,VISLUZ1,Y,-100,100,,
8/24/2026 12:15:00 PM,RTD,8/24/2026 12:20:00 PM,MINVIS1,N,135.86,-135.86,,
8/24/2026 12:15:00 PM,RTD,8/24/2026 12:20:00 PM,VISLUZ1,Y,-100,100,,
8/24/2026 12:20:00 PM,RTD,8/24/2026 12:25:00 PM,MINVIS1,N,127,-127,,
8/24/2026 12:20:00 PM,RTD,8/24/2026 12:25:00 PM,VISLUZ1,Y,-100,100,,
8/24/2026 12:25:00 PM,RTD,8/24/2026 12:30:00 PM,MINVIS1,N,128.21,-128.21,,
8/24/2026 12:25:00 PM,RTD,8/24/2026 12:30:00 PM,VISLUZ1,Y,-100,100,,
8/24/2026 12:30:00 PM,RTD,8/24/2026 12:35:00 PM,MINVIS1,N,129.27,-129.27,,
8/24/2026 12:30:00 PM,RTD,8/24/2026 12:35:00 PM,VISLUZ1,Y,-100,100,,
8/24/2026 12:35:00 PM,RTD,8/24/2026 12:40:00 PM,MINVIS1,N,125.49,-125.49,,
8/24/2026 12:35:00 PM,RTD,8/24/2026 12:40:00 PM,VISLUZ1,Y,-100,100,,
8/24/2026 12:40:00 PM,RTD,8/24/2026 12:45:00 PM,MINVIS1,N,112.74,-112.74,,
8/24/2026 12:40:00 PM,RTD,8/24/2026 12:45:00 PM,VISLUZ1,Y,-100,100,,
8/24/2026 12:45:00 PM,RTD,8/24/2026 12:50:00 PM,MINVIS1,N,111.14,-111.14,,
8/24/2026 12:45:00 PM,RTD,8/24/2026 12:50:00 PM,VISLUZ1,Y,-100,100,,
8/24/2026 12:50:00 PM,RTD,8/24/2026 12:55:00 PM,MINVIS1,N,105.43,-105.43,,
8/24/2026 12:50:00 PM,RTD,8/24/2026 12:55:00 PM,VISLUZ1,Y,-100,100,,
8/24/2026 12:55:00 PM,RTD,8/24/2026 1:00:00 PM,MINVIS1,N,121.82,-121.82,,
8/24/2026 12:55:00 PM,RTD,8/24/2026 1:00:00 PM,VISLUZ1,Y,-100,100,,
8/24/2026 1:00:00 PM,RTD,8/24/2026 1:05:00 PM,MINVIS1,N,111.74,-111.74,,
8/24/2026 1:00:00 PM,RTD,8/24/2026 1:05:00 PM,VISLUZ1,Y,-100,100,,
8/24/2026 1:05:00 PM,RTD,8/24/2026 1:10:00 PM,MINVIS1,N,112.56,-112.56,,
8/24/2026 1:05:00 PM,RTD,8/24/2026 1:10:00 PM,VISLUZ1,Y,-100,100,,
8/24/2026 1:10:00 PM,RTD,8/24/2026 1:15:00 PM,MINVIS1,N,127.47,-127.47,,
8/24/2026 1:10:00 PM,RTD,8/24/2026 1:15:00 PM,VISLUZ1,Y,-100,100,,
8/24/2026 1:15:00 PM,RTD,8/24/2026 1:20:00 PM,MINVIS1,N,146.10,-146.10,,
8/24/2026 1:15:00 PM,RTD,8/24/2026 1:20:00 PM,VISLUZ1,Y,-100,100,,
8/24/2026 1:20:00 PM,RTD,8/24/2026 1:25:00 PM,MINVIS1,N,152.22,-152.22,,
8/24/2026 1:20:00 PM,RTD,8/24/2026 1:25:00 PM,VISLUZ1,Y,-100,100,,
8/24/2026 1:25:00 PM,RTD,8/24/2026 1:30:00 PM,MINVIS1,N,135.06,-135.06,,
8/24/2026 1:25:00 PM,RTD,8/24/2026 1:30:00 PM,VISLUZ1,Y,-100,100,,
8/24/2026 1:30:00 PM,RTD,8/24/2026 1:35:00 PM,MINVIS1,N,119.85,-119.85,,
8/24/2026 1:30:00 PM,RTD,8/24/2026 1:35:00 PM,VISLUZ1,Y,-100,100,,
8/24/2026 1:35:00 PM,RTD,8/24/2026 1:40:00 PM,MINVIS1,N,118.70,-118.70,,
8/24/2026 1:35:00 PM,RTD,8/24/2026 1:40:00 PM,VISLUZ1,Y,-100,100,,
8/24/2026 1:40:00 PM,RTD,8/24/2026 1:45:00 PM,MINVIS1,N,120.15,-120.15,,
8/24/2026 1:40:00 PM,RTD,8/24/2026 1:45:00 PM,VISLUZ1,Y,-100,100,,
8/24/2026 1:45:00 PM,RTD,8/24/2026 1:50:00 PM,MINVIS1,N,133.69,-133.69,,
8/24/2026 1:45:00 PM,RTD,8/24/2026 1:50:00 PM,VISLUZ1,Y,-100,100,,
8/24/2026 1:50:00 PM,RTD,8/24/2026 1:55:00 PM,MINVIS1,N,143.38,-143.38,,
8/24/2026 1:50:00 PM,RTD,8/24/2026 1:55:00 PM,VISLUZ1,Y,-100,100,,
8/24/2026 1:55:00 PM,RTD,8/24/2026 2:00:00 PM,MINVIS1,N,155.66,-155.66,,
8/24/2026 1:55:00 PM,RTD,8/24/2026 2:00:00 PM,VISLUZ1,Y,-100,100,,
8/24/2026 2:00:00 PM,RTD,8/24/2026 2:05:00 PM,MINVIS1,N,160.67,-160.67,,
8/24/2026 2:00:00 PM,RTD,8/24/2026 2:05:00 PM,VISLUZ1,Y,-100,100,,
8/24/2026 2:05:00 PM,RTD,8/24/2026 2:10:00 PM,MINVIS1,N,155.63,-155.63,,
8/24/2026 2:05:00 PM,RTD,8/24/2026 2:10:00 PM,VISLUZ1,Y,-100,100,,
8/24/2026 2:10:00 PM,RTD,8/24/2026 2:15:00 PM,MINVIS1,N,179.98,-179.98,,
8/24/2026 2:10:00 PM,RTD,8/24/2026 2:15:00 PM,VISLUZ1,Y,-50,50,,
8/24/2026 2:15:00 PM,RTD,8/24/2026 2:20:00 PM,MINVIS1,N,187.46,-187.46,,
8/24/2026 2:15:00 PM,RTD,8/24/2026 2:20:00 PM,VISLUZ1,Y,-50,50,,
8/24/2026 2:20:00 PM,RTD,8/24/2026 2:25:00 PM,MINVIS1,N,192.26,-192.26,,
8/24/2026 2:20:00 PM,RTD,8/24/2026 2:25:00 PM,VISLUZ1,Y,-50,50,,
8/24/2026 2:25:00 PM,RTD,8/24/2026 2:30:00 PM,MINVIS1,N,203.34,-203.34,,
8/24/2026 2:25:00 PM,RTD,8/24/2026 2:30:00 PM,VISLUZ1,Y,-50,50,,
8/24/2026 2:30:00 PM,RTD,8/24/2026 2:35:00 PM,MINVIS1,N,197.06,-197.06,,
8/24/2026 2:30:00 PM,RTD,8/24/2026 2:35:00 PM,VISLUZ1,Y,-50,50,,
8/24/2026 2:35:00 PM,RTD,8/24/2026 2:40:00 PM,MINVIS1,N,205.50,-205.50,,
8/24/2026 2:35:00 PM,RTD,8/24/2026 2:40:00 PM,VISLUZ1,Y,-50,50,,
8/24/2026 2:40:00 PM,RTD,8/24/2026 2:45:00 PM,MINVIS1,N,202.93,-202.93,,
8/24/2026 2:40:00 PM,RTD,8/24/2026 2:45:00 PM,VISLUZ1,Y,-50,50,,
8/24/2026 2:45:00 PM,RTD,8/24/2026 2:50:00 PM,MINVIS1,N,195.45,-195.45,,
8/24/2026 2:45:00 PM,RTD,8/24/2026 2:50:00 PM,VISLUZ1,Y,-50,50,,
8/24/2026 2:50:00 PM,RTD,8/24/2026 2:55:00 PM,MINVIS1,N,208.03,-208.03,,
8/24/2026 2:50:00 PM,RTD,8/24/2026 2:55:00 PM,VISLUZ1,Y,-50,50,,
8/24/2026 2:55:00 PM,RTD,8/24/2026 3:00:00 PM,MINVIS1,N,210.05,-210.05,,
8/24/2026 2:55:00 PM,RTD,8/24/2026 3:00:00 PM,VISLUZ1,Y,-50,50,,
8/24/2026 3:00:00 PM,RTD,8/24/2026 3:05:00 PM,MINVIS1,N,225.66,-225.66,,
8/24/2026 3:00:00 PM,RTD,8/24/2026 3:05:00 PM,VISLUZ1,Y,-50,50,,
8/24/2026 3:05:00 PM,RTD,8/24/2026 3:10:00 PM,MINVIS1,N,225.37,-225.37,,
8/24/2026 3:05:00 PM,RTD,8/24/2026 3:10:00 PM,VISLUZ1,Y,-50,50,,
8/24/2026 3:10:00 PM,RTD,8/24/2026 3:15:00 PM,MINVIS1,N,220.22,-220.22,,
8/24/2026 3:10:00 PM,RTD,8/24/2026 3:15:00 PM,VISLUZ1,Y,-50,50,,
8/24/2026 3:15:00 PM,RTD,8/24/2026 3:20:00 PM,MINVIS1,N,235.29,-235.29,,
8/24/2026 3:15:00 PM,RTD,8/24/2026 3:20:00 PM,VISLUZ1,Y,-50,50,,
8/24/2026 3:20:00 PM,RTD,8/24/2026 3:25:00 PM,MINVIS1,N,236.27,-236.27,,
8/24/2026 3:20:00 PM,RTD,8/24/2026 3:25:00 PM,VISLUZ1,Y,-50,50,,
8/24/2026 3:25:00 PM,RTD,8/24/2026 3:30:00 PM,MINVIS1,N,244.15,-244.15,,
8/24/2026 3:25:00 PM,RTD,8/24/2026 3:30:00 PM,VISLUZ1,Y,-50,50,,
8/24/2026 3:30:00 PM,RTD,8/24/2026 3:35:00 PM,MINVIS1,N,220.76,-220.76,,
8/24/2026 3:30:00 PM,RTD,8/24/2026 3:35:00 PM,VISLUZ1,Y,-50,50,,
8/24/2026 3:35:00 PM,RTD,8/24/2026 3:40:00 PM,MINVIS1,N,229.38,-229.38,,
8/24/2026 3:35:00 PM,RTD,8/24/2026 3:40:00 PM,VISLUZ1,Y,-50,50,,
8/24/2026 3:40:00 PM,RTD,8/24/2026 3:45:00 PM,MINVIS1,N,217.94,-217.94,,
8/24/2026 3:40:00 PM,RTD,8/24/2026 3:45:00 PM,VISLUZ1,Y,-50,50,,
8/24/2026 3:45:00 PM,RTD,8/24/2026 3:50:00 PM,MINVIS1,N,217.55,-217.55,,
8/24/2026 3:45:00 PM,RTD,8/24/2026 3:50:00 PM,VISLUZ1,Y,-50,50,,
8/24/2026 3:50:00 PM,RTD,8/24/2026 3:55:00 PM,MINVIS1,N,219.09,-219.09,,
8/24/2026 3:50:00 PM,RTD,8/24/2026 3:55:00 PM,VISLUZ1,Y,-50,50,,
8/24/2026 3:55:00 PM,RTD,8/24/2026 4:00:00 PM,MINVIS1,N,222.43,-222.43,,
8/24/2026 3:55:00 PM,RTD,8/24/2026 4:00:00 PM,VISLUZ1,Y,-50,50,,
8/24/2026 4:00:00 PM,RTD,8/24/2026 4:05:00 PM,MINVIS1,N,237.93,-237.93,,
8/24/2026 4:00:00 PM,RTD,8/24/2026 4:05:00 PM,VISLUZ1,Y,-50,50,,
8/24/2026 4:05:00 PM,RTD,8/24/2026 4:10:00 PM,MINVIS1,N,241.01,-241.01,,
8/24/2026 4:05:00 PM,RTD,8/24/2026 4:10:00 PM,VISLUZ1,Y,-50,50,,
8/24/2026 4:10:00 PM,RTD,8/24/2026 4:15:00 PM,MINVIS1,N,269.03,-269.03,,
8/24/2026 4:10:00 PM,RTD,8/24/2026 4:15:00 PM,VISLUZ1,Y,-50,50,,
8/24/2026 4:15:00 PM,RTD,8/24/2026 4:20:00 PM,MINVIS1,N,282.20,-282.20,,
8/24/2026 4:15:00 PM,RTD,8/24/2026 4:20:00 PM,VISLUZ1,Y,-50,50,,
8/24/2026 4:20:00 PM,RTD,8/24/2026 4:25:00 PM,MINVIS1,N,296.50,-296.50,,
8/24/2026 4:20:00 PM,RTD,8/24/2026 4:25:00 PM,VISLUZ1,Y,-50,50,,
8/24/2026 4:25:00 PM,RTD,8/24/2026 4:30:00 PM,MINVIS1,N,305.68,-305.68,,
8/24/2026 4:25:00 PM,RTD,8/24/2026 4:30:00 PM,VISLUZ1,Y,-50,50,,
8/24/2026 4:30:00 PM,RTD,8/24/2026 4:35:00 PM,MINVIS1,N,314.28,-314.28,,
8/24/2026 4:30:00 PM,RTD,8/24/2026 4:35:00 PM,VISLUZ1,Y,-50,50,,
8/24/2026 4:35:00 PM,RTD,8/24/2026 4:40:00 PM,MINVIS1,N,316.84,-316.84,,
8/24/2026 4:35:00 PM,RTD,8/24/2026 4:40:00 PM,VISLUZ1,Y,-50,50,,
8/24/2026 4:40:00 PM,RTD,8/24/2026 4:45:00 PM,MINVIS1,N,321.42,-321.42,,
8/24/2026 4:40:00 PM,RTD,8/24/2026 4:45:00 PM,VISLUZ1,Y,-50,50,,
8/24/2026 4:45:00 PM,RTD,8/24/2026 4:50:00 PM,MINVIS1,N,312.60,-312.60,,
8/24/2026 4:45:00 PM,RTD,8/24/2026 4:50:00 PM,VISLUZ1,Y,-50,50,,
8/24/2026 4:50:00 PM,RTD,8/24/2026 4:55:00 PM,MINVIS1,N,310.44,-310.44,,
8/24/2026 4:50:00 PM,RTD,8/24/2026 4:55:00 PM,VISLUZ1,Y,-50,50,,
8/24/2026 4:55:00 PM,RTD,8/24/2026 5:00:00 PM,MINVIS1,N,304.63,-304.63,,
8/24/2026 4:55:00 PM,RTD,8/24/2026 5:00:00 PM,VISLUZ1,Y,-50,50,,
8/24/2026 5:00:00 PM,RTD,8/24/2026 5:05:00 PM,MINVIS1,N,311.27,-311.27,,
8/24/2026 5:00:00 PM,RTD,8/24/2026 5:05:00 PM,VISLUZ1,Y,-50,50,,
8/24/2026 5:05:00 PM,RTD,8/24/2026 5:10:00 PM,MINVIS1,N,330.59,-330.59,,
8/24/2026 5:05:00 PM,RTD,8/24/2026 5:10:00 PM,VISLUZ1,Y,-50,50,,
8/24/2026 5:10:00 PM,RTD,8/24/2026 5:15:00 PM,MINVIS1,N,338.37,-338.37,,
8/24/2026 5:10:00 PM,RTD,8/24/2026 5:15:00 PM,VISLUZ1,Y,-50,50,,
8/24/2026 5:15:00 PM,RTD,8/24/2026 5:20:00 PM,MINVIS1,N,367.73,-367.73,,
8/24/2026 5:15:00 PM,RTD,8/24/2026 5:20:00 PM,VISLUZ1,Y,-50,50,,
8/24/2026 5:20:00 PM,RTD,8/24/2026 5:25:00 PM,MINVIS1,N,378.35,-378.35,,
8/24/2026 5:20:00 PM,RTD,8/24/2026 5:25:00 PM,VISLUZ1,Y,-50,50,,
8/24/2026 5:25:00 PM,RTD,8/24/2026 5:30:00 PM,MINVIS1,N,393.28,-393.28,,
8/24/2026 5:25:00 PM,RTD,8/24/2026 5:30:00 PM,VISLUZ1,Y,-50,50,,
8/24/2026 5:30:00 PM,RTD,8/24/2026 5:35:00 PM,MINVIS1,N,397.89,-397.89,,
8/24/2026 5:30:00 PM,RTD,8/24/2026 5:35:00 PM,VISLUZ1,Y,-50,50,,
8/24/2026 5:35:00 PM,RTD,8/24/2026 5:40:00 PM,MINVIS1,N,352.21,-352.21,,
8/24/2026 5:35:00 PM,RTD,8/24/2026 5:40:00 PM,VISLUZ1,Y,-50,50,,
8/24/2026 5:40:00 PM,RTD,8/24/2026 5:45:00 PM,MINVIS1,N,336.39,-336.39,,
8/24/2026 5:40:00 PM,RTD,8/24/2026 5:45:00 PM,VISLUZ1,Y,-50,50,,
8/24/2026 5:45:00 PM,RTD,8/24/2026 5:50:00 PM,MINVIS1,N,359.68,-359.68,,
8/24/2026 5:45:00 PM,RTD,8/24/2026 5:50:00 PM,VISLUZ1,Y,-50,50,,
8/24/2026 5:50:00 PM,RTD,8/24/2026 5:55:00 PM,MINVIS1,N,382.61,-382.61,,
8/24/2026 5:50:00 PM,RTD,8/24/2026 5:55:00 PM,VISLUZ1,Y,-50,50,,
8/24/2026 5:55:00 PM,RTD,8/24/2026 6:00:00 PM,MINVIS1,N,394.75,-394.75,,
8/24/2026 5:55:00 PM,RTD,8/24/2026 6:00:00 PM,VISLUZ1,Y,-50,50,,
8/24/2026 6:00:00 PM,RTD,8/24/2026 6:05:00 PM,MINVIS1,N,403.54,-403.54,,
8/24/2026 6:00:00 PM,RTD,8/24/2026 6:05:00 PM,VISLUZ1,Y,-50,50,,
8/24/2026 6:05:00 PM,RTD,8/24/2026 6:10:00 PM,MINVIS1,N,434.23,-434.23,,
8/24/2026 6:05:00 PM,RTD,8/24/2026 6:10:00 PM,VISLUZ1,Y,-50,50,,
8/24/2026 6:10:00 PM,RTD,8/24/2026 6:15:00 PM,MINVIS1,Y,450,-450,,
8/24/2026 6:10:00 PM,RTD,8/24/2026 6:15:00 PM,VISLUZ1,Y,-50,50,,
8/24/2026 6:15:00 PM,RTD,8/24/2026 6:20:00 PM,MINVIS1,Y,450,-450,,
8/24/2026 6:15:00 PM,RTD,8/24/2026 6:20:00 PM,VISLUZ1,Y,-50,50,,
8/24/2026 6:20:00 PM,RTD,8/24/2026 6:25:00 PM,MINVIS1,Y,450,-450,,
8/24/2026 6:20:00 PM,RTD,8/24/2026 6:25:00 PM,VISLUZ1,Y,-50,50,,
8/24/2026 6:25:00 PM,RTD,8/24/2026 6:30:00 PM,MINVIS1,N,396.72,-396.72,,
8/24/2026 6:25:00 PM,RTD,8/24/2026 6:30:00 PM,VISLUZ1,Y,-50,50,,
8/24/2026 6:30:00 PM,RTD,8/24/2026 6:35:00 PM,MINVIS1,N,395.17,-395.17,,
8/24/2026 6:30:00 PM,RTD,8/24/2026 6:35:00 PM,VISLUZ1,Y,-50,50,,
8/24/2026 6:35:00 PM,RTD,8/24/2026 6:40:00 PM,MINVIS1,N,384.51,-384.51,,
8/24/2026 6:35:00 PM,RTD,8/24/2026 6:40:00 PM,VISLUZ1,Y,-50,50,,
8/24/2026 6:40:00 PM,RTD,8/24/2026 6:45:00 PM,MINVIS1,N,380.56,-380.56,,
8/24/2026 6:40:00 PM,RTD,8/24/2026 6:45:00 PM,VISLUZ1,Y,-50,50,,
8/24/2026 6:45:00 PM,RTD,8/24/2026 6:50:00 PM,MINVIS1,N,373.74,-373.74,,
8/24/2026 6:45:00 PM,RTD,8/24/2026 6:50:00 PM,VISLUZ1,Y,-50,50,,
8/24/2026 6:50:00 PM,RTD,8/24/2026 6:55:00 PM,MINVIS1,N,370.41,-370.41,,
8/24/2026 6:50:00 PM,RTD,8/24/2026 6:55:00 PM,VISLUZ1,Y,-50,50,,
8/24/2026 6:55:00 PM,RTD,8/24/2026 7:00:00 PM,MINVIS1,N,368.08,-368.08,,
8/24/2026 6:55:00 PM,RTD,8/24/2026 7:00:00 PM,VISLUZ1,Y,-50,50,,
8/24/2026 7:00:00 PM,RTD,8/24/2026 7:05:00 PM,MINVIS1,N,348.23,-348.23,,
8/24/2026 7:00:00 PM,RTD,8/24/2026 7:05:00 PM,VISLUZ1,Y,-50,50,,
8/24/2026 7:05:00 PM,RTD,8/24/2026 7:10:00 PM,MINVIS1,N,354.28,-354.28,,
8/24/2026 7:05:00 PM,RTD,8/24/2026 7:10:00 PM,VISLUZ1,Y,-50,50,,
8/24/2026 7:10:00 PM,RTD,8/24/2026 7:15:00 PM,MINVIS1,N,367.67,-367.67,,
8/24/2026 7:10:00 PM,RTD,8/24/2026 7:15:00 PM,VISLUZ1,Y,-50,50,,
8/24/2026 7:15:00 PM,RTD,8/24/2026 7:20:00 PM,MINVIS1,N,377.13,-377.13,,
8/24/2026 7:15:00 PM,RTD,8/24/2026 7:20:00 PM,VISLUZ1,Y,-50,50,,
8/24/2026 7:20:00 PM,RTD,8/24/2026 7:25:00 PM,MINVIS1,N,397.14,-397.14,,
8/24/2026 7:20:00 PM,RTD,8/24/2026 7:25:00 PM,VISLUZ1,Y,-50,50,,
8/24/2026 7:25:00 PM,RTD,8/24/2026 7:30:00 PM,MINVIS1,N,407.88,-407.88,,
8/24/2026 7:25:00 PM,RTD,8/24/2026 7:30:00 PM,VISLUZ1,Y,-50,50,,
8/24/2026 7:30:00 PM,RTD,8/24/2026 7:35:00 PM,MINVIS1,N,411.63,-411.63,,
8/24/2026 7:30:00 PM,RTD,8/24/2026 7:35:00 PM,VISLUZ1,Y,-50,50,,
8/24/2026 7:35:00 PM,RTD,8/24/2026 7:40:00 PM,MINVIS1,N,380.92,-380.92,,
8/24/2026 7:35:00 PM,RTD,8/24/2026 7:40:00 PM,VISLUZ1,Y,-50,50,,
8/24/2026 7:40:00 PM,RTD,8/24/2026 7:45:00 PM,MINVIS1,N,382.08,-382.08,,
8/24/2026 7:40:00 PM,RTD,8/24/2026 7:45:00 PM,VISLUZ1,Y,-50,50,,
8/24/2026 7:45:00 PM,RTD,8/24/2026 7:50:00 PM,MINVIS1,N,378.65,-378.65,,
8/24/2026 7:45:00 PM,RTD,8/24/2026 7:50:00 PM,VISLUZ1,Y,-50,50,,
8/24/2026 7:50:00 PM,RTD,8/24/2026 7:55:00 PM,MINVIS1,N,360.62,-360.62,,
8/24/2026 7:50:00 PM,RTD,8/24/2026 7:55:00 PM,VISLUZ1,Y,-50,50,,
8/24/2026 7:55:00 PM,RTD,8/24/2026 8:00:00 PM,MINVIS1,N,357.97,-357.97,,
8/24/2026 7:55:00 PM,RTD,8/24/2026 8:00:00 PM,VISLUZ1,Y,-50,50,,
8/24/2026 8:00:00 PM,RTD,8/24/2026 8:05:00 PM,MINVIS1,N,353.91,-353.91,,
8/24/2026 8:00:00 PM,RTD,8/24/2026 8:05:00 PM,VISLUZ1,Y,-50,50,,
8/24/2026 8:05:00 PM,RTD,8/24/2026 8:10:00 PM,MINVIS1,N,375.73,-375.73,,
8/24/2026 8:05:00 PM,RTD,8/24/2026 8:10:00 PM,VISLUZ1,Y,-50,50,,
8/24/2026 8:10:00 PM,RTD,8/24/2026 8:15:00 PM,MINVIS1,N,386.31,-386.31,,
8/24/2026 8:10:00 PM,RTD,8/24/2026 8:15:00 PM,VISLUZ1,Y,-50,50,,
8/24/2026 8:15:00 PM,RTD,8/24/2026 8:20:00 PM,MINVIS1,N,393.69,-393.69,,
8/24/2026 8:15:00 PM,RTD,8/24/2026 8:20:00 PM,VISLUZ1,Y,-50,50,,
8/24/2026 8:20:00 PM,RTD,8/24/2026 8:25:00 PM,MINVIS1,N,396.61,-396.61,,
8/24/2026 8:20:00 PM,RTD,8/24/2026 8:25:00 PM,VISLUZ1,Y,-50,50,,
8/24/2026 8:25:00 PM,RTD,8/24/2026 8:30:00 PM,MINVIS1,N,394.36,-394.36,,
8/24/2026 8:25:00 PM,RTD,8/24/2026 8:30:00 PM,VISLUZ1,Y,-50,50,,
8/24/2026 8:30:00 PM,RTD,8/24/2026 8:35:00 PM,MINVIS1,N,392.53,-392.53,,
8/24/2026 8:30:00 PM,RTD,8/24/2026 8:35:00 PM,VISLUZ1,Y,-50,50,,
8/24/2026 8:35:00 PM,RTD,8/24/2026 8:40:00 PM,MINVIS1,N,394.97,-394.97,,
8/24/2026 8:35:00 PM,RTD,8/24/2026 8:40:00 PM,VISLUZ1,Y,-50,50,,
8/24/2026 8:40:00 PM,RTD,8/24/2026 8:45:00 PM,MINVIS1,N,399.94,-399.94,,
8/24/2026 8:40:00 PM,RTD,8/24/2026 8:45:00 PM,VISLUZ1,Y,-50,50,,
8/24/2026 8:45:00 PM,RTD,8/24/2026 8:50:00 PM,MINVIS1,N,409.89,-409.89,,
8/24/2026 8:45:00 PM,RTD,8/24/2026 8:50:00 PM,VISLUZ1,Y,-50,50,,
8/24/2026 8:50:00 PM,RTD,8/24/2026 8:55:00 PM,MINVIS1,N,409.51,-409.51,,
8/24/2026 8:50:00 PM,RTD,8/24/2026 8:55:00 PM,VISLUZ1,Y,-50,50,,
8/24/2026 8:55:00 PM,RTD,8/24/2026 9:00:00 PM,MINVIS1,N,422.60,-422.60,,
8/24/2026 8:55:00 PM,RTD,8/24/2026 9:00:00 PM,VISLUZ1,Y,-50,50,,
8/24/2026 9:00:00 PM,RTD,8/24/2026 9:05:00 PM,MINVIS1,N,421.21,-421.21,,
8/24/2026 9:00:00 PM,RTD,8/24/2026 9:05:00 PM,VISLUZ1,Y,-50,50,,
8/24/2026 9:05:00 PM,RTD,8/24/2026 9:10:00 PM,MINVIS1,N,424.42,-424.42,,
8/24/2026 9:05:00 PM,RTD,8/24/2026 9:10:00 PM,VISLUZ1,Y,-50,50,,
8/24/2026 9:10:00 PM,RTD,8/24/2026 9:15:00 PM,MINVIS1,N,426.52,-426.52,,
8/24/2026 9:10:00 PM,RTD,8/24/2026 9:15:00 PM,VISLUZ1,Y,-50,50,,
8/24/2026 9:15:00 PM,RTD,8/24/2026 9:20:00 PM,MINVIS1,Y,450,-450,,
8/24/2026 9:15:00 PM,RTD,8/24/2026 9:20:00 PM,VISLUZ1,Y,-50,50,,
8/24/2026 9:20:00 PM,RTD,8/24/2026 9:25:00 PM,MINVIS1,Y,450,-450,,
8/24/2026 9:20:00 PM,RTD,8/24/2026 9:25:00 PM,VISLUZ1,Y,-50,50,,
8/24/2026 9:25:00 PM,RTD,8/24/2026 9:30:00 PM,MINVIS1,Y,450,-450,,
8/24/2026 9:25:00 PM,RTD,8/24/2026 9:30:00 PM,VISLUZ1,Y,-50,50,,
8/24/2026 9:30:00 PM,RTD,8/24/2026 9:35:00 PM,MINVIS1,Y,450,-450,,
8/24/2026 9:30:00 PM,RTD,8/24/2026 9:35:00 PM,VISLUZ1,Y,-50,50,,
8/24/2026 9:35:00 PM,RTD,8/24/2026 9:40:00 PM,MINVIS1,Y,450,-450,,
8/24/2026 9:35:00 PM,RTD,8/24/2026 9:40:00 PM,VISLUZ1,Y,-50,50,,
8/24/2026 9:40:00 PM,RTD,8/24/2026 9:45:00 PM,MINVIS1,Y,450,-450,,
8/24/2026 9:40:00 PM,RTD,8/24/2026 9:45:00 PM,VISLUZ1,Y,-50,50,,
8/24/2026 9:45:00 PM,RTD,8/24/2026 9:50:00 PM,MINVIS1,Y,450,-450,,
8/24/2026 9:45:00 PM,RTD,8/24/2026 9:50:00 PM,VISLUZ1,Y,-50,50,,
8/24/2026 9:50:00 PM,RTD,8/24/2026 9:55:00 PM,MINVIS1,Y,450,-450,,
8/24/2026 9:50:00 PM,RTD,8/24/2026 9:55:00 PM,VISLUZ1,Y,-50,50,,
8/24/2026 9:55:00 PM,RTD,8/24/2026 10:00:00 PM,MINVIS1,Y,450,-450,,
8/24/2026 9:55:00 PM,RTD,8/24/2026 10:00:00 PM,VISLUZ1,Y,-50,50,,
8/24/2026 10:00:00 PM,RTD,8/24/2026 10:05:00 PM,MINVIS1,Y,450,-450,,
8/24/2026 10:00:00 PM,RTD,8/24/2026 10:05:00 PM,VISLUZ1,Y,-50,50,,
8/24/2026 10:05:00 PM,RTD,8/24/2026 10:10:00 PM,MINVIS1,Y,450,-450,,
8/24/2026 10:05:00 PM,RTD,8/24/2026 10:10:00 PM,VISLUZ1,Y,-50,50,,
8/24/2026 10:10:00 PM,RTD,8/24/2026 10:15:00 PM,MINVIS1,Y,450,-450,,
8/24/2026 10:10:00 PM,RTD,8/24/2026 10:15:00 PM,VISLUZ1,Y,-50,50,,
8/24/2026 10:15:00 PM,RTD,8/24/2026 10:20:00 PM,MINVIS1,Y,450,-450,,
8/24/2026 10:15:00 PM,RTD,8/24/2026 10:20:00 PM,VISLUZ1,Y,-50,50,,
8/24/2026 10:20:00 PM,RTD,8/24/2026 10:25:00 PM,MINVIS1,Y,450,-450,,
8/24/2026 10:20:00 PM,RTD,8/24/2026 10:25:00 PM,VISLUZ1,Y,-50,50,,
8/24/2026 10:25:00 PM,RTD,8/24/2026 10:30:00 PM,MINVIS1,Y,450,-450,,
8/24/2026 10:25:00 PM,RTD,8/24/2026 10:30:00 PM,VISLUZ1,Y,-50,50,,
8/24/2026 10:30:00 PM,RTD,8/24/2026 10:35:00 PM,MINVIS1,Y,450,-450,,
8/24/2026 10:30:00 PM,RTD,8/24/2026 10:35:00 PM,VISLUZ1,Y,-50,50,,
8/24/2026 10:35:00 PM,RTD,8/24/2026 10:40:00 PM,MINVIS1,Y,450,-450,,
8/24/2026 10:35:00 PM,RTD,8/24/2026 10:40:00 PM,VISLUZ1,Y,-50,50,,
8/24/2026 10:40:00 PM,RTD,8/24/2026 10:45:00 PM,MINVIS1,Y,450,-450,,
8/24/2026 10:40:00 PM,RTD,8/24/2026 10:45:00 PM,VISLUZ1,Y,-50,50,,
8/24/2026 10:45:00 PM,RTD,8/24/2026 10:50:00 PM,MINVIS1,Y,450,-450,,
8/24/2026 10:45:00 PM,RTD,8/24/2026 10:50:00 PM,VISLUZ1,Y,-50,50,,
8/24/2026 10:50:00 PM,RTD,8/24/2026 10:55:00 PM,MINVIS1,Y,450,-450,,
8/24/2026 10:50:00 PM,RTD,8/24/2026 10:55:00 PM,VISLUZ1,Y,-50,50,,
8/24/2026 10:55:00 PM,RTD,8/24/2026 11:00:00 PM,MINVIS1,Y,450,-450,,
8/24/2026 10:55:00 PM,RTD,8/24/2026 11:00:00 PM,VISLUZ1,Y,-50,50,,
8/24/2026 11:00:00 PM,RTD,8/24/2026 11:05:00 PM,MINVIS1,N,448.35,-448.35,,
8/24/2026 11:00:00 PM,RTD,8/24/2026 11:05:00 PM,VISLUZ1,Y,-50,50,,
8/24/2026 11:05:00 PM,RTD,8/24/2026 11:10:00 PM,MINVIS1,N,447.63,-447.63,,
8/24/2026 11:05:00 PM,RTD,8/24/2026 11:10:00 PM,VISLUZ1,Y,-50,50,,
8/24/2026 11:10:00 PM,RTD,8/24/2026 11:15:00 PM,MINVIS1,Y,450,-450,,
8/24/2026 11:10:00 PM,RTD,8/24/2026 11:15:00 PM,VISLUZ1,Y,-50,50,,
8/24/2026 11:15:00 PM,RTD,8/24/2026 11:20:00 PM,MINVIS1,Y,450,-450,,
8/24/2026 11:15:00 PM,RTD,8/24/2026 11:20:00 PM,VISLUZ1,Y,-50,50,,
8/24/2026 11:20:00 PM,RTD,8/24/2026 11:25:00 PM,MINVIS1,Y,450,-450,,
8/24/2026 11:20:00 PM,RTD,8/24/2026 11:25:00 PM,VISLUZ1,Y,-50,50,,
8/24/2026 11:25:00 PM,RTD,8/24/2026 11:30:00 PM,MINVIS1,Y,450,-450,,
8/24/2026 11:25:00 PM,RTD,8/24/2026 11:30:00 PM,VISLUZ1,Y,-50,50,,
8/24/2026 11:30:00 PM,RTD,8/24/2026 11:35:00 PM,MINVIS1,Y,450,-450,,
8/24/2026 11:30:00 PM,RTD,8/24/2026 11:35:00 PM,VISLUZ1,Y,-50,50,,
8/24/2026 11:35:00 PM,RTD,8/24/2026 11:40:00 PM,MINVIS1,N,445.65,-445.65,,
8/24/2026 11:35:00 PM,RTD,8/24/2026 11:40:00 PM,VISLUZ1,Y,-50,50,,
8/24/2026 11:40:00 PM,RTD,8/24/2026 11:45:00 PM,MINVIS1,Y,450,-450,,
8/24/2026 11:40:00 PM,RTD,8/24/2026 11:45:00 PM,VISLUZ1,Y,-50,50,,
8/24/2026 11:45:00 PM,RTD,8/24/2026 11:50:00 PM,MINVIS1,Y,450,-450,,
8/24/2026 11:45:00 PM,RTD,8/24/2026 11:50:00 PM,VISLUZ1,Y,-50,50,,
8/24/2026 11:50:00 PM,RTD,8/24/2026 11:55:00 PM,MINVIS1,N,445.27,-445.27,,
8/24/2026 11:50:00 PM,RTD,8/24/2026 11:55:00 PM,VISLUZ1,Y,-50,50,,
8/24/2026 11:55:00 PM,RTD,8/25/2026,MINVIS1,N,434.41,-434.41,,
8/24/2026 11:55:00 PM,RTD,8/25/2026,VISLUZ1,Y,-50,50,,
EOF
