RUN_TIME,MKT_TYPE,TIME_INTERVAL,REGION_NAME,LWAP,
6/28/2026,DIPC,6/28/2026 12:05:00 AM,CLUZ,4733.1032,
6/28/2026,DIPC,6/28/2026 12:05:00 AM,CMIN,3697.2029,
6/28/2026,DIPC,6/28/2026 12:05:00 AM,CVIS,4705.7699,
6/28/2026,DIPC,6/28/2026 12:05:00 AM,SYSTEM,4587.7610,
6/28/2026 12:05:00 AM,DIPC,6/28/2026 12:10:00 AM,CLUZ,4737.2915,
6/28/2026 12:05:00 AM,DIPC,6/28/2026 12:10:00 AM,CMIN,3876.8987,
6/28/2026 12:05:00 AM,DIPC,6/28/2026 12:10:00 AM,CVIS,4710.5269,
6/28/2026 12:05:00 AM,DIPC,6/28/2026 12:10:00 AM,SYSTEM,4615.9073,
6/28/2026 12:10:00 AM,DIPC,6/28/2026 12:15:00 AM,CLUZ,4116.1227,
6/28/2026 12:10:00 AM,DIPC,6/28/2026 12:15:00 AM,CMIN,3878.9131,
6/28/2026 12:10:00 AM,DIPC,6/28/2026 12:15:00 AM,CVIS,4093.5853,
6/28/2026 12:10:00 AM,DIPC,6/28/2026 12:15:00 AM,SYSTEM,4080.5738,
6/28/2026 12:15:00 AM,DIPC,6/28/2026 12:20:00 AM,CLUZ,3724.7594,
6/28/2026 12:15:00 AM,DIPC,6/28/2026 12:20:00 AM,CMIN,3875.1728,
6/28/2026 12:15:00 AM,DIPC,6/28/2026 12:20:00 AM,CVIS,3862.3687,
6/28/2026 12:15:00 AM,DIPC,6/28/2026 12:20:00 AM,SYSTEM,3764.3270,
6/28/2026 12:20:00 AM,DIPC,6/28/2026 12:25:00 AM,CLUZ,3281.9094,
6/28/2026 12:20:00 AM,DIPC,6/28/2026 12:25:00 AM,CMIN,3874.1251,
6/28/2026 12:20:00 AM,DIPC,6/28/2026 12:25:00 AM,CVIS,4082.7424,
6/28/2026 12:20:00 AM,DIPC,6/28/2026 12:25:00 AM,SYSTEM,3473.9818,
6/28/2026 12:25:00 AM,DIPC,6/28/2026 12:30:00 AM,CLUZ,3088.9122,
6/28/2026 12:25:00 AM,DIPC,6/28/2026 12:30:00 AM,CMIN,3876.0563,
6/28/2026 12:25:00 AM,DIPC,6/28/2026 12:30:00 AM,CVIS,4082.9350,
6/28/2026 12:25:00 AM,DIPC,6/28/2026 12:30:00 AM,SYSTEM,3334.2258,
6/28/2026 12:30:00 AM,DIPC,6/28/2026 12:35:00 AM,CLUZ,3505.8570,
6/28/2026 12:30:00 AM,DIPC,6/28/2026 12:35:00 AM,CMIN,3696.4441,
6/28/2026 12:30:00 AM,DIPC,6/28/2026 12:35:00 AM,CVIS,4082.0484,
6/28/2026 12:30:00 AM,DIPC,6/28/2026 12:35:00 AM,SYSTEM,3611.3025,
6/28/2026 12:35:00 AM,DIPC,6/28/2026 12:40:00 AM,CLUZ,4731.8591,
6/28/2026 12:35:00 AM,DIPC,6/28/2026 12:40:00 AM,CMIN,3688.4768,
6/28/2026 12:35:00 AM,DIPC,6/28/2026 12:40:00 AM,CVIS,4712.3624,
6/28/2026 12:35:00 AM,DIPC,6/28/2026 12:40:00 AM,SYSTEM,4586.4315,
6/28/2026 12:40:00 AM,DIPC,6/28/2026 12:45:00 AM,CLUZ,3646.6223,
6/28/2026 12:40:00 AM,DIPC,6/28/2026 12:45:00 AM,CMIN,3642.9730,
6/28/2026 12:40:00 AM,DIPC,6/28/2026 12:45:00 AM,CVIS,3628.0345,
6/28/2026 12:40:00 AM,DIPC,6/28/2026 12:45:00 AM,SYSTEM,3643.5763,
6/28/2026 12:45:00 AM,DIPC,6/28/2026 12:50:00 AM,CLUZ,3507.8742,
6/28/2026 12:45:00 AM,DIPC,6/28/2026 12:50:00 AM,CMIN,3850.4829,
6/28/2026 12:45:00 AM,DIPC,6/28/2026 12:50:00 AM,CVIS,3830.2928,
6/28/2026 12:45:00 AM,DIPC,6/28/2026 12:50:00 AM,SYSTEM,3599.1199,
6/28/2026 12:50:00 AM,DIPC,6/28/2026 12:55:00 AM,CLUZ,3089.1157,
6/28/2026 12:50:00 AM,DIPC,6/28/2026 12:55:00 AM,CMIN,3842.3599,
6/28/2026 12:50:00 AM,DIPC,6/28/2026 12:55:00 AM,CVIS,3825.2273,
6/28/2026 12:50:00 AM,DIPC,6/28/2026 12:55:00 AM,SYSTEM,3293.5133,
6/28/2026 12:55:00 AM,DIPC,6/28/2026 1:00:00 AM,CLUZ,3277.3084,
6/28/2026 12:55:00 AM,DIPC,6/28/2026 1:00:00 AM,CMIN,3691.6389,
6/28/2026 12:55:00 AM,DIPC,6/28/2026 1:00:00 AM,CVIS,3674.3274,
6/28/2026 12:55:00 AM,DIPC,6/28/2026 1:00:00 AM,SYSTEM,3388.6437,
6/28/2026 1:00:00 AM,DIPC,6/28/2026 1:05:00 AM,CLUZ,3505.6724,
6/28/2026 1:00:00 AM,DIPC,6/28/2026 1:05:00 AM,CMIN,3837.3040,
6/28/2026 1:00:00 AM,DIPC,6/28/2026 1:05:00 AM,CVIS,3818.4949,
6/28/2026 1:00:00 AM,DIPC,6/28/2026 1:05:00 AM,SYSTEM,3593.9916,
6/28/2026 1:05:00 AM,DIPC,6/28/2026 1:10:00 AM,CLUZ,3504.7685,
6/28/2026 1:05:00 AM,DIPC,6/28/2026 1:10:00 AM,CMIN,3842.4104,
6/28/2026 1:05:00 AM,DIPC,6/28/2026 1:10:00 AM,CVIS,3823.6777,
6/28/2026 1:05:00 AM,DIPC,6/28/2026 1:10:00 AM,SYSTEM,3594.7188,
6/28/2026 1:10:00 AM,DIPC,6/28/2026 1:15:00 AM,CLUZ,2900.4703,
6/28/2026 1:10:00 AM,DIPC,6/28/2026 1:15:00 AM,CMIN,3836.2991,
6/28/2026 1:10:00 AM,DIPC,6/28/2026 1:15:00 AM,CVIS,3819.8311,
6/28/2026 1:10:00 AM,DIPC,6/28/2026 1:15:00 AM,SYSTEM,3155.2504,
6/28/2026 1:15:00 AM,DIPC,6/28/2026 1:20:00 AM,CLUZ,3085.8960,
6/28/2026 1:15:00 AM,DIPC,6/28/2026 1:20:00 AM,CMIN,3832.8289,
6/28/2026 1:15:00 AM,DIPC,6/28/2026 1:20:00 AM,CVIS,3816.4469,
6/28/2026 1:15:00 AM,DIPC,6/28/2026 1:20:00 AM,SYSTEM,3288.6894,
6/28/2026 1:20:00 AM,DIPC,6/28/2026 1:25:00 AM,CLUZ,5910.7995,
6/28/2026 1:20:00 AM,DIPC,6/28/2026 1:25:00 AM,CMIN,3834.7513,
6/28/2026 1:20:00 AM,DIPC,6/28/2026 1:25:00 AM,CVIS,5892.2795,
6/28/2026 1:20:00 AM,DIPC,6/28/2026 1:25:00 AM,SYSTEM,5625.2690,
6/28/2026 1:25:00 AM,DIPC,6/28/2026 1:30:00 AM,CLUZ,4090.5215,
6/28/2026 1:25:00 AM,DIPC,6/28/2026 1:30:00 AM,CMIN,3836.0159,
6/28/2026 1:25:00 AM,DIPC,6/28/2026 1:30:00 AM,CVIS,4077.4917,
6/28/2026 1:25:00 AM,DIPC,6/28/2026 1:30:00 AM,SYSTEM,4054.0537,
6/28/2026 1:30:00 AM,DIPC,6/28/2026 1:35:00 AM,CLUZ,3605.6273,
6/28/2026 1:30:00 AM,DIPC,6/28/2026 1:35:00 AM,CMIN,3645.13,
6/28/2026 1:30:00 AM,DIPC,6/28/2026 1:35:00 AM,CVIS,3621.4895,
6/28/2026 1:30:00 AM,DIPC,6/28/2026 1:35:00 AM,SYSTEM,3613.1658,
6/28/2026 1:35:00 AM,DIPC,6/28/2026 1:40:00 AM,CLUZ,3507.6274,
6/28/2026 1:35:00 AM,DIPC,6/28/2026 1:40:00 AM,CMIN,3640.9198,
6/28/2026 1:35:00 AM,DIPC,6/28/2026 1:40:00 AM,CVIS,3622.2244,
6/28/2026 1:35:00 AM,DIPC,6/28/2026 1:40:00 AM,SYSTEM,3541.3445,
6/28/2026 1:40:00 AM,DIPC,6/28/2026 1:45:00 AM,CLUZ,2896.8525,
6/28/2026 1:40:00 AM,DIPC,6/28/2026 1:45:00 AM,CMIN,3685.5775,
6/28/2026 1:40:00 AM,DIPC,6/28/2026 1:45:00 AM,CVIS,3663.3517,
6/28/2026 1:40:00 AM,DIPC,6/28/2026 1:45:00 AM,SYSTEM,3109.5780,
6/28/2026 1:45:00 AM,DIPC,6/28/2026 1:50:00 AM,CLUZ,3028.3902,
6/28/2026 1:45:00 AM,DIPC,6/28/2026 1:50:00 AM,CMIN,3820.5277,
6/28/2026 1:45:00 AM,DIPC,6/28/2026 1:50:00 AM,CVIS,3788.6830,
6/28/2026 1:45:00 AM,DIPC,6/28/2026 1:50:00 AM,SYSTEM,3240.7660,
6/28/2026 1:50:00 AM,DIPC,6/28/2026 1:55:00 AM,CLUZ,2902.7285,
6/28/2026 1:50:00 AM,DIPC,6/28/2026 1:55:00 AM,CMIN,3828.5052,
6/28/2026 1:50:00 AM,DIPC,6/28/2026 1:55:00 AM,CVIS,3793.5238,
6/28/2026 1:50:00 AM,DIPC,6/28/2026 1:55:00 AM,SYSTEM,3151.8473,
6/28/2026 1:55:00 AM,DIPC,6/28/2026 2:00:00 AM,CLUZ,2902.1372,
6/28/2026 1:55:00 AM,DIPC,6/28/2026 2:00:00 AM,CMIN,3820.0276,
6/28/2026 1:55:00 AM,DIPC,6/28/2026 2:00:00 AM,CVIS,3783.0446,
6/28/2026 1:55:00 AM,DIPC,6/28/2026 2:00:00 AM,SYSTEM,3148.6594,
6/28/2026 2:00:00 AM,DIPC,6/28/2026 2:05:00 AM,CLUZ,4099.90,
6/28/2026 2:00:00 AM,DIPC,6/28/2026 2:05:00 AM,CMIN,4091.1958,
6/28/2026 2:00:00 AM,DIPC,6/28/2026 2:05:00 AM,CVIS,4085.4443,
6/28/2026 2:00:00 AM,DIPC,6/28/2026 2:05:00 AM,SYSTEM,4096.7580,
6/28/2026 2:05:00 AM,DIPC,6/28/2026 2:10:00 AM,CLUZ,2953.0453,
6/28/2026 2:05:00 AM,DIPC,6/28/2026 2:10:00 AM,CMIN,3646.6307,
6/28/2026 2:05:00 AM,DIPC,6/28/2026 2:10:00 AM,CVIS,3618.9340,
6/28/2026 2:05:00 AM,DIPC,6/28/2026 2:10:00 AM,SYSTEM,3139.6026,
6/28/2026 2:10:00 AM,DIPC,6/28/2026 2:15:00 AM,CLUZ,3016.7286,
6/28/2026 2:10:00 AM,DIPC,6/28/2026 2:15:00 AM,CMIN,3825.7588,
6/28/2026 2:10:00 AM,DIPC,6/28/2026 2:15:00 AM,CVIS,3801.1172,
6/28/2026 2:10:00 AM,DIPC,6/28/2026 2:15:00 AM,SYSTEM,3235.6028,
6/28/2026 2:15:00 AM,DIPC,6/28/2026 2:20:00 AM,CLUZ,3016.4168,
6/28/2026 2:15:00 AM,DIPC,6/28/2026 2:20:00 AM,CMIN,3819.7532,
6/28/2026 2:15:00 AM,DIPC,6/28/2026 2:20:00 AM,CVIS,3795.7963,
6/28/2026 2:15:00 AM,DIPC,6/28/2026 2:20:00 AM,SYSTEM,3233.6880,
6/28/2026 2:20:00 AM,DIPC,6/28/2026 2:25:00 AM,CLUZ,4091.0117,
6/28/2026 2:20:00 AM,DIPC,6/28/2026 2:25:00 AM,CMIN,3823.2085,
6/28/2026 2:20:00 AM,DIPC,6/28/2026 2:25:00 AM,CVIS,4071.4330,
6/28/2026 2:20:00 AM,DIPC,6/28/2026 2:25:00 AM,SYSTEM,4051.4645,
6/28/2026 2:25:00 AM,DIPC,6/28/2026 2:30:00 AM,CLUZ,3019.1168,
6/28/2026 2:25:00 AM,DIPC,6/28/2026 2:30:00 AM,CMIN,3641.3850,
6/28/2026 2:25:00 AM,DIPC,6/28/2026 2:30:00 AM,CVIS,3617.5176,
6/28/2026 2:25:00 AM,DIPC,6/28/2026 2:30:00 AM,SYSTEM,3186.3757,
6/28/2026 2:30:00 AM,DIPC,6/28/2026 2:35:00 AM,CLUZ,2952.6985,
6/28/2026 2:30:00 AM,DIPC,6/28/2026 2:35:00 AM,CMIN,3638.9813,
6/28/2026 2:30:00 AM,DIPC,6/28/2026 2:35:00 AM,CVIS,3617.1348,
6/28/2026 2:30:00 AM,DIPC,6/28/2026 2:35:00 AM,SYSTEM,3137.9620,
6/28/2026 2:35:00 AM,DIPC,6/28/2026 2:40:00 AM,CLUZ,5879.1934,
6/28/2026 2:35:00 AM,DIPC,6/28/2026 2:40:00 AM,CMIN,3894.5302,
6/28/2026 2:35:00 AM,DIPC,6/28/2026 2:40:00 AM,CVIS,5861.3626,
6/28/2026 2:35:00 AM,DIPC,6/28/2026 2:40:00 AM,SYSTEM,5606.5451,
6/28/2026 2:40:00 AM,DIPC,6/28/2026 2:45:00 AM,CLUZ,4107.5805,
6/28/2026 2:40:00 AM,DIPC,6/28/2026 2:45:00 AM,CMIN,3693.6033,
6/28/2026 2:40:00 AM,DIPC,6/28/2026 2:45:00 AM,CVIS,4098.2817,
6/28/2026 2:40:00 AM,DIPC,6/28/2026 2:45:00 AM,SYSTEM,4050.0523,
6/28/2026 2:45:00 AM,DIPC,6/28/2026 2:50:00 AM,CLUZ,3632.2849,
6/28/2026 2:45:00 AM,DIPC,6/28/2026 2:50:00 AM,CMIN,3639.3329,
6/28/2026 2:45:00 AM,DIPC,6/28/2026 2:50:00 AM,CVIS,3620.9896,
6/28/2026 2:45:00 AM,DIPC,6/28/2026 2:50:00 AM,SYSTEM,3631.7206,
6/28/2026 2:50:00 AM,DIPC,6/28/2026 2:55:00 AM,CLUZ,3512.0319,
6/28/2026 2:50:00 AM,DIPC,6/28/2026 2:55:00 AM,CMIN,3528.5315,
6/28/2026 2:50:00 AM,DIPC,6/28/2026 2:55:00 AM,CVIS,3498.9143,
6/28/2026 2:50:00 AM,DIPC,6/28/2026 2:55:00 AM,SYSTEM,3512.5126,
6/28/2026 2:55:00 AM,DIPC,6/28/2026 3:00:00 AM,CLUZ,3362.8022,
6/28/2026 2:55:00 AM,DIPC,6/28/2026 3:00:00 AM,CMIN,3387.0055,
6/28/2026 2:55:00 AM,DIPC,6/28/2026 3:00:00 AM,CVIS,3347.6220,
6/28/2026 2:55:00 AM,DIPC,6/28/2026 3:00:00 AM,SYSTEM,3364.0610,
6/28/2026 3:00:00 AM,DIPC,6/28/2026 3:05:00 AM,CLUZ,3586.3754,
6/28/2026 3:00:00 AM,DIPC,6/28/2026 3:05:00 AM,CMIN,24932.1118,
6/28/2026 3:00:00 AM,DIPC,6/28/2026 3:05:00 AM,CVIS,24774.0736,
6/28/2026 3:00:00 AM,DIPC,6/28/2026 3:05:00 AM,SYSTEM,9352.2758,
6/28/2026 3:05:00 AM,DIPC,6/28/2026 3:10:00 AM,CLUZ,3479.0594,
6/28/2026 3:05:00 AM,DIPC,6/28/2026 3:10:00 AM,CMIN,4101.3632,
6/28/2026 3:05:00 AM,DIPC,6/28/2026 3:10:00 AM,CVIS,4082.7050,
6/28/2026 3:05:00 AM,DIPC,6/28/2026 3:10:00 AM,SYSTEM,3645.5335,
6/28/2026 3:10:00 AM,DIPC,6/28/2026 3:15:00 AM,CLUZ,2978.8851,
6/28/2026 3:10:00 AM,DIPC,6/28/2026 3:15:00 AM,CMIN,3911.9470,
6/28/2026 3:10:00 AM,DIPC,6/28/2026 3:15:00 AM,CVIS,3915.7212,
6/28/2026 3:10:00 AM,DIPC,6/28/2026 3:15:00 AM,SYSTEM,3232.8193,
6/28/2026 3:15:00 AM,DIPC,6/28/2026 3:20:00 AM,CLUZ,2968.7498,
6/28/2026 3:15:00 AM,DIPC,6/28/2026 3:20:00 AM,CMIN,3825.1974,
6/28/2026 3:15:00 AM,DIPC,6/28/2026 3:20:00 AM,CVIS,3836.3901,
6/28/2026 3:15:00 AM,DIPC,6/28/2026 3:20:00 AM,SYSTEM,3203.1098,
6/28/2026 3:20:00 AM,DIPC,6/28/2026 3:25:00 AM,CLUZ,3506.8019,
6/28/2026 3:20:00 AM,DIPC,6/28/2026 3:25:00 AM,CMIN,3821.1573,
6/28/2026 3:20:00 AM,DIPC,6/28/2026 3:25:00 AM,CVIS,3831.1954,
6/28/2026 3:20:00 AM,DIPC,6/28/2026 3:25:00 AM,SYSTEM,3593.4430,
6/28/2026 3:25:00 AM,DIPC,6/28/2026 3:30:00 AM,CLUZ,8674.1843,
6/28/2026 3:25:00 AM,DIPC,6/28/2026 3:30:00 AM,CMIN,4624.7825,
6/28/2026 3:25:00 AM,DIPC,6/28/2026 3:30:00 AM,CVIS,4662.9559,
6/28/2026 3:25:00 AM,DIPC,6/28/2026 3:30:00 AM,SYSTEM,7591.8754,
6/28/2026 3:30:00 AM,DIPC,6/28/2026 3:35:00 AM,CLUZ,4703.2856,
6/28/2026 3:30:00 AM,DIPC,6/28/2026 3:35:00 AM,CMIN,4012.5746,
6/28/2026 3:30:00 AM,DIPC,6/28/2026 3:35:00 AM,CVIS,4061.8249,
6/28/2026 3:30:00 AM,DIPC,6/28/2026 3:35:00 AM,SYSTEM,4525.1915,
6/28/2026 3:35:00 AM,DIPC,6/28/2026 3:40:00 AM,CLUZ,4702.9651,
6/28/2026 3:35:00 AM,DIPC,6/28/2026 3:40:00 AM,CMIN,3947.5151,
6/28/2026 3:35:00 AM,DIPC,6/28/2026 3:40:00 AM,CVIS,4073.0419,
6/28/2026 3:35:00 AM,DIPC,6/28/2026 3:40:00 AM,SYSTEM,4517.7839,
6/28/2026 3:40:00 AM,DIPC,6/28/2026 3:45:00 AM,CLUZ,4700.5932,
6/28/2026 3:40:00 AM,DIPC,6/28/2026 3:45:00 AM,CMIN,3844.8160,
6/28/2026 3:40:00 AM,DIPC,6/28/2026 3:45:00 AM,CVIS,4072.2047,
6/28/2026 3:40:00 AM,DIPC,6/28/2026 3:45:00 AM,SYSTEM,4502.3179,
6/28/2026 3:45:00 AM,DIPC,6/28/2026 3:50:00 AM,CLUZ,3891.8679,
6/28/2026 3:45:00 AM,DIPC,6/28/2026 3:50:00 AM,CMIN,3840.9588,
6/28/2026 3:45:00 AM,DIPC,6/28/2026 3:50:00 AM,CVIS,3885.9156,
6/28/2026 3:45:00 AM,DIPC,6/28/2026 3:50:00 AM,SYSTEM,3884.2648,
6/28/2026 3:50:00 AM,DIPC,6/28/2026 3:55:00 AM,CLUZ,3509.9685,
6/28/2026 3:50:00 AM,DIPC,6/28/2026 3:55:00 AM,CMIN,3479.2446,
6/28/2026 3:50:00 AM,DIPC,6/28/2026 3:55:00 AM,CVIS,3501.5351,
6/28/2026 3:50:00 AM,DIPC,6/28/2026 3:55:00 AM,SYSTEM,3504.7258,
6/28/2026 3:55:00 AM,DIPC,6/28/2026 4:00:00 AM,CLUZ,3708.0704,
6/28/2026 3:55:00 AM,DIPC,6/28/2026 4:00:00 AM,CMIN,3682.5736,
6/28/2026 3:55:00 AM,DIPC,6/28/2026 4:00:00 AM,CVIS,3699.7824,
6/28/2026 3:55:00 AM,DIPC,6/28/2026 4:00:00 AM,SYSTEM,3703.5577,
6/28/2026 4:00:00 AM,DIPC,6/28/2026 4:05:00 AM,CLUZ,3366.7802,
6/28/2026 4:00:00 AM,DIPC,6/28/2026 4:05:00 AM,CMIN,3373.0085,
6/28/2026 4:00:00 AM,DIPC,6/28/2026 4:05:00 AM,CVIS,3354.9168,
6/28/2026 4:00:00 AM,DIPC,6/28/2026 4:05:00 AM,SYSTEM,3366.0450,
6/28/2026 4:05:00 AM,DIPC,6/28/2026 4:10:00 AM,CLUZ,3671.9294,
6/28/2026 4:05:00 AM,DIPC,6/28/2026 4:10:00 AM,CMIN,3669.2417,
6/28/2026 4:05:00 AM,DIPC,6/28/2026 4:10:00 AM,CVIS,3660.1093,
6/28/2026 4:05:00 AM,DIPC,6/28/2026 4:10:00 AM,SYSTEM,3669.9963,
6/28/2026 4:10:00 AM,DIPC,6/28/2026 4:15:00 AM,CLUZ,4078.0393,
6/28/2026 4:10:00 AM,DIPC,6/28/2026 4:15:00 AM,CMIN,4044,
6/28/2026 4:10:00 AM,DIPC,6/28/2026 4:15:00 AM,CVIS,4071.7069,
6/28/2026 4:10:00 AM,DIPC,6/28/2026 4:15:00 AM,SYSTEM,4072.6024,
6/28/2026 4:15:00 AM,DIPC,6/28/2026 4:20:00 AM,CLUZ,3360.0470,
6/28/2026 4:15:00 AM,DIPC,6/28/2026 4:20:00 AM,CMIN,3356.3344,
6/28/2026 4:15:00 AM,DIPC,6/28/2026 4:20:00 AM,CVIS,3349.3051,
6/28/2026 4:15:00 AM,DIPC,6/28/2026 4:20:00 AM,SYSTEM,3358.11,
6/28/2026 4:20:00 AM,DIPC,6/28/2026 4:25:00 AM,CLUZ,3612.4117,
6/28/2026 4:20:00 AM,DIPC,6/28/2026 4:25:00 AM,CMIN,3620.6905,
6/28/2026 4:20:00 AM,DIPC,6/28/2026 4:25:00 AM,CVIS,3599.9467,
6/28/2026 4:20:00 AM,DIPC,6/28/2026 4:25:00 AM,SYSTEM,3611.8781,
6/28/2026 4:25:00 AM,DIPC,6/28/2026 4:30:00 AM,CLUZ,3197.8467,
6/28/2026 4:25:00 AM,DIPC,6/28/2026 4:30:00 AM,CMIN,3369.6312,
6/28/2026 4:25:00 AM,DIPC,6/28/2026 4:30:00 AM,CVIS,3340.5419,
6/28/2026 4:25:00 AM,DIPC,6/28/2026 4:30:00 AM,SYSTEM,3240.4210,
6/28/2026 4:30:00 AM,DIPC,6/28/2026 4:35:00 AM,CLUZ,3198.1655,
6/28/2026 4:30:00 AM,DIPC,6/28/2026 4:35:00 AM,CMIN,3366.0929,
6/28/2026 4:30:00 AM,DIPC,6/28/2026 4:35:00 AM,CVIS,3342.1411,
6/28/2026 4:30:00 AM,DIPC,6/28/2026 4:35:00 AM,SYSTEM,3240.3231,
6/28/2026 4:35:00 AM,DIPC,6/28/2026 4:40:00 AM,CLUZ,3197.6077,
6/28/2026 4:35:00 AM,DIPC,6/28/2026 4:40:00 AM,CMIN,3631.8868,
6/28/2026 4:35:00 AM,DIPC,6/28/2026 4:40:00 AM,CVIS,3606.8927,
6/28/2026 4:35:00 AM,DIPC,6/28/2026 4:40:00 AM,SYSTEM,3312.1985,
6/28/2026 4:40:00 AM,DIPC,6/28/2026 4:45:00 AM,CLUZ,3581.2102,
6/28/2026 4:40:00 AM,DIPC,6/28/2026 4:45:00 AM,CMIN,3608.3418,
6/28/2026 4:40:00 AM,DIPC,6/28/2026 4:45:00 AM,CVIS,3573.0151,
6/28/2026 4:40:00 AM,DIPC,6/28/2026 4:45:00 AM,SYSTEM,3583.8658,
6/28/2026 4:45:00 AM,DIPC,6/28/2026 4:50:00 AM,CLUZ,3348.1778,
6/28/2026 4:45:00 AM,DIPC,6/28/2026 4:50:00 AM,CMIN,3387.8401,
6/28/2026 4:45:00 AM,DIPC,6/28/2026 4:50:00 AM,CVIS,3339.7662,
6/28/2026 4:45:00 AM,DIPC,6/28/2026 4:50:00 AM,SYSTEM,3352.4894,
6/28/2026 4:50:00 AM,DIPC,6/28/2026 4:55:00 AM,CLUZ,3253.7183,
6/28/2026 4:50:00 AM,DIPC,6/28/2026 4:55:00 AM,CMIN,3828.0075,
6/28/2026 4:50:00 AM,DIPC,6/28/2026 4:55:00 AM,CVIS,3783.5227,
6/28/2026 4:50:00 AM,DIPC,6/28/2026 4:55:00 AM,SYSTEM,3403.6460,
6/28/2026 4:55:00 AM,DIPC,6/28/2026 5:00:00 AM,CLUZ,4075.0947,
6/28/2026 4:55:00 AM,DIPC,6/28/2026 5:00:00 AM,CMIN,4120.0749,
6/28/2026 4:55:00 AM,DIPC,6/28/2026 5:00:00 AM,CVIS,4066.5133,
6/28/2026 4:55:00 AM,DIPC,6/28/2026 5:00:00 AM,SYSTEM,4080.1179,
6/28/2026 5:00:00 AM,DIPC,6/28/2026 5:05:00 AM,CLUZ,15007.5934,
6/28/2026 5:00:00 AM,DIPC,6/28/2026 5:05:00 AM,CMIN,3664.7317,
6/28/2026 5:00:00 AM,DIPC,6/28/2026 5:05:00 AM,CVIS,14952.2214,
6/28/2026 5:00:00 AM,DIPC,6/28/2026 5:05:00 AM,SYSTEM,13437.3778,
6/28/2026 5:05:00 AM,DIPC,6/28/2026 5:10:00 AM,CLUZ,9034.2238,
6/28/2026 5:05:00 AM,DIPC,6/28/2026 5:10:00 AM,CMIN,3830.3461,
6/28/2026 5:05:00 AM,DIPC,6/28/2026 5:10:00 AM,CVIS,9007.8697,
6/28/2026 5:05:00 AM,DIPC,6/28/2026 5:10:00 AM,SYSTEM,8310.9759,
6/28/2026 5:10:00 AM,DIPC,6/28/2026 5:15:00 AM,CLUZ,8705.2540,
6/28/2026 5:10:00 AM,DIPC,6/28/2026 5:15:00 AM,CMIN,3666.8497,
6/28/2026 5:10:00 AM,DIPC,6/28/2026 5:15:00 AM,CVIS,8683.7089,
6/28/2026 5:10:00 AM,DIPC,6/28/2026 5:15:00 AM,SYSTEM,8004.4922,
6/28/2026 5:15:00 AM,DIPC,6/28/2026 5:20:00 AM,CLUZ,8702.7538,
6/28/2026 5:15:00 AM,DIPC,6/28/2026 5:20:00 AM,CMIN,3666.1596,
6/28/2026 5:15:00 AM,DIPC,6/28/2026 5:20:00 AM,CVIS,8682.2051,
6/28/2026 5:15:00 AM,DIPC,6/28/2026 5:20:00 AM,SYSTEM,8004.3319,
6/28/2026 5:20:00 AM,DIPC,6/28/2026 5:25:00 AM,CLUZ,4682.8021,
6/28/2026 5:20:00 AM,DIPC,6/28/2026 5:25:00 AM,CMIN,3686.2128,
6/28/2026 5:20:00 AM,DIPC,6/28/2026 5:25:00 AM,CVIS,4674.6674,
6/28/2026 5:20:00 AM,DIPC,6/28/2026 5:25:00 AM,SYSTEM,4542.6458,
6/28/2026 5:25:00 AM,DIPC,6/28/2026 5:30:00 AM,CLUZ,4680.8097,
6/28/2026 5:25:00 AM,DIPC,6/28/2026 5:30:00 AM,CMIN,3665.0638,
6/28/2026 5:25:00 AM,DIPC,6/28/2026 5:30:00 AM,CVIS,4673.3429,
6/28/2026 5:25:00 AM,DIPC,6/28/2026 5:30:00 AM,SYSTEM,4538.0970,
6/28/2026 5:30:00 AM,DIPC,6/28/2026 5:35:00 AM,CLUZ,2880.0025,
6/28/2026 5:30:00 AM,DIPC,6/28/2026 5:35:00 AM,CMIN,2912.2187,
6/28/2026 5:30:00 AM,DIPC,6/28/2026 5:35:00 AM,CVIS,2869.7177,
6/28/2026 5:30:00 AM,DIPC,6/28/2026 5:35:00 AM,SYSTEM,2883.0810,
6/28/2026 5:35:00 AM,DIPC,6/28/2026 5:40:00 AM,CLUZ,2876.4750,
6/28/2026 5:35:00 AM,DIPC,6/28/2026 5:40:00 AM,CMIN,2918.5564,
6/28/2026 5:35:00 AM,DIPC,6/28/2026 5:40:00 AM,CVIS,2860.2328,
6/28/2026 5:35:00 AM,DIPC,6/28/2026 5:40:00 AM,SYSTEM,2880.1373,
6/28/2026 5:40:00 AM,DIPC,6/28/2026 5:45:00 AM,CLUZ,3195.7609,
6/28/2026 5:40:00 AM,DIPC,6/28/2026 5:45:00 AM,CMIN,3249.67,
6/28/2026 5:40:00 AM,DIPC,6/28/2026 5:45:00 AM,CVIS,3176.6044,
6/28/2026 5:40:00 AM,DIPC,6/28/2026 5:45:00 AM,SYSTEM,3200.6924,
6/28/2026 5:45:00 AM,DIPC,6/28/2026 5:50:00 AM,CLUZ,3192.5188,
6/28/2026 5:45:00 AM,DIPC,6/28/2026 5:50:00 AM,CMIN,3248.1219,
6/28/2026 5:45:00 AM,DIPC,6/28/2026 5:50:00 AM,CVIS,3173.0074,
6/28/2026 5:45:00 AM,DIPC,6/28/2026 5:50:00 AM,SYSTEM,3197.6415,
6/28/2026 5:50:00 AM,DIPC,6/28/2026 5:55:00 AM,CLUZ,2875.7102,
6/28/2026 5:50:00 AM,DIPC,6/28/2026 5:55:00 AM,CMIN,3314.9180,
6/28/2026 5:50:00 AM,DIPC,6/28/2026 5:55:00 AM,CVIS,3229.7711,
6/28/2026 5:50:00 AM,DIPC,6/28/2026 5:55:00 AM,SYSTEM,2985.1818,
6/28/2026 5:55:00 AM,DIPC,6/28/2026 6:00:00 AM,CLUZ,2873.3386,
6/28/2026 5:55:00 AM,DIPC,6/28/2026 6:00:00 AM,CMIN,3313.9515,
6/28/2026 5:55:00 AM,DIPC,6/28/2026 6:00:00 AM,CVIS,3230.3062,
6/28/2026 5:55:00 AM,DIPC,6/28/2026 6:00:00 AM,SYSTEM,2983.5627,
6/28/2026 6:00:00 AM,DIPC,6/28/2026 6:05:00 AM,CLUZ,2093.5886,
6/28/2026 6:00:00 AM,DIPC,6/28/2026 6:05:00 AM,CMIN,2122.1657,
6/28/2026 6:00:00 AM,DIPC,6/28/2026 6:05:00 AM,CVIS,2081.6592,
6/28/2026 6:00:00 AM,DIPC,6/28/2026 6:05:00 AM,SYSTEM,2095.9559,
6/28/2026 6:05:00 AM,DIPC,6/28/2026 6:10:00 AM,CLUZ,2871.9856,
6/28/2026 6:05:00 AM,DIPC,6/28/2026 6:10:00 AM,CMIN,2914.2610,
6/28/2026 6:05:00 AM,DIPC,6/28/2026 6:10:00 AM,CVIS,2855.8088,
6/28/2026 6:05:00 AM,DIPC,6/28/2026 6:10:00 AM,SYSTEM,2875.7071,
6/28/2026 6:10:00 AM,DIPC,6/28/2026 6:15:00 AM,CLUZ,2870.3616,
6/28/2026 6:10:00 AM,DIPC,6/28/2026 6:15:00 AM,CMIN,2908.2785,
6/28/2026 6:10:00 AM,DIPC,6/28/2026 6:15:00 AM,CVIS,2856.1595,
6/28/2026 6:10:00 AM,DIPC,6/28/2026 6:15:00 AM,SYSTEM,2873.7406,
6/28/2026 6:15:00 AM,DIPC,6/28/2026 6:20:00 AM,CLUZ,500.6939,
6/28/2026 6:15:00 AM,DIPC,6/28/2026 6:20:00 AM,CMIN,508.5372,
6/28/2026 6:15:00 AM,DIPC,6/28/2026 6:20:00 AM,CVIS,498.5414,
6/28/2026 6:15:00 AM,DIPC,6/28/2026 6:20:00 AM,SYSTEM,501.4985,
6/28/2026 6:20:00 AM,DIPC,6/28/2026 6:25:00 AM,CLUZ,2867.6548,
6/28/2026 6:20:00 AM,DIPC,6/28/2026 6:25:00 AM,CMIN,3304.5053,
6/28/2026 6:20:00 AM,DIPC,6/28/2026 6:25:00 AM,CVIS,3227.9455,
6/28/2026 6:20:00 AM,DIPC,6/28/2026 6:25:00 AM,SYSTEM,2978.1876,
6/28/2026 6:25:00 AM,DIPC,6/28/2026 6:30:00 AM,CLUZ,2868.2768,
6/28/2026 6:25:00 AM,DIPC,6/28/2026 6:30:00 AM,CMIN,3306.5274,
6/28/2026 6:25:00 AM,DIPC,6/28/2026 6:30:00 AM,CVIS,3226.0417,
6/28/2026 6:25:00 AM,DIPC,6/28/2026 6:30:00 AM,SYSTEM,2978.8770,
6/28/2026 6:30:00 AM,DIPC,6/28/2026 6:35:00 AM,CLUZ,2865.1765,
6/28/2026 6:30:00 AM,DIPC,6/28/2026 6:35:00 AM,CMIN,2913.8853,
6/28/2026 6:30:00 AM,DIPC,6/28/2026 6:35:00 AM,CVIS,2855.5261,
6/28/2026 6:30:00 AM,DIPC,6/28/2026 6:35:00 AM,SYSTEM,2870.7198,
6/28/2026 6:35:00 AM,DIPC,6/28/2026 6:40:00 AM,CLUZ,2867.4123,
6/28/2026 6:35:00 AM,DIPC,6/28/2026 6:40:00 AM,CMIN,2921.1412,
6/28/2026 6:35:00 AM,DIPC,6/28/2026 6:40:00 AM,CVIS,2857.6236,
6/28/2026 6:35:00 AM,DIPC,6/28/2026 6:40:00 AM,SYSTEM,2873.6419,
6/28/2026 6:40:00 AM,DIPC,6/28/2026 6:45:00 AM,CLUZ,3027.8711,
6/28/2026 6:40:00 AM,DIPC,6/28/2026 6:45:00 AM,CMIN,3083.7612,
6/28/2026 6:40:00 AM,DIPC,6/28/2026 6:45:00 AM,CVIS,3017.4153,
6/28/2026 6:40:00 AM,DIPC,6/28/2026 6:45:00 AM,SYSTEM,3034.2710,
6/28/2026 6:45:00 AM,DIPC,6/28/2026 6:50:00 AM,CLUZ,0,
6/28/2026 6:45:00 AM,DIPC,6/28/2026 6:50:00 AM,CMIN,3604.8191,
6/28/2026 6:45:00 AM,DIPC,6/28/2026 6:50:00 AM,CVIS,3540.9099,
6/28/2026 6:45:00 AM,DIPC,6/28/2026 6:50:00 AM,SYSTEM,992.3427,
6/28/2026 6:50:00 AM,DIPC,6/28/2026 6:55:00 AM,CLUZ,0,
6/28/2026 6:50:00 AM,DIPC,6/28/2026 6:55:00 AM,CMIN,1460.5701,
6/28/2026 6:50:00 AM,DIPC,6/28/2026 6:55:00 AM,CVIS,1434.6829,
6/28/2026 6:50:00 AM,DIPC,6/28/2026 6:55:00 AM,SYSTEM,401.0214,
6/28/2026 6:55:00 AM,DIPC,6/28/2026 7:00:00 AM,CLUZ,2077.0150,
6/28/2026 6:55:00 AM,DIPC,6/28/2026 7:00:00 AM,CMIN,2103.9236,
6/28/2026 6:55:00 AM,DIPC,6/28/2026 7:00:00 AM,CVIS,2072.1624,
6/28/2026 6:55:00 AM,DIPC,6/28/2026 7:00:00 AM,SYSTEM,2080.0797,
6/28/2026 7:00:00 AM,DIPC,6/28/2026 7:05:00 AM,CLUZ,-1.0258,
6/28/2026 7:00:00 AM,DIPC,6/28/2026 7:05:00 AM,CMIN,-1.0389,
6/28/2026 7:00:00 AM,DIPC,6/28/2026 7:05:00 AM,CVIS,-1.0236,
6/28/2026 7:00:00 AM,DIPC,6/28/2026 7:05:00 AM,SYSTEM,-1.0273,
6/28/2026 7:05:00 AM,DIPC,6/28/2026 7:10:00 AM,CLUZ,0,
6/28/2026 7:05:00 AM,DIPC,6/28/2026 7:10:00 AM,CMIN,0,
6/28/2026 7:05:00 AM,DIPC,6/28/2026 7:10:00 AM,CVIS,0,
6/28/2026 7:05:00 AM,DIPC,6/28/2026 7:10:00 AM,SYSTEM,0,
6/28/2026 7:10:00 AM,DIPC,6/28/2026 7:15:00 AM,CLUZ,-1.0257,
6/28/2026 7:10:00 AM,DIPC,6/28/2026 7:15:00 AM,CMIN,-1.0443,
6/28/2026 7:10:00 AM,DIPC,6/28/2026 7:15:00 AM,CVIS,-1.0236,
6/28/2026 7:10:00 AM,DIPC,6/28/2026 7:15:00 AM,SYSTEM,-1.0279,
6/28/2026 7:15:00 AM,DIPC,6/28/2026 7:20:00 AM,CLUZ,-1005.5144,
6/28/2026 7:15:00 AM,DIPC,6/28/2026 7:20:00 AM,CMIN,-1022.2927,
6/28/2026 7:15:00 AM,DIPC,6/28/2026 7:20:00 AM,CVIS,-1004.5871,
6/28/2026 7:15:00 AM,DIPC,6/28/2026 7:20:00 AM,SYSTEM,-1007.7048,
6/28/2026 7:20:00 AM,DIPC,6/28/2026 7:25:00 AM,CLUZ,-1002.0790,
6/28/2026 7:20:00 AM,DIPC,6/28/2026 7:25:00 AM,CMIN,-1019.5056,
6/28/2026 7:20:00 AM,DIPC,6/28/2026 7:25:00 AM,CVIS,-1001.6862,
6/28/2026 7:20:00 AM,DIPC,6/28/2026 7:25:00 AM,SYSTEM,-1004.4377,
6/28/2026 7:25:00 AM,DIPC,6/28/2026 7:30:00 AM,CLUZ,-1.0241,
6/28/2026 7:25:00 AM,DIPC,6/28/2026 7:30:00 AM,CMIN,-1.0436,
6/28/2026 7:25:00 AM,DIPC,6/28/2026 7:30:00 AM,CVIS,-1.0243,
6/28/2026 7:25:00 AM,DIPC,6/28/2026 7:30:00 AM,SYSTEM,-1.0268,
6/28/2026 7:30:00 AM,DIPC,6/28/2026 7:35:00 AM,CLUZ,-1.0241,
6/28/2026 7:30:00 AM,DIPC,6/28/2026 7:35:00 AM,CMIN,-1.0446,
6/28/2026 7:30:00 AM,DIPC,6/28/2026 7:35:00 AM,CVIS,-1.0248,
6/28/2026 7:30:00 AM,DIPC,6/28/2026 7:35:00 AM,SYSTEM,-1.0270,
6/28/2026 7:35:00 AM,DIPC,6/28/2026 7:40:00 AM,CLUZ,0,
6/28/2026 7:35:00 AM,DIPC,6/28/2026 7:40:00 AM,CMIN,0,
6/28/2026 7:35:00 AM,DIPC,6/28/2026 7:40:00 AM,CVIS,0,
6/28/2026 7:35:00 AM,DIPC,6/28/2026 7:40:00 AM,SYSTEM,0,
6/28/2026 7:40:00 AM,DIPC,6/28/2026 7:45:00 AM,CLUZ,-1.0243,
6/28/2026 7:40:00 AM,DIPC,6/28/2026 7:45:00 AM,CMIN,-1.0451,
6/28/2026 7:40:00 AM,DIPC,6/28/2026 7:45:00 AM,CVIS,-1.0254,
6/28/2026 7:40:00 AM,DIPC,6/28/2026 7:45:00 AM,SYSTEM,-1.0273,
6/28/2026 7:45:00 AM,DIPC,6/28/2026 7:50:00 AM,CLUZ,-1.0237,
6/28/2026 7:45:00 AM,DIPC,6/28/2026 7:50:00 AM,CMIN,-1.0399,
6/28/2026 7:45:00 AM,DIPC,6/28/2026 7:50:00 AM,CVIS,-1.0261,
6/28/2026 7:45:00 AM,DIPC,6/28/2026 7:50:00 AM,SYSTEM,-1.0263,
6/28/2026 7:50:00 AM,DIPC,6/28/2026 7:55:00 AM,CLUZ,0,
6/28/2026 7:50:00 AM,DIPC,6/28/2026 7:55:00 AM,CMIN,0,
6/28/2026 7:50:00 AM,DIPC,6/28/2026 7:55:00 AM,CVIS,0,
6/28/2026 7:50:00 AM,DIPC,6/28/2026 7:55:00 AM,SYSTEM,0,
6/28/2026 7:55:00 AM,DIPC,6/28/2026 8:00:00 AM,CLUZ,0,
6/28/2026 7:55:00 AM,DIPC,6/28/2026 8:00:00 AM,CMIN,0,
6/28/2026 7:55:00 AM,DIPC,6/28/2026 8:00:00 AM,CVIS,0,
6/28/2026 7:55:00 AM,DIPC,6/28/2026 8:00:00 AM,SYSTEM,0,
6/28/2026 8:00:00 AM,DIPC,6/28/2026 8:05:00 AM,CLUZ,-9927.7587,
6/28/2026 8:00:00 AM,DIPC,6/28/2026 8:05:00 AM,CMIN,-10295.6575,
6/28/2026 8:00:00 AM,DIPC,6/28/2026 8:05:00 AM,CVIS,-9922.6747,
6/28/2026 8:00:00 AM,DIPC,6/28/2026 8:05:00 AM,SYSTEM,-9976.9767,
6/28/2026 8:05:00 AM,DIPC,6/28/2026 8:10:00 AM,CLUZ,-1003.9358,
6/28/2026 8:05:00 AM,DIPC,6/28/2026 8:10:00 AM,CMIN,-1032.1137,
6/28/2026 8:05:00 AM,DIPC,6/28/2026 8:10:00 AM,CVIS,-1004.4389,
6/28/2026 8:05:00 AM,DIPC,6/28/2026 8:10:00 AM,SYSTEM,-1007.8279,
6/28/2026 8:10:00 AM,DIPC,6/28/2026 8:15:00 AM,CLUZ,-5.1377,
6/28/2026 8:10:00 AM,DIPC,6/28/2026 8:15:00 AM,CMIN,-5.2681,
6/28/2026 8:10:00 AM,DIPC,6/28/2026 8:15:00 AM,CVIS,-5.1427,
6/28/2026 8:10:00 AM,DIPC,6/28/2026 8:15:00 AM,SYSTEM,-5.1560,
6/28/2026 8:15:00 AM,DIPC,6/28/2026 8:20:00 AM,CLUZ,-1.0219,
6/28/2026 8:15:00 AM,DIPC,6/28/2026 8:20:00 AM,CMIN,-1.0472,
6/28/2026 8:15:00 AM,DIPC,6/28/2026 8:20:00 AM,CVIS,-1.0236,
6/28/2026 8:15:00 AM,DIPC,6/28/2026 8:20:00 AM,SYSTEM,-1.0255,
6/28/2026 8:20:00 AM,DIPC,6/28/2026 8:25:00 AM,CLUZ,0,
6/28/2026 8:20:00 AM,DIPC,6/28/2026 8:25:00 AM,CMIN,0,
6/28/2026 8:20:00 AM,DIPC,6/28/2026 8:25:00 AM,CVIS,0,
6/28/2026 8:20:00 AM,DIPC,6/28/2026 8:25:00 AM,SYSTEM,0,
6/28/2026 8:25:00 AM,DIPC,6/28/2026 8:30:00 AM,CLUZ,-1.0229,
6/28/2026 8:25:00 AM,DIPC,6/28/2026 8:30:00 AM,CMIN,-1.0554,
6/28/2026 8:25:00 AM,DIPC,6/28/2026 8:30:00 AM,CVIS,-1.0242,
6/28/2026 8:25:00 AM,DIPC,6/28/2026 8:30:00 AM,SYSTEM,-1.0275,
6/28/2026 8:30:00 AM,DIPC,6/28/2026 8:35:00 AM,CLUZ,0,
6/28/2026 8:30:00 AM,DIPC,6/28/2026 8:35:00 AM,CMIN,0,
6/28/2026 8:30:00 AM,DIPC,6/28/2026 8:35:00 AM,CVIS,0,
6/28/2026 8:30:00 AM,DIPC,6/28/2026 8:35:00 AM,SYSTEM,0,
6/28/2026 8:35:00 AM,DIPC,6/28/2026 8:40:00 AM,CLUZ,-1.0238,
6/28/2026 8:35:00 AM,DIPC,6/28/2026 8:40:00 AM,CMIN,-1.0590,
6/28/2026 8:35:00 AM,DIPC,6/28/2026 8:40:00 AM,CVIS,-1.0253,
6/28/2026 8:35:00 AM,DIPC,6/28/2026 8:40:00 AM,SYSTEM,-1.0288,
6/28/2026 8:40:00 AM,DIPC,6/28/2026 8:45:00 AM,CLUZ,-1.0235,
6/28/2026 8:40:00 AM,DIPC,6/28/2026 8:45:00 AM,CMIN,-1.0596,
6/28/2026 8:40:00 AM,DIPC,6/28/2026 8:45:00 AM,CVIS,-1.0253,
6/28/2026 8:40:00 AM,DIPC,6/28/2026 8:45:00 AM,SYSTEM,-1.0287,
6/28/2026 8:45:00 AM,DIPC,6/28/2026 8:50:00 AM,CLUZ,0,
6/28/2026 8:45:00 AM,DIPC,6/28/2026 8:50:00 AM,CMIN,0,
6/28/2026 8:45:00 AM,DIPC,6/28/2026 8:50:00 AM,CVIS,0,
6/28/2026 8:45:00 AM,DIPC,6/28/2026 8:50:00 AM,SYSTEM,0,
6/28/2026 8:50:00 AM,DIPC,6/28/2026 8:55:00 AM,CLUZ,0,
6/28/2026 8:50:00 AM,DIPC,6/28/2026 8:55:00 AM,CMIN,0,
6/28/2026 8:50:00 AM,DIPC,6/28/2026 8:55:00 AM,CVIS,0,
6/28/2026 8:50:00 AM,DIPC,6/28/2026 8:55:00 AM,SYSTEM,0,
6/28/2026 8:55:00 AM,DIPC,6/28/2026 9:00:00 AM,CLUZ,2891.5929,
6/28/2026 8:55:00 AM,DIPC,6/28/2026 9:00:00 AM,CMIN,2987.8232,
6/28/2026 8:55:00 AM,DIPC,6/28/2026 9:00:00 AM,CVIS,2896.3577,
6/28/2026 8:55:00 AM,DIPC,6/28/2026 9:00:00 AM,SYSTEM,2905.3219,
6/28/2026 9:00:00 AM,DIPC,6/28/2026 9:05:00 AM,CLUZ,0,
6/28/2026 9:00:00 AM,DIPC,6/28/2026 9:05:00 AM,CMIN,0,
6/28/2026 9:00:00 AM,DIPC,6/28/2026 9:05:00 AM,CVIS,0,
6/28/2026 9:00:00 AM,DIPC,6/28/2026 9:05:00 AM,SYSTEM,0,
6/28/2026 9:05:00 AM,DIPC,6/28/2026 9:10:00 AM,CLUZ,2854.7123,
6/28/2026 9:05:00 AM,DIPC,6/28/2026 9:10:00 AM,CMIN,2922.6197,
6/28/2026 9:05:00 AM,DIPC,6/28/2026 9:10:00 AM,CVIS,2867.9052,
6/28/2026 9:05:00 AM,DIPC,6/28/2026 9:10:00 AM,SYSTEM,2865.7250,
6/28/2026 9:10:00 AM,DIPC,6/28/2026 9:15:00 AM,CLUZ,2592.6568,
6/28/2026 9:10:00 AM,DIPC,6/28/2026 9:15:00 AM,CMIN,2644.2145,
6/28/2026 9:10:00 AM,DIPC,6/28/2026 9:15:00 AM,CVIS,2606.2873,
6/28/2026 9:10:00 AM,DIPC,6/28/2026 9:15:00 AM,SYSTEM,2601.4702,
6/28/2026 9:15:00 AM,DIPC,6/28/2026 9:20:00 AM,CLUZ,0,
6/28/2026 9:15:00 AM,DIPC,6/28/2026 9:20:00 AM,CMIN,0,
6/28/2026 9:15:00 AM,DIPC,6/28/2026 9:20:00 AM,CVIS,0,
6/28/2026 9:15:00 AM,DIPC,6/28/2026 9:20:00 AM,SYSTEM,0,
6/28/2026 9:20:00 AM,DIPC,6/28/2026 9:25:00 AM,CLUZ,2584.7425,
6/28/2026 9:20:00 AM,DIPC,6/28/2026 9:25:00 AM,CMIN,2645.2398,
6/28/2026 9:20:00 AM,DIPC,6/28/2026 9:25:00 AM,CVIS,2597.3790,
6/28/2026 9:20:00 AM,DIPC,6/28/2026 9:25:00 AM,SYSTEM,2594.5885,
6/28/2026 9:25:00 AM,DIPC,6/28/2026 9:30:00 AM,CLUZ,-1.0223,
6/28/2026 9:25:00 AM,DIPC,6/28/2026 9:30:00 AM,CMIN,-1.0513,
6/28/2026 9:25:00 AM,DIPC,6/28/2026 9:30:00 AM,CVIS,-1.0274,
6/28/2026 9:25:00 AM,DIPC,6/28/2026 9:30:00 AM,SYSTEM,-1.0269,
6/28/2026 9:30:00 AM,DIPC,6/28/2026 9:35:00 AM,CLUZ,2308.0010,
6/28/2026 9:30:00 AM,DIPC,6/28/2026 9:35:00 AM,CMIN,2384.6781,
6/28/2026 9:30:00 AM,DIPC,6/28/2026 9:35:00 AM,CVIS,2320.5118,
6/28/2026 9:30:00 AM,DIPC,6/28/2026 9:35:00 AM,SYSTEM,2319.97,
6/28/2026 9:35:00 AM,DIPC,6/28/2026 9:40:00 AM,CLUZ,0,
6/28/2026 9:35:00 AM,DIPC,6/28/2026 9:40:00 AM,CMIN,0,
6/28/2026 9:35:00 AM,DIPC,6/28/2026 9:40:00 AM,CVIS,0,
6/28/2026 9:35:00 AM,DIPC,6/28/2026 9:40:00 AM,SYSTEM,0,
6/28/2026 9:40:00 AM,DIPC,6/28/2026 9:45:00 AM,CLUZ,1415.7014,
6/28/2026 9:40:00 AM,DIPC,6/28/2026 9:45:00 AM,CMIN,1474.3833,
6/28/2026 9:40:00 AM,DIPC,6/28/2026 9:45:00 AM,CVIS,1422.5707,
6/28/2026 9:40:00 AM,DIPC,6/28/2026 9:45:00 AM,SYSTEM,1424.5665,
6/28/2026 9:45:00 AM,DIPC,6/28/2026 9:50:00 AM,CLUZ,0,
6/28/2026 9:45:00 AM,DIPC,6/28/2026 9:50:00 AM,CMIN,0,
6/28/2026 9:45:00 AM,DIPC,6/28/2026 9:50:00 AM,CVIS,0,
6/28/2026 9:45:00 AM,DIPC,6/28/2026 9:50:00 AM,SYSTEM,0,
6/28/2026 9:50:00 AM,DIPC,6/28/2026 9:55:00 AM,CLUZ,2900.7584,
6/28/2026 9:50:00 AM,DIPC,6/28/2026 9:55:00 AM,CMIN,3037.9185,
6/28/2026 9:50:00 AM,DIPC,6/28/2026 9:55:00 AM,CVIS,2915.5204,
6/28/2026 9:50:00 AM,DIPC,6/28/2026 9:55:00 AM,SYSTEM,2921.6187,
6/28/2026 9:55:00 AM,DIPC,6/28/2026 10:00:00 AM,CLUZ,2860.5623,
6/28/2026 9:55:00 AM,DIPC,6/28/2026 10:00:00 AM,CMIN,2992.4639,
6/28/2026 9:55:00 AM,DIPC,6/28/2026 10:00:00 AM,CVIS,2877.1471,
6/28/2026 9:55:00 AM,DIPC,6/28/2026 10:00:00 AM,SYSTEM,2880.9497,
6/28/2026 10:00:00 AM,DIPC,6/28/2026 10:05:00 AM,CLUZ,4043.3175,
6/28/2026 10:00:00 AM,DIPC,6/28/2026 10:05:00 AM,CMIN,4203.6341,
6/28/2026 10:00:00 AM,DIPC,6/28/2026 10:05:00 AM,CVIS,4074.0811,
6/28/2026 10:00:00 AM,DIPC,6/28/2026 10:05:00 AM,SYSTEM,4069.6350,
6/28/2026 10:05:00 AM,DIPC,6/28/2026 10:10:00 AM,CLUZ,4042.8543,
6/28/2026 10:05:00 AM,DIPC,6/28/2026 10:10:00 AM,CMIN,4175.1285,
6/28/2026 10:05:00 AM,DIPC,6/28/2026 10:10:00 AM,CVIS,4078.2915,
6/28/2026 10:05:00 AM,DIPC,6/28/2026 10:10:00 AM,SYSTEM,4065.9324,
6/28/2026 10:10:00 AM,DIPC,6/28/2026 10:15:00 AM,CLUZ,4042.5129,
6/28/2026 10:10:00 AM,DIPC,6/28/2026 10:15:00 AM,CMIN,4157.3476,
6/28/2026 10:10:00 AM,DIPC,6/28/2026 10:15:00 AM,CVIS,4081.8713,
6/28/2026 10:10:00 AM,DIPC,6/28/2026 10:15:00 AM,SYSTEM,4063.7687,
6/28/2026 10:15:00 AM,DIPC,6/28/2026 10:20:00 AM,CLUZ,2946.4492,
6/28/2026 10:15:00 AM,DIPC,6/28/2026 10:20:00 AM,CMIN,3042.7225,
6/28/2026 10:15:00 AM,DIPC,6/28/2026 10:20:00 AM,CVIS,2973.5140,
6/28/2026 10:15:00 AM,DIPC,6/28/2026 10:20:00 AM,SYSTEM,2963.4197,
6/28/2026 10:20:00 AM,DIPC,6/28/2026 10:25:00 AM,CLUZ,4041.7511,
6/28/2026 10:20:00 AM,DIPC,6/28/2026 10:25:00 AM,CMIN,4086.4174,
6/28/2026 10:20:00 AM,DIPC,6/28/2026 10:25:00 AM,CVIS,4082.9084,
6/28/2026 10:20:00 AM,DIPC,6/28/2026 10:25:00 AM,SYSTEM,4053.6454,
6/28/2026 10:25:00 AM,DIPC,6/28/2026 10:30:00 AM,CLUZ,4373.4776,
6/28/2026 10:25:00 AM,DIPC,6/28/2026 10:30:00 AM,CMIN,4053.3385,
6/28/2026 10:25:00 AM,DIPC,6/28/2026 10:30:00 AM,CVIS,4420.4429,
6/28/2026 10:25:00 AM,DIPC,6/28/2026 10:30:00 AM,SYSTEM,4336.3642,
6/28/2026 10:30:00 AM,DIPC,6/28/2026 10:35:00 AM,CLUZ,4366.0906,
6/28/2026 10:30:00 AM,DIPC,6/28/2026 10:35:00 AM,CMIN,4068.6002,
6/28/2026 10:30:00 AM,DIPC,6/28/2026 10:35:00 AM,CVIS,4417.30,
6/28/2026 10:30:00 AM,DIPC,6/28/2026 10:35:00 AM,SYSTEM,4332.4628,
6/28/2026 10:35:00 AM,DIPC,6/28/2026 10:40:00 AM,CLUZ,8571.7074,
6/28/2026 10:35:00 AM,DIPC,6/28/2026 10:40:00 AM,CMIN,8825.7363,
6/28/2026 10:35:00 AM,DIPC,6/28/2026 10:40:00 AM,CVIS,8665.1855,
6/28/2026 10:35:00 AM,DIPC,6/28/2026 10:40:00 AM,SYSTEM,8619.9340,
6/28/2026 10:40:00 AM,DIPC,6/28/2026 10:45:00 AM,CLUZ,4043.2222,
6/28/2026 10:40:00 AM,DIPC,6/28/2026 10:45:00 AM,CMIN,3912.9310,
6/28/2026 10:40:00 AM,DIPC,6/28/2026 10:45:00 AM,CVIS,4088.6899,
6/28/2026 10:40:00 AM,DIPC,6/28/2026 10:45:00 AM,SYSTEM,4031.7020,
6/28/2026 10:45:00 AM,DIPC,6/28/2026 10:50:00 AM,CLUZ,8580.1206,
6/28/2026 10:45:00 AM,DIPC,6/28/2026 10:50:00 AM,CMIN,3919.1415,
6/28/2026 10:45:00 AM,DIPC,6/28/2026 10:50:00 AM,CVIS,8671.8067,
6/28/2026 10:45:00 AM,DIPC,6/28/2026 10:50:00 AM,SYSTEM,7950.9646,
6/28/2026 10:50:00 AM,DIPC,6/28/2026 10:55:00 AM,CLUZ,3760.2298,
6/28/2026 10:50:00 AM,DIPC,6/28/2026 10:55:00 AM,CMIN,3904.7586,
6/28/2026 10:50:00 AM,DIPC,6/28/2026 10:55:00 AM,CVIS,3801.4224,
6/28/2026 10:50:00 AM,DIPC,6/28/2026 10:55:00 AM,SYSTEM,3785.9598,
6/28/2026 10:55:00 AM,DIPC,6/28/2026 11:00:00 AM,CLUZ,8904.9774,
6/28/2026 10:55:00 AM,DIPC,6/28/2026 11:00:00 AM,CMIN,4023.8376,
6/28/2026 10:55:00 AM,DIPC,6/28/2026 11:00:00 AM,CVIS,8993.5302,
6/28/2026 10:55:00 AM,DIPC,6/28/2026 11:00:00 AM,SYSTEM,8243.1260,
6/28/2026 11:00:00 AM,DIPC,6/28/2026 11:05:00 AM,CLUZ,2948.0688,
6/28/2026 11:00:00 AM,DIPC,6/28/2026 11:05:00 AM,CMIN,3079.7286,
6/28/2026 11:00:00 AM,DIPC,6/28/2026 11:05:00 AM,CVIS,2980.1617,
6/28/2026 11:00:00 AM,DIPC,6/28/2026 11:05:00 AM,SYSTEM,2970.7982,
6/28/2026 11:05:00 AM,DIPC,6/28/2026 11:10:00 AM,CLUZ,3508.7441,
6/28/2026 11:05:00 AM,DIPC,6/28/2026 11:10:00 AM,CMIN,3698.7765,
6/28/2026 11:05:00 AM,DIPC,6/28/2026 11:10:00 AM,CVIS,3545.9540,
6/28/2026 11:05:00 AM,DIPC,6/28/2026 11:10:00 AM,SYSTEM,3540.5010,
6/28/2026 11:10:00 AM,DIPC,6/28/2026 11:15:00 AM,CLUZ,3223.6509,
6/28/2026 11:10:00 AM,DIPC,6/28/2026 11:15:00 AM,CMIN,3414.4721,
6/28/2026 11:10:00 AM,DIPC,6/28/2026 11:15:00 AM,CVIS,3254.8740,
6/28/2026 11:10:00 AM,DIPC,6/28/2026 11:15:00 AM,SYSTEM,3254.7036,
6/28/2026 11:15:00 AM,DIPC,6/28/2026 11:20:00 AM,CLUZ,8566.2456,
6/28/2026 11:15:00 AM,DIPC,6/28/2026 11:20:00 AM,CMIN,9109.3050,
6/28/2026 11:15:00 AM,DIPC,6/28/2026 11:20:00 AM,CVIS,8648.7299,
6/28/2026 11:15:00 AM,DIPC,6/28/2026 11:20:00 AM,SYSTEM,8653.7128,
6/28/2026 11:20:00 AM,DIPC,6/28/2026 11:25:00 AM,CLUZ,4361.1026,
6/28/2026 11:20:00 AM,DIPC,6/28/2026 11:25:00 AM,CMIN,4616.2764,
6/28/2026 11:20:00 AM,DIPC,6/28/2026 11:25:00 AM,CVIS,4406.8723,
6/28/2026 11:20:00 AM,DIPC,6/28/2026 11:25:00 AM,SYSTEM,4403.2492,
6/28/2026 11:25:00 AM,DIPC,6/28/2026 11:30:00 AM,CLUZ,8566.8132,
6/28/2026 11:25:00 AM,DIPC,6/28/2026 11:30:00 AM,CMIN,8934.6756,
6/28/2026 11:25:00 AM,DIPC,6/28/2026 11:30:00 AM,CVIS,8659.5823,
6/28/2026 11:25:00 AM,DIPC,6/28/2026 11:30:00 AM,SYSTEM,8630.9563,
6/28/2026 11:30:00 AM,DIPC,6/28/2026 11:35:00 AM,CLUZ,3233.7151,
6/28/2026 11:30:00 AM,DIPC,6/28/2026 11:35:00 AM,CMIN,3390.1205,
6/28/2026 11:30:00 AM,DIPC,6/28/2026 11:35:00 AM,CVIS,3268.8339,
6/28/2026 11:30:00 AM,DIPC,6/28/2026 11:35:00 AM,SYSTEM,3260.16,
6/28/2026 11:35:00 AM,DIPC,6/28/2026 11:40:00 AM,CLUZ,8565.2032,
6/28/2026 11:35:00 AM,DIPC,6/28/2026 11:40:00 AM,CMIN,9017.3553,
6/28/2026 11:35:00 AM,DIPC,6/28/2026 11:40:00 AM,CVIS,8661.5497,
6/28/2026 11:35:00 AM,DIPC,6/28/2026 11:40:00 AM,SYSTEM,8642.2307,
6/28/2026 11:40:00 AM,DIPC,6/28/2026 11:45:00 AM,CLUZ,4037.5060,
6/28/2026 11:40:00 AM,DIPC,6/28/2026 11:45:00 AM,CMIN,4215.63,
6/28/2026 11:40:00 AM,DIPC,6/28/2026 11:45:00 AM,CVIS,4084.9929,
6/28/2026 11:40:00 AM,DIPC,6/28/2026 11:45:00 AM,SYSTEM,4069.2842,
6/28/2026 11:45:00 AM,DIPC,6/28/2026 11:50:00 AM,CLUZ,2971.1184,
6/28/2026 11:45:00 AM,DIPC,6/28/2026 11:50:00 AM,CMIN,3126.7408,
6/28/2026 11:45:00 AM,DIPC,6/28/2026 11:50:00 AM,CVIS,3012.2174,
6/28/2026 11:45:00 AM,DIPC,6/28/2026 11:50:00 AM,SYSTEM,2998.8801,
6/28/2026 11:50:00 AM,DIPC,6/28/2026 11:55:00 AM,CLUZ,0,
6/28/2026 11:50:00 AM,DIPC,6/28/2026 11:55:00 AM,CMIN,0,
6/28/2026 11:50:00 AM,DIPC,6/28/2026 11:55:00 AM,CVIS,0,
6/28/2026 11:50:00 AM,DIPC,6/28/2026 11:55:00 AM,SYSTEM,0,
6/28/2026 11:55:00 AM,DIPC,6/28/2026 12:00:00 PM,CLUZ,-0.9789,
6/28/2026 11:55:00 AM,DIPC,6/28/2026 12:00:00 PM,CMIN,-1.0339,
6/28/2026 11:55:00 AM,DIPC,6/28/2026 12:00:00 PM,CVIS,-0.9889,
6/28/2026 11:55:00 AM,DIPC,6/28/2026 12:00:00 PM,SYSTEM,-0.9880,
6/28/2026 12:00:00 PM,DIPC,6/28/2026 12:05:00 PM,CLUZ,2871.4660,
6/28/2026 12:00:00 PM,DIPC,6/28/2026 12:05:00 PM,CMIN,3700.3175,
6/28/2026 12:00:00 PM,DIPC,6/28/2026 12:05:00 PM,CVIS,3530.0591,
6/28/2026 12:00:00 PM,DIPC,6/28/2026 12:05:00 PM,SYSTEM,3081.2222,
6/28/2026 12:05:00 PM,DIPC,6/28/2026 12:10:00 PM,CLUZ,2872.5605,
6/28/2026 12:05:00 PM,DIPC,6/28/2026 12:10:00 PM,CMIN,3051.6205,
6/28/2026 12:05:00 PM,DIPC,6/28/2026 12:10:00 PM,CVIS,2898.5594,
6/28/2026 12:05:00 PM,DIPC,6/28/2026 12:10:00 PM,SYSTEM,2901.4555,
6/28/2026 12:10:00 PM,DIPC,6/28/2026 12:15:00 PM,CLUZ,2871.0152,
6/28/2026 12:10:00 PM,DIPC,6/28/2026 12:15:00 PM,CMIN,3056.1736,
6/28/2026 12:10:00 PM,DIPC,6/28/2026 12:15:00 PM,CVIS,2895.4180,
6/28/2026 12:10:00 PM,DIPC,6/28/2026 12:15:00 PM,SYSTEM,2900.5825,
6/28/2026 12:15:00 PM,DIPC,6/28/2026 12:20:00 PM,CLUZ,4222.1331,
6/28/2026 12:15:00 PM,DIPC,6/28/2026 12:20:00 PM,CMIN,4577.3277,
6/28/2026 12:15:00 PM,DIPC,6/28/2026 12:20:00 PM,CVIS,4380.1971,
6/28/2026 12:15:00 PM,DIPC,6/28/2026 12:20:00 PM,SYSTEM,4294.2406,
6/28/2026 12:20:00 PM,DIPC,6/28/2026 12:25:00 PM,CLUZ,8597.6066,
6/28/2026 12:20:00 PM,DIPC,6/28/2026 12:25:00 PM,CMIN,8597.6066,
6/28/2026 12:20:00 PM,DIPC,6/28/2026 12:25:00 PM,CVIS,8597.6066,
6/28/2026 12:20:00 PM,DIPC,6/28/2026 12:25:00 PM,SYSTEM,8597.6066,
6/28/2026 12:25:00 PM,DIPC,6/28/2026 12:30:00 PM,CLUZ,4084.1535,
6/28/2026 12:25:00 PM,DIPC,6/28/2026 12:30:00 PM,CMIN,4084.1535,
6/28/2026 12:25:00 PM,DIPC,6/28/2026 12:30:00 PM,CVIS,4084.1535,
6/28/2026 12:25:00 PM,DIPC,6/28/2026 12:30:00 PM,SYSTEM,4084.1535,
6/28/2026 12:30:00 PM,DIPC,6/28/2026 12:35:00 PM,CLUZ,8595.3774,
6/28/2026 12:30:00 PM,DIPC,6/28/2026 12:35:00 PM,CMIN,8595.3774,
6/28/2026 12:30:00 PM,DIPC,6/28/2026 12:35:00 PM,CVIS,8595.3774,
6/28/2026 12:30:00 PM,DIPC,6/28/2026 12:35:00 PM,SYSTEM,8595.3774,
6/28/2026 12:35:00 PM,DIPC,6/28/2026 12:40:00 PM,CLUZ,4083.7990,
6/28/2026 12:35:00 PM,DIPC,6/28/2026 12:40:00 PM,CMIN,4083.7990,
6/28/2026 12:35:00 PM,DIPC,6/28/2026 12:40:00 PM,CVIS,4083.7990,
6/28/2026 12:35:00 PM,DIPC,6/28/2026 12:40:00 PM,SYSTEM,4083.7990,
6/28/2026 12:40:00 PM,DIPC,6/28/2026 12:45:00 PM,CLUZ,3941.4423,
6/28/2026 12:40:00 PM,DIPC,6/28/2026 12:45:00 PM,CMIN,3945.6829,
6/28/2026 12:40:00 PM,DIPC,6/28/2026 12:45:00 PM,CVIS,4093.8799,
6/28/2026 12:40:00 PM,DIPC,6/28/2026 12:45:00 PM,SYSTEM,3963.5615,
6/28/2026 12:45:00 PM,DIPC,6/28/2026 12:50:00 PM,CLUZ,4230.5816,
6/28/2026 12:45:00 PM,DIPC,6/28/2026 12:50:00 PM,CMIN,3418.7283,
6/28/2026 12:45:00 PM,DIPC,6/28/2026 12:50:00 PM,CVIS,4417.7536,
6/28/2026 12:45:00 PM,DIPC,6/28/2026 12:50:00 PM,SYSTEM,4139.2795,
6/28/2026 12:50:00 PM,DIPC,6/28/2026 12:55:00 PM,CLUZ,3938.8347,
6/28/2026 12:50:00 PM,DIPC,6/28/2026 12:55:00 PM,CMIN,3406.5033,
6/28/2026 12:50:00 PM,DIPC,6/28/2026 12:55:00 PM,CVIS,4097.0330,
6/28/2026 12:50:00 PM,DIPC,6/28/2026 12:55:00 PM,SYSTEM,3884.5704,
6/28/2026 12:55:00 PM,DIPC,6/28/2026 1:00:00 PM,CLUZ,3936.7974,
6/28/2026 12:55:00 PM,DIPC,6/28/2026 1:00:00 PM,CMIN,3929.4956,
6/28/2026 12:55:00 PM,DIPC,6/28/2026 1:00:00 PM,CVIS,4095.4906,
6/28/2026 12:55:00 PM,DIPC,6/28/2026 1:00:00 PM,SYSTEM,3958.0764,
6/28/2026 1:00:00 PM,DIPC,6/28/2026 1:05:00 PM,CLUZ,0,
6/28/2026 1:00:00 PM,DIPC,6/28/2026 1:05:00 PM,CMIN,0,
6/28/2026 1:00:00 PM,DIPC,6/28/2026 1:05:00 PM,CVIS,0,
6/28/2026 1:00:00 PM,DIPC,6/28/2026 1:05:00 PM,SYSTEM,0,
6/28/2026 1:05:00 PM,DIPC,6/28/2026 1:10:00 PM,CLUZ,509.7411,
6/28/2026 1:05:00 PM,DIPC,6/28/2026 1:10:00 PM,CMIN,533.6821,
6/28/2026 1:05:00 PM,DIPC,6/28/2026 1:10:00 PM,CVIS,516.6291,
6/28/2026 1:05:00 PM,DIPC,6/28/2026 1:10:00 PM,SYSTEM,514.1254,
6/28/2026 1:10:00 PM,DIPC,6/28/2026 1:15:00 PM,CLUZ,3190.3366,
6/28/2026 1:10:00 PM,DIPC,6/28/2026 1:15:00 PM,CMIN,3385.9791,
6/28/2026 1:10:00 PM,DIPC,6/28/2026 1:15:00 PM,CVIS,3263.1180,
6/28/2026 1:10:00 PM,DIPC,6/28/2026 1:15:00 PM,SYSTEM,3228.4949,
6/28/2026 1:15:00 PM,DIPC,6/28/2026 1:20:00 PM,CLUZ,3657.5312,
6/28/2026 1:15:00 PM,DIPC,6/28/2026 1:20:00 PM,CMIN,3917.0283,
6/28/2026 1:15:00 PM,DIPC,6/28/2026 1:20:00 PM,CVIS,3779.8291,
6/28/2026 1:15:00 PM,DIPC,6/28/2026 1:20:00 PM,SYSTEM,3711.7237,
6/28/2026 1:20:00 PM,DIPC,6/28/2026 1:25:00 PM,CLUZ,8910.9935,
6/28/2026 1:20:00 PM,DIPC,6/28/2026 1:25:00 PM,CMIN,8910.9935,
6/28/2026 1:20:00 PM,DIPC,6/28/2026 1:25:00 PM,CVIS,8910.9935,
6/28/2026 1:20:00 PM,DIPC,6/28/2026 1:25:00 PM,SYSTEM,8910.9935,
6/28/2026 1:25:00 PM,DIPC,6/28/2026 1:30:00 PM,CLUZ,8597.5838,
6/28/2026 1:25:00 PM,DIPC,6/28/2026 1:30:00 PM,CMIN,8597.5838,
6/28/2026 1:25:00 PM,DIPC,6/28/2026 1:30:00 PM,CVIS,8597.5838,
6/28/2026 1:25:00 PM,DIPC,6/28/2026 1:30:00 PM,SYSTEM,8597.5838,
6/28/2026 1:30:00 PM,DIPC,6/28/2026 1:35:00 PM,CLUZ,3687.2113,
6/28/2026 1:30:00 PM,DIPC,6/28/2026 1:35:00 PM,CMIN,3927.4823,
6/28/2026 1:30:00 PM,DIPC,6/28/2026 1:35:00 PM,CVIS,3806.6091,
6/28/2026 1:30:00 PM,DIPC,6/28/2026 1:35:00 PM,SYSTEM,3738.3240,
6/28/2026 1:35:00 PM,DIPC,6/28/2026 1:40:00 PM,CLUZ,3693.3267,
6/28/2026 1:35:00 PM,DIPC,6/28/2026 1:40:00 PM,CMIN,3693.3267,
6/28/2026 1:35:00 PM,DIPC,6/28/2026 1:40:00 PM,CVIS,3693.3267,
6/28/2026 1:35:00 PM,DIPC,6/28/2026 1:40:00 PM,SYSTEM,3693.3267,
6/28/2026 1:40:00 PM,DIPC,6/28/2026 1:45:00 PM,CLUZ,3556.2199,
6/28/2026 1:40:00 PM,DIPC,6/28/2026 1:45:00 PM,CMIN,3556.2199,
6/28/2026 1:40:00 PM,DIPC,6/28/2026 1:45:00 PM,CVIS,3556.2199,
6/28/2026 1:40:00 PM,DIPC,6/28/2026 1:45:00 PM,SYSTEM,3556.2199,
6/28/2026 1:45:00 PM,DIPC,6/28/2026 1:50:00 PM,CLUZ,0,
6/28/2026 1:45:00 PM,DIPC,6/28/2026 1:50:00 PM,CMIN,0,
6/28/2026 1:45:00 PM,DIPC,6/28/2026 1:50:00 PM,CVIS,0,
6/28/2026 1:45:00 PM,DIPC,6/28/2026 1:50:00 PM,SYSTEM,0,
6/28/2026 1:50:00 PM,DIPC,6/28/2026 1:55:00 PM,CLUZ,2806.3044,
6/28/2026 1:50:00 PM,DIPC,6/28/2026 1:55:00 PM,CMIN,2806.3044,
6/28/2026 1:50:00 PM,DIPC,6/28/2026 1:55:00 PM,CVIS,2806.3044,
6/28/2026 1:50:00 PM,DIPC,6/28/2026 1:55:00 PM,SYSTEM,2806.3044,
6/28/2026 1:55:00 PM,DIPC,6/28/2026 2:00:00 PM,CLUZ,3927.0285,
6/28/2026 1:55:00 PM,DIPC,6/28/2026 2:00:00 PM,CMIN,3915.5175,
6/28/2026 1:55:00 PM,DIPC,6/28/2026 2:00:00 PM,CVIS,4071.6332,
6/28/2026 1:55:00 PM,DIPC,6/28/2026 2:00:00 PM,SYSTEM,3945.9165,
6/28/2026 2:00:00 PM,DIPC,6/28/2026 2:05:00 PM,CLUZ,8925.8076,
6/28/2026 2:00:00 PM,DIPC,6/28/2026 2:05:00 PM,CMIN,3915.6783,
6/28/2026 2:00:00 PM,DIPC,6/28/2026 2:05:00 PM,CVIS,9009.4561,
6/28/2026 2:00:00 PM,DIPC,6/28/2026 2:05:00 PM,SYSTEM,8223.1466,
6/28/2026 2:05:00 PM,DIPC,6/28/2026 2:10:00 PM,CLUZ,8904.1928,
6/28/2026 2:05:00 PM,DIPC,6/28/2026 2:10:00 PM,CMIN,3998.9787,
6/28/2026 2:05:00 PM,DIPC,6/28/2026 2:10:00 PM,CVIS,8983.4949,
6/28/2026 2:05:00 PM,DIPC,6/28/2026 2:10:00 PM,SYSTEM,8215.0742,
6/28/2026 2:10:00 PM,DIPC,6/28/2026 2:15:00 PM,CLUZ,508.2946,
6/28/2026 2:10:00 PM,DIPC,6/28/2026 2:15:00 PM,CMIN,508.2946,
6/28/2026 2:10:00 PM,DIPC,6/28/2026 2:15:00 PM,CVIS,508.2946,
6/28/2026 2:10:00 PM,DIPC,6/28/2026 2:15:00 PM,SYSTEM,508.2946,
6/28/2026 2:15:00 PM,DIPC,6/28/2026 2:20:00 PM,CLUZ,4613.9268,
6/28/2026 2:15:00 PM,DIPC,6/28/2026 2:20:00 PM,CMIN,4613.9268,
6/28/2026 2:15:00 PM,DIPC,6/28/2026 2:20:00 PM,CVIS,4613.9268,
6/28/2026 2:15:00 PM,DIPC,6/28/2026 2:20:00 PM,SYSTEM,4613.9268,
6/28/2026 2:20:00 PM,DIPC,6/28/2026 2:25:00 PM,CLUZ,8598.2796,
6/28/2026 2:20:00 PM,DIPC,6/28/2026 2:25:00 PM,CMIN,8598.2796,
6/28/2026 2:20:00 PM,DIPC,6/28/2026 2:25:00 PM,CVIS,8598.2796,
6/28/2026 2:20:00 PM,DIPC,6/28/2026 2:25:00 PM,SYSTEM,8598.2796,
6/28/2026 2:25:00 PM,DIPC,6/28/2026 2:30:00 PM,CLUZ,3209.0448,
6/28/2026 2:25:00 PM,DIPC,6/28/2026 2:30:00 PM,CMIN,3209.0448,
6/28/2026 2:25:00 PM,DIPC,6/28/2026 2:30:00 PM,CVIS,3209.0448,
6/28/2026 2:25:00 PM,DIPC,6/28/2026 2:30:00 PM,SYSTEM,3209.0448,
6/28/2026 2:30:00 PM,DIPC,6/28/2026 2:35:00 PM,CLUZ,-1.0163,
6/28/2026 2:30:00 PM,DIPC,6/28/2026 2:35:00 PM,CMIN,-1.0163,
6/28/2026 2:30:00 PM,DIPC,6/28/2026 2:35:00 PM,CVIS,-1.0163,
6/28/2026 2:30:00 PM,DIPC,6/28/2026 2:35:00 PM,SYSTEM,-1.0163,
6/28/2026 2:35:00 PM,DIPC,6/28/2026 2:40:00 PM,CLUZ,1408.1311,
6/28/2026 2:35:00 PM,DIPC,6/28/2026 2:40:00 PM,CMIN,1408.1311,
6/28/2026 2:35:00 PM,DIPC,6/28/2026 2:40:00 PM,CVIS,1408.1311,
6/28/2026 2:35:00 PM,DIPC,6/28/2026 2:40:00 PM,SYSTEM,1408.1311,
6/28/2026 2:40:00 PM,DIPC,6/28/2026 2:45:00 PM,CLUZ,508.1419,
6/28/2026 2:40:00 PM,DIPC,6/28/2026 2:45:00 PM,CMIN,508.1419,
6/28/2026 2:40:00 PM,DIPC,6/28/2026 2:45:00 PM,CVIS,508.1419,
6/28/2026 2:40:00 PM,DIPC,6/28/2026 2:45:00 PM,SYSTEM,508.1419,
6/28/2026 2:45:00 PM,DIPC,6/28/2026 2:50:00 PM,CLUZ,3254.1077,
6/28/2026 2:45:00 PM,DIPC,6/28/2026 2:50:00 PM,CMIN,3254.1077,
6/28/2026 2:45:00 PM,DIPC,6/28/2026 2:50:00 PM,CVIS,3254.1077,
6/28/2026 2:45:00 PM,DIPC,6/28/2026 2:50:00 PM,SYSTEM,3254.1077,
6/28/2026 2:50:00 PM,DIPC,6/28/2026 2:55:00 PM,CLUZ,3151.2931,
6/28/2026 2:50:00 PM,DIPC,6/28/2026 2:55:00 PM,CMIN,3151.2931,
6/28/2026 2:50:00 PM,DIPC,6/28/2026 2:55:00 PM,CVIS,3151.2931,
6/28/2026 2:50:00 PM,DIPC,6/28/2026 2:55:00 PM,SYSTEM,3151.2931,
6/28/2026 2:55:00 PM,DIPC,6/28/2026 3:00:00 PM,CLUZ,508.2706,
6/28/2026 2:55:00 PM,DIPC,6/28/2026 3:00:00 PM,CMIN,508.2706,
6/28/2026 2:55:00 PM,DIPC,6/28/2026 3:00:00 PM,CVIS,508.2706,
6/28/2026 2:55:00 PM,DIPC,6/28/2026 3:00:00 PM,SYSTEM,508.2706,
6/28/2026 3:00:00 PM,DIPC,6/28/2026 3:05:00 PM,CLUZ,508.2090,
6/28/2026 3:00:00 PM,DIPC,6/28/2026 3:05:00 PM,CMIN,508.2090,
6/28/2026 3:00:00 PM,DIPC,6/28/2026 3:05:00 PM,CVIS,508.2090,
6/28/2026 3:00:00 PM,DIPC,6/28/2026 3:05:00 PM,SYSTEM,508.2090,
6/28/2026 3:05:00 PM,DIPC,6/28/2026 3:10:00 PM,CLUZ,3150.9879,
6/28/2026 3:05:00 PM,DIPC,6/28/2026 3:10:00 PM,CMIN,3150.9879,
6/28/2026 3:05:00 PM,DIPC,6/28/2026 3:10:00 PM,CVIS,3150.9879,
6/28/2026 3:05:00 PM,DIPC,6/28/2026 3:10:00 PM,SYSTEM,3150.9879,
6/28/2026 3:10:00 PM,DIPC,6/28/2026 3:15:00 PM,CLUZ,3254.7563,
6/28/2026 3:10:00 PM,DIPC,6/28/2026 3:15:00 PM,CMIN,3254.7563,
6/28/2026 3:10:00 PM,DIPC,6/28/2026 3:15:00 PM,CVIS,3254.7563,
6/28/2026 3:10:00 PM,DIPC,6/28/2026 3:15:00 PM,SYSTEM,3254.7563,
6/28/2026 3:15:00 PM,DIPC,6/28/2026 3:20:00 PM,CLUZ,3254.7457,
6/28/2026 3:15:00 PM,DIPC,6/28/2026 3:20:00 PM,CMIN,3254.7457,
6/28/2026 3:15:00 PM,DIPC,6/28/2026 3:20:00 PM,CVIS,3254.7457,
6/28/2026 3:15:00 PM,DIPC,6/28/2026 3:20:00 PM,SYSTEM,3254.7457,
6/28/2026 3:20:00 PM,DIPC,6/28/2026 3:25:00 PM,CLUZ,8911.0730,
6/28/2026 3:20:00 PM,DIPC,6/28/2026 3:25:00 PM,CMIN,3389.2587,
6/28/2026 3:20:00 PM,DIPC,6/28/2026 3:25:00 PM,CVIS,8966.0620,
6/28/2026 3:20:00 PM,DIPC,6/28/2026 3:25:00 PM,SYSTEM,8140.0142,
6/28/2026 3:25:00 PM,DIPC,6/28/2026 3:30:00 PM,CLUZ,8607.1867,
6/28/2026 3:25:00 PM,DIPC,6/28/2026 3:30:00 PM,CMIN,3393.5266,
6/28/2026 3:25:00 PM,DIPC,6/28/2026 3:30:00 PM,CVIS,21856.3192,
6/28/2026 3:25:00 PM,DIPC,6/28/2026 3:30:00 PM,SYSTEM,9730.4548,
6/28/2026 3:30:00 PM,DIPC,6/28/2026 3:35:00 PM,CLUZ,8616.9072,
6/28/2026 3:30:00 PM,DIPC,6/28/2026 3:35:00 PM,CMIN,3390.1002,
6/28/2026 3:30:00 PM,DIPC,6/28/2026 3:35:00 PM,CVIS,20255.8009,
6/28/2026 3:30:00 PM,DIPC,6/28/2026 3:35:00 PM,SYSTEM,9500.6885,
6/28/2026 3:35:00 PM,DIPC,6/28/2026 3:40:00 PM,CLUZ,8621.3369,
6/28/2026 3:35:00 PM,DIPC,6/28/2026 3:40:00 PM,CMIN,3388.6089,
6/28/2026 3:35:00 PM,DIPC,6/28/2026 3:40:00 PM,CVIS,23080.0789,
6/28/2026 3:35:00 PM,DIPC,6/28/2026 3:40:00 PM,SYSTEM,9895.6909,
6/28/2026 3:40:00 PM,DIPC,6/28/2026 3:45:00 PM,CLUZ,4033.9694,
6/28/2026 3:40:00 PM,DIPC,6/28/2026 3:45:00 PM,CMIN,4033.9694,
6/28/2026 3:40:00 PM,DIPC,6/28/2026 3:45:00 PM,CVIS,4033.9694,
6/28/2026 3:40:00 PM,DIPC,6/28/2026 3:45:00 PM,SYSTEM,4033.9694,
6/28/2026 3:45:00 PM,DIPC,6/28/2026 3:50:00 PM,CLUZ,8604.2645,
6/28/2026 3:45:00 PM,DIPC,6/28/2026 3:50:00 PM,CMIN,3390.1162,
6/28/2026 3:45:00 PM,DIPC,6/28/2026 3:50:00 PM,CVIS,23101.9567,
6/28/2026 3:45:00 PM,DIPC,6/28/2026 3:50:00 PM,SYSTEM,9884.6655,
6/28/2026 3:50:00 PM,DIPC,6/28/2026 3:55:00 PM,CLUZ,6704.7226,
6/28/2026 3:50:00 PM,DIPC,6/28/2026 3:55:00 PM,CMIN,3389.1409,
6/28/2026 3:50:00 PM,DIPC,6/28/2026 3:55:00 PM,CVIS,23088.8174,
6/28/2026 3:50:00 PM,DIPC,6/28/2026 3:55:00 PM,SYSTEM,8515.4287,
6/28/2026 3:55:00 PM,DIPC,6/28/2026 4:00:00 PM,CLUZ,8609.0280,
6/28/2026 3:55:00 PM,DIPC,6/28/2026 4:00:00 PM,CMIN,3390.2879,
6/28/2026 3:55:00 PM,DIPC,6/28/2026 4:00:00 PM,CVIS,23076.9316,
6/28/2026 3:55:00 PM,DIPC,6/28/2026 4:00:00 PM,SYSTEM,9887.7880,
6/28/2026 4:00:00 PM,DIPC,6/28/2026 4:05:00 PM,CLUZ,8630.4589,
6/28/2026 4:00:00 PM,DIPC,6/28/2026 4:05:00 PM,CMIN,3391.4833,
6/28/2026 4:00:00 PM,DIPC,6/28/2026 4:05:00 PM,CVIS,8641.6221,
6/28/2026 4:00:00 PM,DIPC,6/28/2026 4:05:00 PM,SYSTEM,7888.9778,
6/28/2026 4:05:00 PM,DIPC,6/28/2026 4:10:00 PM,CLUZ,8999.3645,
6/28/2026 4:05:00 PM,DIPC,6/28/2026 4:10:00 PM,CMIN,3392.0699,
6/28/2026 4:05:00 PM,DIPC,6/28/2026 4:10:00 PM,CVIS,20258.1836,
6/28/2026 4:05:00 PM,DIPC,6/28/2026 4:10:00 PM,SYSTEM,9771.2296,
6/28/2026 4:10:00 PM,DIPC,6/28/2026 4:15:00 PM,CLUZ,8647.2874,
6/28/2026 4:10:00 PM,DIPC,6/28/2026 4:15:00 PM,CMIN,3395.5561,
6/28/2026 4:10:00 PM,DIPC,6/28/2026 4:15:00 PM,CVIS,8651.0939,
6/28/2026 4:10:00 PM,DIPC,6/28/2026 4:15:00 PM,SYSTEM,7900.5845,
6/28/2026 4:15:00 PM,DIPC,6/28/2026 4:20:00 PM,CLUZ,0,
6/28/2026 4:15:00 PM,DIPC,6/28/2026 4:20:00 PM,CMIN,3394.0375,
6/28/2026 4:15:00 PM,DIPC,6/28/2026 4:20:00 PM,CVIS,19200.9435,
6/28/2026 4:15:00 PM,DIPC,6/28/2026 4:20:00 PM,SYSTEM,3227.4296,
6/28/2026 4:20:00 PM,DIPC,6/28/2026 4:25:00 PM,CLUZ,8643.4956,
6/28/2026 4:20:00 PM,DIPC,6/28/2026 4:25:00 PM,CMIN,3388.3270,
6/28/2026 4:20:00 PM,DIPC,6/28/2026 4:25:00 PM,CVIS,27537.7105,
6/28/2026 4:20:00 PM,DIPC,6/28/2026 4:25:00 PM,SYSTEM,10598.8805,
6/28/2026 4:25:00 PM,DIPC,6/28/2026 4:30:00 PM,CLUZ,8655.1554,
6/28/2026 4:25:00 PM,DIPC,6/28/2026 4:30:00 PM,CMIN,3365.5612,
6/28/2026 4:25:00 PM,DIPC,6/28/2026 4:30:00 PM,CVIS,24916.3347,
6/28/2026 4:25:00 PM,DIPC,6/28/2026 4:30:00 PM,SYSTEM,10232.0899,
6/28/2026 4:30:00 PM,DIPC,6/28/2026 4:35:00 PM,CLUZ,8662.1353,
6/28/2026 4:30:00 PM,DIPC,6/28/2026 4:35:00 PM,CMIN,3363.7072,
6/28/2026 4:30:00 PM,DIPC,6/28/2026 4:35:00 PM,CVIS,27605.2084,
6/28/2026 4:30:00 PM,DIPC,6/28/2026 4:35:00 PM,SYSTEM,10616.8367,
6/28/2026 4:35:00 PM,DIPC,6/28/2026 4:40:00 PM,CLUZ,8656.2903,
6/28/2026 4:35:00 PM,DIPC,6/28/2026 4:40:00 PM,CMIN,8742.1976,
6/28/2026 4:35:00 PM,DIPC,6/28/2026 4:40:00 PM,CVIS,8663.8817,
6/28/2026 4:35:00 PM,DIPC,6/28/2026 4:40:00 PM,SYSTEM,8669.6977,
6/28/2026 4:40:00 PM,DIPC,6/28/2026 4:45:00 PM,CLUZ,8990.5002,
6/28/2026 4:40:00 PM,DIPC,6/28/2026 4:45:00 PM,CMIN,9026.2074,
6/28/2026 4:40:00 PM,DIPC,6/28/2026 4:45:00 PM,CVIS,8990.8249,
6/28/2026 4:40:00 PM,DIPC,6/28/2026 4:45:00 PM,SYSTEM,8995.6786,
6/28/2026 4:45:00 PM,DIPC,6/28/2026 4:50:00 PM,CLUZ,8681.7990,
6/28/2026 4:45:00 PM,DIPC,6/28/2026 4:50:00 PM,CMIN,8682.5256,
6/28/2026 4:45:00 PM,DIPC,6/28/2026 4:50:00 PM,CVIS,8681.5868,
6/28/2026 4:45:00 PM,DIPC,6/28/2026 4:50:00 PM,SYSTEM,8681.8732,
6/28/2026 4:50:00 PM,DIPC,6/28/2026 4:55:00 PM,CLUZ,8682.7991,
6/28/2026 4:50:00 PM,DIPC,6/28/2026 4:55:00 PM,CMIN,8616.0777,
6/28/2026 4:50:00 PM,DIPC,6/28/2026 4:55:00 PM,CVIS,8690.6074,
6/28/2026 4:50:00 PM,DIPC,6/28/2026 4:55:00 PM,SYSTEM,8674.4199,
6/28/2026 4:55:00 PM,DIPC,6/28/2026 5:00:00 PM,CLUZ,9015.2581,
6/28/2026 4:55:00 PM,DIPC,6/28/2026 5:00:00 PM,CMIN,8964.3630,
6/28/2026 4:55:00 PM,DIPC,6/28/2026 5:00:00 PM,CVIS,9017.0703,
6/28/2026 4:55:00 PM,DIPC,6/28/2026 5:00:00 PM,SYSTEM,9008.2142,
6/28/2026 5:00:00 PM,DIPC,6/28/2026 5:05:00 PM,CLUZ,9014.1449,
6/28/2026 5:00:00 PM,DIPC,6/28/2026 5:05:00 PM,CMIN,3874.2269,
6/28/2026 5:00:00 PM,DIPC,6/28/2026 5:05:00 PM,CVIS,8995.9031,
6/28/2026 5:00:00 PM,DIPC,6/28/2026 5:05:00 PM,SYSTEM,8273.0715,
6/28/2026 5:05:00 PM,DIPC,6/28/2026 5:10:00 PM,CLUZ,8688.6197,
6/28/2026 5:05:00 PM,DIPC,6/28/2026 5:10:00 PM,CMIN,3878.1487,
6/28/2026 5:05:00 PM,DIPC,6/28/2026 5:10:00 PM,CVIS,8678.8285,
6/28/2026 5:05:00 PM,DIPC,6/28/2026 5:10:00 PM,SYSTEM,7990.5158,
6/28/2026 5:10:00 PM,DIPC,6/28/2026 5:15:00 PM,CLUZ,9049.2936,
6/28/2026 5:10:00 PM,DIPC,6/28/2026 5:15:00 PM,CMIN,3877.9308,
6/28/2026 5:10:00 PM,DIPC,6/28/2026 5:15:00 PM,CVIS,9025.1860,
6/28/2026 5:10:00 PM,DIPC,6/28/2026 5:15:00 PM,SYSTEM,8295.9448,
6/28/2026 5:15:00 PM,DIPC,6/28/2026 5:20:00 PM,CLUZ,9036.2548,
6/28/2026 5:15:00 PM,DIPC,6/28/2026 5:20:00 PM,CMIN,3880.5642,
6/28/2026 5:15:00 PM,DIPC,6/28/2026 5:20:00 PM,CVIS,9011.5494,
6/28/2026 5:15:00 PM,DIPC,6/28/2026 5:20:00 PM,SYSTEM,8284.7631,
6/28/2026 5:20:00 PM,DIPC,6/28/2026 5:25:00 PM,CLUZ,9052.4215,
6/28/2026 5:20:00 PM,DIPC,6/28/2026 5:25:00 PM,CMIN,4206.0406,
6/28/2026 5:20:00 PM,DIPC,6/28/2026 5:25:00 PM,CVIS,9016.5548,
6/28/2026 5:20:00 PM,DIPC,6/28/2026 5:25:00 PM,SYSTEM,8340.3936,
6/28/2026 5:25:00 PM,DIPC,6/28/2026 5:30:00 PM,CLUZ,9318.3799,
6/28/2026 5:25:00 PM,DIPC,6/28/2026 5:30:00 PM,CMIN,4088.7488,
6/28/2026 5:25:00 PM,DIPC,6/28/2026 5:30:00 PM,CVIS,9273.0225,
6/28/2026 5:25:00 PM,DIPC,6/28/2026 5:30:00 PM,SYSTEM,8550.4670,
6/28/2026 5:30:00 PM,DIPC,6/28/2026 5:35:00 PM,CLUZ,9331.39,
6/28/2026 5:30:00 PM,DIPC,6/28/2026 5:35:00 PM,CMIN,4064.0691,
6/28/2026 5:30:00 PM,DIPC,6/28/2026 5:35:00 PM,CVIS,9280.9322,
6/28/2026 5:30:00 PM,DIPC,6/28/2026 5:35:00 PM,SYSTEM,8553.8134,
6/28/2026 5:35:00 PM,DIPC,6/28/2026 5:40:00 PM,CLUZ,9273.7727,
6/28/2026 5:35:00 PM,DIPC,6/28/2026 5:40:00 PM,CMIN,3902.5387,
6/28/2026 5:35:00 PM,DIPC,6/28/2026 5:40:00 PM,CVIS,9216.0824,
6/28/2026 5:35:00 PM,DIPC,6/28/2026 5:40:00 PM,SYSTEM,8478.6115,
6/28/2026 5:40:00 PM,DIPC,6/28/2026 5:45:00 PM,CLUZ,9240.2582,
6/28/2026 5:40:00 PM,DIPC,6/28/2026 5:45:00 PM,CMIN,4668.2451,
6/28/2026 5:40:00 PM,DIPC,6/28/2026 5:45:00 PM,CVIS,9190.2618,
6/28/2026 5:40:00 PM,DIPC,6/28/2026 5:45:00 PM,SYSTEM,8554.1515,
6/28/2026 5:45:00 PM,DIPC,6/28/2026 5:50:00 PM,CLUZ,12077.1903,
6/28/2026 5:45:00 PM,DIPC,6/28/2026 5:50:00 PM,CMIN,4677.3367,
6/28/2026 5:45:00 PM,DIPC,6/28/2026 5:50:00 PM,CVIS,12031.8664,
6/28/2026 5:45:00 PM,DIPC,6/28/2026 5:50:00 PM,SYSTEM,10965.1562,
6/28/2026 5:50:00 PM,DIPC,6/28/2026 5:55:00 PM,CLUZ,15313.2694,
6/28/2026 5:50:00 PM,DIPC,6/28/2026 5:55:00 PM,CMIN,5210.7675,
6/28/2026 5:50:00 PM,DIPC,6/28/2026 5:55:00 PM,CVIS,15248.8852,
6/28/2026 5:50:00 PM,DIPC,6/28/2026 5:55:00 PM,SYSTEM,13785.0721,
6/28/2026 5:55:00 PM,DIPC,6/28/2026 6:00:00 PM,CLUZ,15486.2728,
6/28/2026 5:55:00 PM,DIPC,6/28/2026 6:00:00 PM,CMIN,15491.9381,
6/28/2026 5:55:00 PM,DIPC,6/28/2026 6:00:00 PM,CVIS,15414.9446,
6/28/2026 5:55:00 PM,DIPC,6/28/2026 6:00:00 PM,SYSTEM,15476.7925,
6/28/2026 6:00:00 PM,DIPC,6/28/2026 6:05:00 PM,CLUZ,0,
6/28/2026 6:00:00 PM,DIPC,6/28/2026 6:05:00 PM,CMIN,5742.9922,
6/28/2026 6:00:00 PM,DIPC,6/28/2026 6:05:00 PM,CVIS,27722.7407,
6/28/2026 6:00:00 PM,DIPC,6/28/2026 6:05:00 PM,SYSTEM,4949.7015,
6/28/2026 6:05:00 PM,DIPC,6/28/2026 6:10:00 PM,CLUZ,8749.6793,
6/28/2026 6:05:00 PM,DIPC,6/28/2026 6:10:00 PM,CMIN,23498.7522,
6/28/2026 6:05:00 PM,DIPC,6/28/2026 6:10:00 PM,CVIS,27724.3667,
6/28/2026 6:05:00 PM,DIPC,6/28/2026 6:10:00 PM,SYSTEM,13824.3425,
6/28/2026 6:10:00 PM,DIPC,6/28/2026 6:15:00 PM,CLUZ,9072.8113,
6/28/2026 6:10:00 PM,DIPC,6/28/2026 6:15:00 PM,CMIN,17623.4225,
6/28/2026 6:10:00 PM,DIPC,6/28/2026 6:15:00 PM,CVIS,30903.8171,
6/28/2026 6:10:00 PM,DIPC,6/28/2026 6:15:00 PM,SYSTEM,13621.1648,
6/28/2026 6:15:00 PM,DIPC,6/28/2026 6:20:00 PM,CLUZ,9082.3278,
6/28/2026 6:15:00 PM,DIPC,6/28/2026 6:20:00 PM,CMIN,13862.0370,
6/28/2026 6:15:00 PM,DIPC,6/28/2026 6:20:00 PM,CVIS,31055.6986,
6/28/2026 6:15:00 PM,DIPC,6/28/2026 6:20:00 PM,SYSTEM,13073.7113,
6/28/2026 6:20:00 PM,DIPC,6/28/2026 6:25:00 PM,CLUZ,9089.7154,
6/28/2026 6:20:00 PM,DIPC,6/28/2026 6:25:00 PM,CMIN,17656.2834,
6/28/2026 6:20:00 PM,DIPC,6/28/2026 6:25:00 PM,CVIS,31081.5315,
6/28/2026 6:20:00 PM,DIPC,6/28/2026 6:25:00 PM,SYSTEM,13679.8284,
6/28/2026 6:25:00 PM,DIPC,6/28/2026 6:30:00 PM,CLUZ,9097.5248,
6/28/2026 6:25:00 PM,DIPC,6/28/2026 6:30:00 PM,CMIN,23312.5059,
6/28/2026 6:25:00 PM,DIPC,6/28/2026 6:30:00 PM,CVIS,31026.6864,
6/28/2026 6:25:00 PM,DIPC,6/28/2026 6:30:00 PM,SYSTEM,14547.7678,
6/28/2026 6:30:00 PM,DIPC,6/28/2026 6:35:00 PM,CLUZ,9104.5633,
6/28/2026 6:30:00 PM,DIPC,6/28/2026 6:35:00 PM,CMIN,17702.0324,
6/28/2026 6:30:00 PM,DIPC,6/28/2026 6:35:00 PM,CVIS,30315.8069,
6/28/2026 6:30:00 PM,DIPC,6/28/2026 6:35:00 PM,SYSTEM,13571.0333,
6/28/2026 6:35:00 PM,DIPC,6/28/2026 6:40:00 PM,CLUZ,9096.8481,
6/28/2026 6:35:00 PM,DIPC,6/28/2026 6:40:00 PM,CMIN,5258.8165,
6/28/2026 6:35:00 PM,DIPC,6/28/2026 6:40:00 PM,CVIS,29008.7006,
6/28/2026 6:35:00 PM,DIPC,6/28/2026 6:40:00 PM,SYSTEM,11453.7762,
6/28/2026 6:40:00 PM,DIPC,6/28/2026 6:45:00 PM,CLUZ,9090.7841,
6/28/2026 6:40:00 PM,DIPC,6/28/2026 6:45:00 PM,CMIN,6309.2178,
6/28/2026 6:40:00 PM,DIPC,6/28/2026 6:45:00 PM,CVIS,30327.2441,
6/28/2026 6:40:00 PM,DIPC,6/28/2026 6:45:00 PM,SYSTEM,11808.9564,
6/28/2026 6:45:00 PM,DIPC,6/28/2026 6:50:00 PM,CLUZ,9137.8051,
6/28/2026 6:45:00 PM,DIPC,6/28/2026 6:50:00 PM,CMIN,10487.4082,
6/28/2026 6:45:00 PM,DIPC,6/28/2026 6:50:00 PM,CVIS,30322.9956,
6/28/2026 6:45:00 PM,DIPC,6/28/2026 6:50:00 PM,SYSTEM,12460.5908,
6/28/2026 6:50:00 PM,DIPC,6/28/2026 6:55:00 PM,CLUZ,9103.6281,
6/28/2026 6:50:00 PM,DIPC,6/28/2026 6:55:00 PM,CMIN,6311.4095,
6/28/2026 6:50:00 PM,DIPC,6/28/2026 6:55:00 PM,CVIS,29021.3636,
6/28/2026 6:50:00 PM,DIPC,6/28/2026 6:55:00 PM,SYSTEM,11614.8398,
6/28/2026 6:55:00 PM,DIPC,6/28/2026 7:00:00 PM,CLUZ,9092.3155,
6/28/2026 6:55:00 PM,DIPC,6/28/2026 7:00:00 PM,CMIN,5246.3442,
6/28/2026 6:55:00 PM,DIPC,6/28/2026 7:00:00 PM,CVIS,28909.3505,
6/28/2026 6:55:00 PM,DIPC,6/28/2026 7:00:00 PM,SYSTEM,11425.5632,
6/28/2026 7:00:00 PM,DIPC,6/28/2026 7:05:00 PM,CLUZ,8760.8090,
6/28/2026 7:00:00 PM,DIPC,6/28/2026 7:05:00 PM,CMIN,5772.6901,
6/28/2026 7:00:00 PM,DIPC,6/28/2026 7:05:00 PM,CVIS,28944.3962,
6/28/2026 7:00:00 PM,DIPC,6/28/2026 7:05:00 PM,SYSTEM,11269.9886,
6/28/2026 7:05:00 PM,DIPC,6/28/2026 7:10:00 PM,CLUZ,9130.3990,
6/28/2026 7:05:00 PM,DIPC,6/28/2026 7:10:00 PM,CMIN,5240.4553,
6/28/2026 7:05:00 PM,DIPC,6/28/2026 7:10:00 PM,CVIS,26002.0129,
6/28/2026 7:05:00 PM,DIPC,6/28/2026 7:10:00 PM,SYSTEM,10996.3641,
6/28/2026 7:10:00 PM,DIPC,6/28/2026 7:15:00 PM,CLUZ,9102.8296,
6/28/2026 7:10:00 PM,DIPC,6/28/2026 7:15:00 PM,CMIN,5238.6370,
6/28/2026 7:10:00 PM,DIPC,6/28/2026 7:15:00 PM,CVIS,23192.3393,
6/28/2026 7:10:00 PM,DIPC,6/28/2026 7:15:00 PM,SYSTEM,10572.4974,
6/28/2026 7:15:00 PM,DIPC,6/28/2026 7:20:00 PM,CLUZ,9103.9704,
6/28/2026 7:15:00 PM,DIPC,6/28/2026 7:20:00 PM,CMIN,21542.2034,
6/28/2026 7:15:00 PM,DIPC,6/28/2026 7:20:00 PM,CVIS,21370.0879,
6/28/2026 7:15:00 PM,DIPC,6/28/2026 7:20:00 PM,SYSTEM,12702.3526,
6/28/2026 7:20:00 PM,DIPC,6/28/2026 7:25:00 PM,CLUZ,9099.9566,
6/28/2026 7:20:00 PM,DIPC,6/28/2026 7:25:00 PM,CMIN,10386.3104,
6/28/2026 7:20:00 PM,DIPC,6/28/2026 7:25:00 PM,CVIS,21370.0174,
6/28/2026 7:20:00 PM,DIPC,6/28/2026 7:25:00 PM,SYSTEM,11050.1684,
6/28/2026 7:25:00 PM,DIPC,6/28/2026 7:30:00 PM,CLUZ,9095.6805,
6/28/2026 7:25:00 PM,DIPC,6/28/2026 7:30:00 PM,CMIN,6313.0078,
6/28/2026 7:25:00 PM,DIPC,6/28/2026 7:30:00 PM,CVIS,21348.2182,
6/28/2026 7:25:00 PM,DIPC,6/28/2026 7:30:00 PM,SYSTEM,10441.8172,
6/28/2026 7:30:00 PM,DIPC,6/28/2026 7:35:00 PM,CLUZ,9093.8412,
6/28/2026 7:30:00 PM,DIPC,6/28/2026 7:35:00 PM,CMIN,5764.0714,
6/28/2026 7:30:00 PM,DIPC,6/28/2026 7:35:00 PM,CVIS,13266.6729,
6/28/2026 7:30:00 PM,DIPC,6/28/2026 7:35:00 PM,SYSTEM,9202.8087,
6/28/2026 7:35:00 PM,DIPC,6/28/2026 7:40:00 PM,CLUZ,9093.5584,
6/28/2026 7:35:00 PM,DIPC,6/28/2026 7:40:00 PM,CMIN,5778.3150,
6/28/2026 7:35:00 PM,DIPC,6/28/2026 7:40:00 PM,CVIS,13272.7712,
6/28/2026 7:35:00 PM,DIPC,6/28/2026 7:40:00 PM,SYSTEM,9204.6098,
6/28/2026 7:40:00 PM,DIPC,6/28/2026 7:45:00 PM,CLUZ,9096.8533,
6/28/2026 7:40:00 PM,DIPC,6/28/2026 7:45:00 PM,CMIN,6317.6343,
6/28/2026 7:40:00 PM,DIPC,6/28/2026 7:45:00 PM,CVIS,12871.1013,
6/28/2026 7:40:00 PM,DIPC,6/28/2026 7:45:00 PM,SYSTEM,9225.9656,
6/28/2026 7:45:00 PM,DIPC,6/28/2026 7:50:00 PM,CLUZ,9100.7408,
6/28/2026 7:45:00 PM,DIPC,6/28/2026 7:50:00 PM,CMIN,6310.2615,
6/28/2026 7:45:00 PM,DIPC,6/28/2026 7:50:00 PM,CVIS,19355.4959,
6/28/2026 7:45:00 PM,DIPC,6/28/2026 7:50:00 PM,SYSTEM,10147.7557,
6/28/2026 7:50:00 PM,DIPC,6/28/2026 7:55:00 PM,CLUZ,9097.3544,
6/28/2026 7:50:00 PM,DIPC,6/28/2026 7:55:00 PM,CMIN,5781.9922,
6/28/2026 7:50:00 PM,DIPC,6/28/2026 7:55:00 PM,CVIS,19353.4547,
6/28/2026 7:50:00 PM,DIPC,6/28/2026 7:55:00 PM,SYSTEM,10067.4856,
6/28/2026 7:55:00 PM,DIPC,6/28/2026 8:00:00 PM,CLUZ,9102.6236,
6/28/2026 7:55:00 PM,DIPC,6/28/2026 8:00:00 PM,CMIN,5781.9630,
6/28/2026 7:55:00 PM,DIPC,6/28/2026 8:00:00 PM,CVIS,19073.5865,
6/28/2026 7:55:00 PM,DIPC,6/28/2026 8:00:00 PM,SYSTEM,10026.9646,
6/28/2026 8:00:00 PM,DIPC,6/28/2026 8:05:00 PM,CLUZ,8770.9718,
6/28/2026 8:00:00 PM,DIPC,6/28/2026 8:05:00 PM,CMIN,4183.5137,
6/28/2026 8:00:00 PM,DIPC,6/28/2026 8:05:00 PM,CVIS,19050.8965,
6/28/2026 8:00:00 PM,DIPC,6/28/2026 8:05:00 PM,SYSTEM,9559.3943,
6/28/2026 8:05:00 PM,DIPC,6/28/2026 8:10:00 PM,CLUZ,8776.7592,
6/28/2026 8:05:00 PM,DIPC,6/28/2026 8:10:00 PM,CMIN,5233.5541,
6/28/2026 8:05:00 PM,DIPC,6/28/2026 8:10:00 PM,CVIS,19056.8595,
6/28/2026 8:05:00 PM,DIPC,6/28/2026 8:10:00 PM,SYSTEM,9711.5535,
6/28/2026 8:10:00 PM,DIPC,6/28/2026 8:15:00 PM,CLUZ,9101.0622,
6/28/2026 8:10:00 PM,DIPC,6/28/2026 8:15:00 PM,CMIN,5235.0048,
6/28/2026 8:10:00 PM,DIPC,6/28/2026 8:15:00 PM,CVIS,19073.6284,
6/28/2026 8:10:00 PM,DIPC,6/28/2026 8:15:00 PM,SYSTEM,9946.4897,
6/28/2026 8:15:00 PM,DIPC,6/28/2026 8:20:00 PM,CLUZ,9104.88,
6/28/2026 8:15:00 PM,DIPC,6/28/2026 8:20:00 PM,CMIN,5239.0814,
6/28/2026 8:15:00 PM,DIPC,6/28/2026 8:20:00 PM,CVIS,19062.4402,
6/28/2026 8:15:00 PM,DIPC,6/28/2026 8:20:00 PM,SYSTEM,9945.9056,
6/28/2026 8:20:00 PM,DIPC,6/28/2026 8:25:00 PM,CLUZ,9113.5074,
6/28/2026 8:20:00 PM,DIPC,6/28/2026 8:25:00 PM,CMIN,5237.7863,
6/28/2026 8:20:00 PM,DIPC,6/28/2026 8:25:00 PM,CVIS,19078.8636,
6/28/2026 8:20:00 PM,DIPC,6/28/2026 8:25:00 PM,SYSTEM,9955.6733,
6/28/2026 8:25:00 PM,DIPC,6/28/2026 8:30:00 PM,CLUZ,9117.4205,
6/28/2026 8:25:00 PM,DIPC,6/28/2026 8:30:00 PM,CMIN,5240.3102,
6/28/2026 8:25:00 PM,DIPC,6/28/2026 8:30:00 PM,CVIS,19078.5357,
6/28/2026 8:25:00 PM,DIPC,6/28/2026 8:30:00 PM,SYSTEM,9955.4978,
6/28/2026 8:30:00 PM,DIPC,6/28/2026 8:35:00 PM,CLUZ,9119.4440,
6/28/2026 8:30:00 PM,DIPC,6/28/2026 8:35:00 PM,CMIN,5229.4212,
6/28/2026 8:30:00 PM,DIPC,6/28/2026 8:35:00 PM,CVIS,19070.9405,
6/28/2026 8:30:00 PM,DIPC,6/28/2026 8:35:00 PM,SYSTEM,9956.2839,
6/28/2026 8:35:00 PM,DIPC,6/28/2026 8:40:00 PM,CLUZ,9120.6152,
6/28/2026 8:35:00 PM,DIPC,6/28/2026 8:40:00 PM,CMIN,5223.1184,
6/28/2026 8:35:00 PM,DIPC,6/28/2026 8:40:00 PM,CVIS,9029.0582,
6/28/2026 8:35:00 PM,DIPC,6/28/2026 8:40:00 PM,SYSTEM,8547.5225,
6/28/2026 8:40:00 PM,DIPC,6/28/2026 8:45:00 PM,CLUZ,9123.4150,
6/28/2026 8:40:00 PM,DIPC,6/28/2026 8:45:00 PM,CMIN,4687.2250,
6/28/2026 8:40:00 PM,DIPC,6/28/2026 8:45:00 PM,CVIS,9032.2657,
6/28/2026 8:40:00 PM,DIPC,6/28/2026 8:45:00 PM,SYSTEM,8477.5850,
6/28/2026 8:45:00 PM,DIPC,6/28/2026 8:50:00 PM,CLUZ,9122.1578,
6/28/2026 8:45:00 PM,DIPC,6/28/2026 8:50:00 PM,CMIN,4180.5881,
6/28/2026 8:45:00 PM,DIPC,6/28/2026 8:50:00 PM,CVIS,9030.7443,
6/28/2026 8:45:00 PM,DIPC,6/28/2026 8:50:00 PM,SYSTEM,8404.4130,
6/28/2026 8:50:00 PM,DIPC,6/28/2026 8:55:00 PM,CLUZ,9124.3236,
6/28/2026 8:50:00 PM,DIPC,6/28/2026 8:55:00 PM,CMIN,5753.0347,
6/28/2026 8:50:00 PM,DIPC,6/28/2026 8:55:00 PM,CVIS,9031.7445,
6/28/2026 8:50:00 PM,DIPC,6/28/2026 8:55:00 PM,SYSTEM,8625.38,
6/28/2026 8:55:00 PM,DIPC,6/28/2026 9:00:00 PM,CLUZ,9122.2747,
6/28/2026 8:55:00 PM,DIPC,6/28/2026 9:00:00 PM,CMIN,5223.7227,
6/28/2026 8:55:00 PM,DIPC,6/28/2026 9:00:00 PM,CVIS,9030.2601,
6/28/2026 8:55:00 PM,DIPC,6/28/2026 9:00:00 PM,SYSTEM,8548.8161,
6/28/2026 9:00:00 PM,DIPC,6/28/2026 9:05:00 PM,CLUZ,8949.8574,
6/28/2026 9:00:00 PM,DIPC,6/28/2026 9:05:00 PM,CMIN,8949.8574,
6/28/2026 9:00:00 PM,DIPC,6/28/2026 9:05:00 PM,CVIS,8949.8574,
6/28/2026 9:00:00 PM,DIPC,6/28/2026 9:05:00 PM,SYSTEM,8949.8574,
6/28/2026 9:05:00 PM,DIPC,6/28/2026 9:10:00 PM,CLUZ,8949.4688,
6/28/2026 9:05:00 PM,DIPC,6/28/2026 9:10:00 PM,CMIN,8949.4688,
6/28/2026 9:05:00 PM,DIPC,6/28/2026 9:10:00 PM,CVIS,8949.4688,
6/28/2026 9:05:00 PM,DIPC,6/28/2026 9:10:00 PM,SYSTEM,8949.4688,
6/28/2026 9:10:00 PM,DIPC,6/28/2026 9:15:00 PM,CLUZ,8948.5294,
6/28/2026 9:10:00 PM,DIPC,6/28/2026 9:15:00 PM,CMIN,8948.5294,
6/28/2026 9:10:00 PM,DIPC,6/28/2026 9:15:00 PM,CVIS,8948.5294,
6/28/2026 9:10:00 PM,DIPC,6/28/2026 9:15:00 PM,SYSTEM,8948.5294,
6/28/2026 9:15:00 PM,DIPC,6/28/2026 9:20:00 PM,CLUZ,8948.0505,
6/28/2026 9:15:00 PM,DIPC,6/28/2026 9:20:00 PM,CMIN,8948.0505,
6/28/2026 9:15:00 PM,DIPC,6/28/2026 9:20:00 PM,CVIS,8948.0505,
6/28/2026 9:15:00 PM,DIPC,6/28/2026 9:20:00 PM,SYSTEM,8948.0505,
6/28/2026 9:20:00 PM,DIPC,6/28/2026 9:25:00 PM,CLUZ,14842.0697,
6/28/2026 9:20:00 PM,DIPC,6/28/2026 9:25:00 PM,CMIN,14842.0697,
6/28/2026 9:20:00 PM,DIPC,6/28/2026 9:25:00 PM,CVIS,14842.0697,
6/28/2026 9:20:00 PM,DIPC,6/28/2026 9:25:00 PM,SYSTEM,14842.0697,
6/28/2026 9:25:00 PM,DIPC,6/28/2026 9:30:00 PM,CLUZ,8947.4470,
6/28/2026 9:25:00 PM,DIPC,6/28/2026 9:30:00 PM,CMIN,8947.4470,
6/28/2026 9:25:00 PM,DIPC,6/28/2026 9:30:00 PM,CVIS,8947.4470,
6/28/2026 9:25:00 PM,DIPC,6/28/2026 9:30:00 PM,SYSTEM,8947.4470,
6/28/2026 9:30:00 PM,DIPC,6/28/2026 9:35:00 PM,CLUZ,8946.2894,
6/28/2026 9:30:00 PM,DIPC,6/28/2026 9:35:00 PM,CMIN,8946.2894,
6/28/2026 9:30:00 PM,DIPC,6/28/2026 9:35:00 PM,CVIS,8946.2894,
6/28/2026 9:30:00 PM,DIPC,6/28/2026 9:35:00 PM,SYSTEM,8946.2894,
6/28/2026 9:35:00 PM,DIPC,6/28/2026 9:40:00 PM,CLUZ,8947.8226,
6/28/2026 9:35:00 PM,DIPC,6/28/2026 9:40:00 PM,CMIN,8947.8226,
6/28/2026 9:35:00 PM,DIPC,6/28/2026 9:40:00 PM,CVIS,8947.8226,
6/28/2026 9:35:00 PM,DIPC,6/28/2026 9:40:00 PM,SYSTEM,8947.8226,
6/28/2026 9:40:00 PM,DIPC,6/28/2026 9:45:00 PM,CLUZ,8946.8859,
6/28/2026 9:40:00 PM,DIPC,6/28/2026 9:45:00 PM,CMIN,8946.8859,
6/28/2026 9:40:00 PM,DIPC,6/28/2026 9:45:00 PM,CVIS,8946.8859,
6/28/2026 9:40:00 PM,DIPC,6/28/2026 9:45:00 PM,SYSTEM,8946.8859,
6/28/2026 9:45:00 PM,DIPC,6/28/2026 9:50:00 PM,CLUZ,8948.0124,
6/28/2026 9:45:00 PM,DIPC,6/28/2026 9:50:00 PM,CMIN,8948.0124,
6/28/2026 9:45:00 PM,DIPC,6/28/2026 9:50:00 PM,CVIS,8948.0124,
6/28/2026 9:45:00 PM,DIPC,6/28/2026 9:50:00 PM,SYSTEM,8948.0124,
6/28/2026 9:50:00 PM,DIPC,6/28/2026 9:55:00 PM,CLUZ,8947.2495,
6/28/2026 9:50:00 PM,DIPC,6/28/2026 9:55:00 PM,CMIN,8947.2495,
6/28/2026 9:50:00 PM,DIPC,6/28/2026 9:55:00 PM,CVIS,8947.2495,
6/28/2026 9:50:00 PM,DIPC,6/28/2026 9:55:00 PM,SYSTEM,8947.2495,
6/28/2026 9:55:00 PM,DIPC,6/28/2026 10:00:00 PM,CLUZ,8947.5581,
6/28/2026 9:55:00 PM,DIPC,6/28/2026 10:00:00 PM,CMIN,8947.5581,
6/28/2026 9:55:00 PM,DIPC,6/28/2026 10:00:00 PM,CVIS,8947.5581,
6/28/2026 9:55:00 PM,DIPC,6/28/2026 10:00:00 PM,SYSTEM,8947.5581,
6/28/2026 10:00:00 PM,DIPC,6/28/2026 10:05:00 PM,CLUZ,15300.0424,
6/28/2026 10:00:00 PM,DIPC,6/28/2026 10:05:00 PM,CMIN,15300.0424,
6/28/2026 10:00:00 PM,DIPC,6/28/2026 10:05:00 PM,CVIS,15300.0424,
6/28/2026 10:00:00 PM,DIPC,6/28/2026 10:05:00 PM,SYSTEM,15300.0424,
6/28/2026 10:05:00 PM,DIPC,6/28/2026 10:10:00 PM,CLUZ,8944.5291,
6/28/2026 10:05:00 PM,DIPC,6/28/2026 10:10:00 PM,CMIN,8944.5291,
6/28/2026 10:05:00 PM,DIPC,6/28/2026 10:10:00 PM,CVIS,8944.5291,
6/28/2026 10:05:00 PM,DIPC,6/28/2026 10:10:00 PM,SYSTEM,8944.5291,
6/28/2026 10:10:00 PM,DIPC,6/28/2026 10:15:00 PM,CLUZ,8943.5781,
6/28/2026 10:10:00 PM,DIPC,6/28/2026 10:15:00 PM,CMIN,8943.5781,
6/28/2026 10:10:00 PM,DIPC,6/28/2026 10:15:00 PM,CVIS,8943.5781,
6/28/2026 10:10:00 PM,DIPC,6/28/2026 10:15:00 PM,SYSTEM,8943.5781,
6/28/2026 10:15:00 PM,DIPC,6/28/2026 10:20:00 PM,CLUZ,14208.2450,
6/28/2026 10:15:00 PM,DIPC,6/28/2026 10:20:00 PM,CMIN,14208.2450,
6/28/2026 10:15:00 PM,DIPC,6/28/2026 10:20:00 PM,CVIS,14208.2450,
6/28/2026 10:15:00 PM,DIPC,6/28/2026 10:20:00 PM,SYSTEM,14208.2450,
6/28/2026 10:20:00 PM,DIPC,6/28/2026 10:25:00 PM,CLUZ,8941.4870,
6/28/2026 10:20:00 PM,DIPC,6/28/2026 10:25:00 PM,CMIN,8941.4870,
6/28/2026 10:20:00 PM,DIPC,6/28/2026 10:25:00 PM,CVIS,8941.4870,
6/28/2026 10:20:00 PM,DIPC,6/28/2026 10:25:00 PM,SYSTEM,8941.4870,
6/28/2026 10:25:00 PM,DIPC,6/28/2026 10:30:00 PM,CLUZ,8941.2664,
6/28/2026 10:25:00 PM,DIPC,6/28/2026 10:30:00 PM,CMIN,8941.2664,
6/28/2026 10:25:00 PM,DIPC,6/28/2026 10:30:00 PM,CVIS,8941.2664,
6/28/2026 10:25:00 PM,DIPC,6/28/2026 10:30:00 PM,SYSTEM,8941.2664,
6/28/2026 10:30:00 PM,DIPC,6/28/2026 10:35:00 PM,CLUZ,8940.4557,
6/28/2026 10:30:00 PM,DIPC,6/28/2026 10:35:00 PM,CMIN,8940.4557,
6/28/2026 10:30:00 PM,DIPC,6/28/2026 10:35:00 PM,CVIS,8940.4557,
6/28/2026 10:30:00 PM,DIPC,6/28/2026 10:35:00 PM,SYSTEM,8940.4557,
6/28/2026 10:35:00 PM,DIPC,6/28/2026 10:40:00 PM,CLUZ,8939.0380,
6/28/2026 10:35:00 PM,DIPC,6/28/2026 10:40:00 PM,CMIN,8939.0380,
6/28/2026 10:35:00 PM,DIPC,6/28/2026 10:40:00 PM,CVIS,8939.0380,
6/28/2026 10:35:00 PM,DIPC,6/28/2026 10:40:00 PM,SYSTEM,8939.0380,
6/28/2026 10:40:00 PM,DIPC,6/28/2026 10:45:00 PM,CLUZ,8943.9816,
6/28/2026 10:40:00 PM,DIPC,6/28/2026 10:45:00 PM,CMIN,3901.0741,
6/28/2026 10:40:00 PM,DIPC,6/28/2026 10:45:00 PM,CVIS,8843.2753,
6/28/2026 10:40:00 PM,DIPC,6/28/2026 10:45:00 PM,SYSTEM,8228.4517,
6/28/2026 10:45:00 PM,DIPC,6/28/2026 10:50:00 PM,CLUZ,8630.2995,
6/28/2026 10:45:00 PM,DIPC,6/28/2026 10:50:00 PM,CMIN,8630.2995,
6/28/2026 10:45:00 PM,DIPC,6/28/2026 10:50:00 PM,CVIS,8630.2995,
6/28/2026 10:45:00 PM,DIPC,6/28/2026 10:50:00 PM,SYSTEM,8630.2995,
6/28/2026 10:50:00 PM,DIPC,6/28/2026 10:55:00 PM,CLUZ,8629.7309,
6/28/2026 10:50:00 PM,DIPC,6/28/2026 10:55:00 PM,CMIN,8629.7309,
6/28/2026 10:50:00 PM,DIPC,6/28/2026 10:55:00 PM,CVIS,8629.7309,
6/28/2026 10:50:00 PM,DIPC,6/28/2026 10:55:00 PM,SYSTEM,8629.7309,
6/28/2026 10:55:00 PM,DIPC,6/28/2026 11:00:00 PM,CLUZ,4589.2479,
6/28/2026 10:55:00 PM,DIPC,6/28/2026 11:00:00 PM,CMIN,4589.2479,
6/28/2026 10:55:00 PM,DIPC,6/28/2026 11:00:00 PM,CVIS,4589.2479,
6/28/2026 10:55:00 PM,DIPC,6/28/2026 11:00:00 PM,SYSTEM,4589.2479,
6/28/2026 11:00:00 PM,DIPC,6/28/2026 11:05:00 PM,CLUZ,7116.6595,
6/28/2026 11:00:00 PM,DIPC,6/28/2026 11:05:00 PM,CMIN,7116.6595,
6/28/2026 11:00:00 PM,DIPC,6/28/2026 11:05:00 PM,CVIS,7116.6595,
6/28/2026 11:00:00 PM,DIPC,6/28/2026 11:05:00 PM,SYSTEM,7116.6595,
6/28/2026 11:05:00 PM,DIPC,6/28/2026 11:10:00 PM,CLUZ,5726.8474,
6/28/2026 11:05:00 PM,DIPC,6/28/2026 11:10:00 PM,CMIN,3904.5683,
6/28/2026 11:05:00 PM,DIPC,6/28/2026 11:10:00 PM,CVIS,5675.1365,
6/28/2026 11:05:00 PM,DIPC,6/28/2026 11:10:00 PM,SYSTEM,5465.9344,
6/28/2026 11:10:00 PM,DIPC,6/28/2026 11:15:00 PM,CLUZ,8747.1756,
6/28/2026 11:10:00 PM,DIPC,6/28/2026 11:15:00 PM,CMIN,3901.9167,
6/28/2026 11:10:00 PM,DIPC,6/28/2026 11:15:00 PM,CVIS,8678.0680,
6/28/2026 11:10:00 PM,DIPC,6/28/2026 11:15:00 PM,SYSTEM,8062.6014,
6/28/2026 11:15:00 PM,DIPC,6/28/2026 11:20:00 PM,CLUZ,5886.3724,
6/28/2026 11:15:00 PM,DIPC,6/28/2026 11:20:00 PM,CMIN,3965.2850,
6/28/2026 11:15:00 PM,DIPC,6/28/2026 11:20:00 PM,CVIS,5840.8607,
6/28/2026 11:15:00 PM,DIPC,6/28/2026 11:20:00 PM,SYSTEM,5611.4048,
6/28/2026 11:20:00 PM,DIPC,6/28/2026 11:25:00 PM,CLUZ,4121.2904,
6/28/2026 11:20:00 PM,DIPC,6/28/2026 11:25:00 PM,CMIN,3635.6490,
6/28/2026 11:20:00 PM,DIPC,6/28/2026 11:25:00 PM,CVIS,4089.2762,
6/28/2026 11:20:00 PM,DIPC,6/28/2026 11:25:00 PM,SYSTEM,4049.3733,
6/28/2026 11:25:00 PM,DIPC,6/28/2026 11:30:00 PM,CLUZ,4482.0757,
6/28/2026 11:25:00 PM,DIPC,6/28/2026 11:30:00 PM,CMIN,3742.2961,
6/28/2026 11:25:00 PM,DIPC,6/28/2026 11:30:00 PM,CVIS,4448.8669,
6/28/2026 11:25:00 PM,DIPC,6/28/2026 11:30:00 PM,SYSTEM,4375.1212,
6/28/2026 11:30:00 PM,DIPC,6/28/2026 11:35:00 PM,CLUZ,3741.4142,
6/28/2026 11:30:00 PM,DIPC,6/28/2026 11:35:00 PM,CMIN,3723.0608,
6/28/2026 11:30:00 PM,DIPC,6/28/2026 11:35:00 PM,CVIS,3711.5546,
6/28/2026 11:30:00 PM,DIPC,6/28/2026 11:35:00 PM,SYSTEM,3734.8333,
6/28/2026 11:35:00 PM,DIPC,6/28/2026 11:40:00 PM,CLUZ,3748.2287,
6/28/2026 11:35:00 PM,DIPC,6/28/2026 11:40:00 PM,CMIN,3721.8273,
6/28/2026 11:35:00 PM,DIPC,6/28/2026 11:40:00 PM,CVIS,3718.6034,
6/28/2026 11:35:00 PM,DIPC,6/28/2026 11:40:00 PM,SYSTEM,3740.5770,
6/28/2026 11:40:00 PM,DIPC,6/28/2026 11:45:00 PM,CLUZ,4123.8785,
6/28/2026 11:40:00 PM,DIPC,6/28/2026 11:45:00 PM,CMIN,3867.1656,
6/28/2026 11:40:00 PM,DIPC,6/28/2026 11:45:00 PM,CVIS,4096.8497,
6/28/2026 11:40:00 PM,DIPC,6/28/2026 11:45:00 PM,SYSTEM,4084.7318,
6/28/2026 11:45:00 PM,DIPC,6/28/2026 11:50:00 PM,CLUZ,3896.2401,
6/28/2026 11:45:00 PM,DIPC,6/28/2026 11:50:00 PM,CMIN,3867.3827,
6/28/2026 11:45:00 PM,DIPC,6/28/2026 11:50:00 PM,CVIS,3868.7196,
6/28/2026 11:45:00 PM,DIPC,6/28/2026 11:50:00 PM,SYSTEM,3888.5391,
6/28/2026 11:50:00 PM,DIPC,6/28/2026 11:55:00 PM,CLUZ,3755.8335,
6/28/2026 11:50:00 PM,DIPC,6/28/2026 11:55:00 PM,CMIN,3732.2594,
6/28/2026 11:50:00 PM,DIPC,6/28/2026 11:55:00 PM,CVIS,3728.5784,
6/28/2026 11:50:00 PM,DIPC,6/28/2026 11:55:00 PM,SYSTEM,3748.9066,
6/28/2026 11:55:00 PM,DIPC,6/29/2026,CLUZ,3517.7331,
6/28/2026 11:55:00 PM,DIPC,6/29/2026,CMIN,3647.8946,
6/28/2026 11:55:00 PM,DIPC,6/29/2026,CVIS,3625.0821,
6/28/2026 11:55:00 PM,DIPC,6/29/2026,SYSTEM,3550.2047,
EOF
