RUN_TIME,MKT_TYPE,TIME_INTERVAL,REGION_NAME,GWAP,
5/27/2026 4:15:00 PM,DIPC,5/27/2026 4:20:00 PM,CMIN,3474.9004,
5/27/2026 4:15:00 PM,DIPC,5/27/2026 4:20:00 PM,CVIS,31324.2619,
5/27/2026 4:15:00 PM,DIPC,5/27/2026 4:20:00 PM,CLUZ,10480.2327,
5/27/2026 4:15:00 PM,DIPC,5/27/2026 4:20:00 PM,System,11583.0617,
5/27/2026 4:15:00 PM,DIPC,5/27/2026 4:20:00 PM,CLUZ_CVIS,13055.8018,
5/27/2026 4:25:00 PM,DIPC,5/27/2026 4:30:00 PM,CMIN,3002.0784,
5/27/2026 4:25:00 PM,DIPC,5/27/2026 4:30:00 PM,CVIS,30769.0358,
5/27/2026 4:25:00 PM,DIPC,5/27/2026 4:30:00 PM,CLUZ,10415.5487,
5/27/2026 4:25:00 PM,DIPC,5/27/2026 4:30:00 PM,System,11401.5249,
5/27/2026 4:25:00 PM,DIPC,5/27/2026 4:30:00 PM,CLUZ_CVIS,12926.8709,
5/27/2026 11:50:00 AM,DIPC,5/27/2026 11:55:00 AM,CMIN,3704.2907,
5/27/2026 11:50:00 AM,DIPC,5/27/2026 11:55:00 AM,CVIS,3667.0492,
5/27/2026 11:50:00 AM,DIPC,5/27/2026 11:55:00 AM,CLUZ,2824.5875,
5/27/2026 11:50:00 AM,DIPC,5/27/2026 11:55:00 AM,System,3053.8535,
5/27/2026 11:50:00 AM,DIPC,5/27/2026 11:55:00 AM,CLUZ_CVIS,2940.2741,
5/27/2026 12:05:00 PM,DIPC,5/27/2026 12:10:00 PM,CMIN,4083.8711,
5/27/2026 12:05:00 PM,DIPC,5/27/2026 12:10:00 PM,CVIS,4052.9327,
5/27/2026 12:05:00 PM,DIPC,5/27/2026 12:10:00 PM,CLUZ,2757.6184,
5/27/2026 12:05:00 PM,DIPC,5/27/2026 12:10:00 PM,System,3107.1728,
5/27/2026 12:05:00 PM,DIPC,5/27/2026 12:10:00 PM,CLUZ_CVIS,2934.8586,
5/27/2026 11:45:00 AM,DIPC,5/27/2026 11:50:00 AM,CMIN,4005.1258,
5/27/2026 11:45:00 AM,DIPC,5/27/2026 11:50:00 AM,CVIS,3958.5901,
5/27/2026 11:45:00 AM,DIPC,5/27/2026 11:50:00 AM,CLUZ,2823.8165,
5/27/2026 11:45:00 AM,DIPC,5/27/2026 11:50:00 AM,System,3132.8666,
5/27/2026 11:45:00 AM,DIPC,5/27/2026 11:50:00 AM,CLUZ_CVIS,2980.9161,
5/27/2026 12:00:00 PM,DIPC,5/27/2026 12:05:00 PM,CMIN,3985.1223,
5/27/2026 12:00:00 PM,DIPC,5/27/2026 12:05:00 PM,CVIS,3956.4326,
5/27/2026 12:00:00 PM,DIPC,5/27/2026 12:05:00 PM,CLUZ,2758.4066,
5/27/2026 12:00:00 PM,DIPC,5/27/2026 12:05:00 PM,System,3081.5244,
5/27/2026 12:00:00 PM,DIPC,5/27/2026 12:05:00 PM,CLUZ_CVIS,2922.0488,
5/27/2026 2:15:00 PM,DIPC,5/27/2026 2:20:00 PM,CMIN,7423,
5/27/2026 2:15:00 PM,DIPC,5/27/2026 2:20:00 PM,CVIS,7423,
5/27/2026 2:15:00 PM,DIPC,5/27/2026 2:20:00 PM,CLUZ,6583.8534,
5/27/2026 2:15:00 PM,DIPC,5/27/2026 2:20:00 PM,System,6808.7398,
5/27/2026 2:15:00 PM,DIPC,5/27/2026 2:20:00 PM,CLUZ_CVIS,6692.8676,
5/27/2026 2:20:00 PM,DIPC,5/27/2026 2:25:00 PM,CMIN,7423,
5/27/2026 2:20:00 PM,DIPC,5/27/2026 2:25:00 PM,CVIS,7423,
5/27/2026 2:20:00 PM,DIPC,5/27/2026 2:25:00 PM,CLUZ,6584.4443,
5/27/2026 2:20:00 PM,DIPC,5/27/2026 2:25:00 PM,System,6808.8762,
5/27/2026 2:20:00 PM,DIPC,5/27/2026 2:25:00 PM,CLUZ_CVIS,6693.4002,
5/27/2026 3:25:00 PM,DIPC,5/27/2026 3:30:00 PM,CMIN,9261.4262,
5/27/2026 3:25:00 PM,DIPC,5/27/2026 3:30:00 PM,CVIS,10703.1793,
5/27/2026 3:25:00 PM,DIPC,5/27/2026 3:30:00 PM,CLUZ,10485.0754,
5/27/2026 3:25:00 PM,DIPC,5/27/2026 3:30:00 PM,System,10317.3603,
5/27/2026 3:25:00 PM,DIPC,5/27/2026 3:30:00 PM,CLUZ_CVIS,10512.3279,
5/27/2026 5:40:00 PM,DIPC,5/27/2026 5:45:00 PM,CMIN,3710.6223,
5/27/2026 5:40:00 PM,DIPC,5/27/2026 5:45:00 PM,CVIS,19342.9177,
5/27/2026 5:40:00 PM,DIPC,5/27/2026 5:45:00 PM,CLUZ,10510.2596,
5/27/2026 5:40:00 PM,DIPC,5/27/2026 5:45:00 PM,System,10313.6808,
5/27/2026 5:40:00 PM,DIPC,5/27/2026 5:45:00 PM,CLUZ_CVIS,11588.5530,
5/27/2026 8:30:00 PM,DIPC,5/27/2026 8:35:00 PM,CMIN,4962.2099,
5/27/2026 8:30:00 PM,DIPC,5/27/2026 8:35:00 PM,CVIS,32484.3222,
5/27/2026 8:30:00 PM,DIPC,5/27/2026 8:35:00 PM,CLUZ,19215.0769,
5/27/2026 8:30:00 PM,DIPC,5/27/2026 8:35:00 PM,System,18362.8603,
5/27/2026 8:30:00 PM,DIPC,5/27/2026 8:35:00 PM,CLUZ_CVIS,20794.3496,
5/27/2026 10:45:00 AM,DIPC,5/27/2026 10:50:00 AM,CMIN,4565.1465,
5/27/2026 10:45:00 AM,DIPC,5/27/2026 10:50:00 AM,CVIS,4535.6941,
5/27/2026 10:45:00 AM,DIPC,5/27/2026 10:50:00 AM,CLUZ,2995.4767,
5/27/2026 10:45:00 AM,DIPC,5/27/2026 10:50:00 AM,System,3408.8143,
5/27/2026 10:45:00 AM,DIPC,5/27/2026 10:50:00 AM,CLUZ_CVIS,3208.2001,
5/27/2026 10:40:00 AM,DIPC,5/27/2026 10:45:00 AM,CMIN,4085.5848,
5/27/2026 10:40:00 AM,DIPC,5/27/2026 10:45:00 AM,CVIS,4052.3886,
5/27/2026 10:40:00 AM,DIPC,5/27/2026 10:45:00 AM,CLUZ,2994.1808,
5/27/2026 10:40:00 AM,DIPC,5/27/2026 10:45:00 AM,System,3281.0858,
5/27/2026 10:40:00 AM,DIPC,5/27/2026 10:45:00 AM,CLUZ_CVIS,3141.9861,
5/27/2026 11:55:00 AM,DIPC,5/27/2026 12:00:00 PM,CMIN,3999.1362,
5/27/2026 11:55:00 AM,DIPC,5/27/2026 12:00:00 PM,CVIS,3957.5620,
5/27/2026 11:55:00 AM,DIPC,5/27/2026 12:00:00 PM,CLUZ,2823.1438,
5/27/2026 11:55:00 AM,DIPC,5/27/2026 12:00:00 PM,System,3131.0819,
5/27/2026 11:55:00 AM,DIPC,5/27/2026 12:00:00 PM,CLUZ_CVIS,2979.3232,
5/27/2026 5:25:00 PM,DIPC,5/27/2026 5:30:00 PM,CMIN,3671.6998,
5/27/2026 5:25:00 PM,DIPC,5/27/2026 5:30:00 PM,CVIS,18812.7305,
5/27/2026 5:25:00 PM,DIPC,5/27/2026 5:30:00 PM,CLUZ,10515.3032,
5/27/2026 5:25:00 PM,DIPC,5/27/2026 5:30:00 PM,System,10262.6364,
5/27/2026 5:25:00 PM,DIPC,5/27/2026 5:30:00 PM,CLUZ_CVIS,11514.7313,
5/27/2026 12:40:00 AM,DIPC,5/27/2026 12:45:00 AM,CMIN,3665.1743,
5/27/2026 12:40:00 AM,DIPC,5/27/2026 12:45:00 AM,CVIS,10634.0798,
5/27/2026 12:40:00 AM,DIPC,5/27/2026 12:45:00 AM,CLUZ,10491.1042,
5/27/2026 12:40:00 AM,DIPC,5/27/2026 12:45:00 AM,System,9498.4472,
5/27/2026 12:40:00 AM,DIPC,5/27/2026 12:45:00 AM,CLUZ_CVIS,10507.5839,
5/27/2026 11:35:00 AM,DIPC,5/27/2026 11:40:00 AM,CLUZ,2823.1462,
5/27/2026 11:35:00 AM,DIPC,5/27/2026 11:40:00 AM,System,3421.9020,
5/27/2026 11:35:00 AM,DIPC,5/27/2026 11:40:00 AM,CLUZ_CVIS,3131.0796,
5/27/2026 11:30:00 AM,DIPC,5/27/2026 11:35:00 AM,CMIN,4578.5432,
5/27/2026 11:30:00 AM,DIPC,5/27/2026 11:35:00 AM,CVIS,4537.1689,
5/27/2026 11:30:00 AM,DIPC,5/27/2026 11:35:00 AM,CLUZ,2823.7424,
5/27/2026 11:30:00 AM,DIPC,5/27/2026 11:35:00 AM,System,3286.2036,
5/27/2026 11:30:00 AM,DIPC,5/27/2026 11:35:00 AM,CLUZ_CVIS,3061.8078,
5/27/2026 12:10:00 PM,DIPC,5/27/2026 12:15:00 PM,CMIN,6096.5297,
5/27/2026 12:10:00 PM,DIPC,5/27/2026 12:15:00 PM,CVIS,6089.2620,
5/27/2026 12:10:00 PM,DIPC,5/27/2026 12:15:00 PM,CLUZ,5814.4414,
5/27/2026 12:10:00 PM,DIPC,5/27/2026 12:15:00 PM,System,5888.7310,
5/27/2026 12:10:00 PM,DIPC,5/27/2026 12:15:00 PM,CLUZ_CVIS,5852.0881,
5/27/2026 8:55:00 PM,DIPC,5/27/2026 9:00:00 PM,CMIN,-0.9771,
5/27/2026 8:55:00 PM,DIPC,5/27/2026 9:00:00 PM,CVIS,30892.1725,
5/27/2026 8:55:00 PM,DIPC,5/27/2026 9:00:00 PM,CLUZ,19221.1220,
5/27/2026 8:55:00 PM,DIPC,5/27/2026 9:00:00 PM,System,17482.3572,
5/27/2026 8:55:00 PM,DIPC,5/27/2026 9:00:00 PM,CLUZ_CVIS,20595.4040,
5/27/2026 10:05:00 PM,DIPC,5/27/2026 10:10:00 PM,CMIN,19000,
5/27/2026 10:05:00 PM,DIPC,5/27/2026 10:10:00 PM,CVIS,19000,
5/27/2026 10:05:00 PM,DIPC,5/27/2026 10:10:00 PM,CLUZ,19000,
5/27/2026 10:05:00 PM,DIPC,5/27/2026 10:10:00 PM,System,19000,
5/27/2026 10:05:00 PM,DIPC,5/27/2026 10:10:00 PM,CLUZ_CVIS,19000,
5/27/2026 10:00:00 PM,DIPC,5/27/2026 10:05:00 PM,CMIN,19000,
5/27/2026 10:00:00 PM,DIPC,5/27/2026 10:05:00 PM,CVIS,19000,
5/27/2026 10:00:00 PM,DIPC,5/27/2026 10:05:00 PM,CLUZ,19000,
5/27/2026 10:00:00 PM,DIPC,5/27/2026 10:05:00 PM,System,19000,
5/27/2026 10:00:00 PM,DIPC,5/27/2026 10:05:00 PM,CLUZ_CVIS,19000,
5/27/2026 9:55:00 PM,DIPC,5/27/2026 10:00:00 PM,CMIN,11500,
5/27/2026 9:55:00 PM,DIPC,5/27/2026 10:00:00 PM,CVIS,11500,
5/27/2026 9:55:00 PM,DIPC,5/27/2026 10:00:00 PM,CLUZ,11500,
5/27/2026 9:55:00 PM,DIPC,5/27/2026 10:00:00 PM,System,11500,
5/27/2026 9:55:00 PM,DIPC,5/27/2026 10:00:00 PM,CLUZ_CVIS,11500,
5/27/2026 9:50:00 PM,DIPC,5/27/2026 9:55:00 PM,CMIN,19000,
5/27/2026 9:50:00 PM,DIPC,5/27/2026 9:55:00 PM,CVIS,19000,
5/27/2026 9:50:00 PM,DIPC,5/27/2026 9:55:00 PM,CLUZ,19000,
5/27/2026 9:50:00 PM,DIPC,5/27/2026 9:55:00 PM,System,19000,
5/27/2026 9:50:00 PM,DIPC,5/27/2026 9:55:00 PM,CLUZ_CVIS,19000,
5/27/2026 9:45:00 PM,DIPC,5/27/2026 9:50:00 PM,CMIN,19000,
5/27/2026 9:45:00 PM,DIPC,5/27/2026 9:50:00 PM,CVIS,19000,
5/27/2026 9:45:00 PM,DIPC,5/27/2026 9:50:00 PM,CLUZ,19000,
5/27/2026 9:45:00 PM,DIPC,5/27/2026 9:50:00 PM,System,19000,
5/27/2026 9:45:00 PM,DIPC,5/27/2026 9:50:00 PM,CLUZ_CVIS,19000,
5/27/2026 9:40:00 PM,DIPC,5/27/2026 9:45:00 PM,CMIN,17620,
5/27/2026 9:40:00 PM,DIPC,5/27/2026 9:45:00 PM,CVIS,17620,
5/27/2026 9:40:00 PM,DIPC,5/27/2026 9:45:00 PM,CLUZ,17620,
5/27/2026 9:40:00 PM,DIPC,5/27/2026 9:45:00 PM,System,17620,
5/27/2026 9:40:00 PM,DIPC,5/27/2026 9:45:00 PM,CLUZ_CVIS,17620,
5/27/2026 10:35:00 AM,DIPC,5/27/2026 10:40:00 AM,CMIN,4564.8005,
5/27/2026 10:35:00 AM,DIPC,5/27/2026 10:40:00 AM,CVIS,4538.2102,
5/27/2026 10:35:00 AM,DIPC,5/27/2026 10:40:00 AM,CLUZ,2826.0705,
5/27/2026 4:30:00 AM,DIPC,5/27/2026 4:35:00 AM,CMIN,3632.9079,
5/27/2026 4:30:00 AM,DIPC,5/27/2026 4:35:00 AM,CVIS,7224.3312,
5/27/2026 4:30:00 AM,DIPC,5/27/2026 4:35:00 AM,CLUZ,7023.5129,
5/27/2026 4:30:00 AM,DIPC,5/27/2026 4:35:00 AM,System,6530.1118,
5/27/2026 4:30:00 AM,DIPC,5/27/2026 4:35:00 AM,CLUZ_CVIS,7048.8876,
5/27/2026 3:45:00 AM,DIPC,5/27/2026 3:50:00 AM,CMIN,3633.7878,
5/27/2026 3:45:00 AM,DIPC,5/27/2026 3:50:00 AM,CVIS,5638.1752,
5/27/2026 3:45:00 AM,DIPC,5/27/2026 3:50:00 AM,CLUZ,5444.9244,
5/27/2026 3:45:00 AM,DIPC,5/27/2026 3:50:00 AM,System,5189.0136,
5/27/2026 3:45:00 AM,DIPC,5/27/2026 3:50:00 AM,CLUZ_CVIS,5469.4863,
5/27/2026 3:30:00 PM,DIPC,5/27/2026 3:35:00 PM,CMIN,6016.0313,
5/27/2026 3:30:00 PM,DIPC,5/27/2026 3:35:00 PM,CVIS,10704.3076,
5/27/2026 3:30:00 PM,DIPC,5/27/2026 3:35:00 PM,CLUZ,10488.3683,
5/27/2026 3:30:00 PM,DIPC,5/27/2026 3:35:00 PM,System,9812.6305,
5/27/2026 3:30:00 PM,DIPC,5/27/2026 3:35:00 PM,CLUZ_CVIS,10515.3476,
5/27/2026 5:55:00 PM,DIPC,5/27/2026 6:00:00 PM,CMIN,11500,
5/27/2026 5:55:00 PM,DIPC,5/27/2026 6:00:00 PM,CVIS,11500,
5/27/2026 5:55:00 PM,DIPC,5/27/2026 6:00:00 PM,CLUZ,11500,
5/27/2026 5:55:00 PM,DIPC,5/27/2026 6:00:00 PM,System,11500,
5/27/2026 5:55:00 PM,DIPC,5/27/2026 6:00:00 PM,CLUZ_CVIS,11500,
5/27/2026 11:55:00 PM,DIPC,5/28/2026,CMIN,7400.99,
5/27/2026 11:55:00 PM,DIPC,5/28/2026,CVIS,7400.99,
5/27/2026 11:55:00 PM,DIPC,5/28/2026,CLUZ,7400.99,
5/27/2026 11:55:00 PM,DIPC,5/28/2026,System,7400.99,
5/27/2026 11:55:00 PM,DIPC,5/28/2026,CLUZ_CVIS,7400.99,
5/27/2026 11:50:00 PM,DIPC,5/27/2026 11:55:00 PM,CMIN,10500,
5/27/2026 11:50:00 PM,DIPC,5/27/2026 11:55:00 PM,CVIS,10500,
5/27/2026 11:50:00 PM,DIPC,5/27/2026 11:55:00 PM,CLUZ,10500,
5/27/2026 11:50:00 PM,DIPC,5/27/2026 11:55:00 PM,System,10500,
5/27/2026 11:50:00 PM,DIPC,5/27/2026 11:55:00 PM,CLUZ_CVIS,10500,
5/27/2026 11:45:00 PM,DIPC,5/27/2026 11:50:00 PM,CMIN,10500,
5/27/2026 11:45:00 PM,DIPC,5/27/2026 11:50:00 PM,CVIS,10500,
5/27/2026 11:45:00 PM,DIPC,5/27/2026 11:50:00 PM,CLUZ,10500,
5/27/2026 11:45:00 PM,DIPC,5/27/2026 11:50:00 PM,System,10500,
5/27/2026 11:45:00 PM,DIPC,5/27/2026 11:50:00 PM,CLUZ_CVIS,10500,
5/27/2026 11:40:00 PM,DIPC,5/27/2026 11:45:00 PM,CMIN,10500,
5/27/2026 11:40:00 PM,DIPC,5/27/2026 11:45:00 PM,CVIS,10500,
5/27/2026 11:40:00 PM,DIPC,5/27/2026 11:45:00 PM,CLUZ,10500,
5/27/2026 11:40:00 PM,DIPC,5/27/2026 11:45:00 PM,System,10500,
5/27/2026 11:40:00 PM,DIPC,5/27/2026 11:45:00 PM,CLUZ_CVIS,10500,
5/27/2026 11:35:00 PM,DIPC,5/27/2026 11:40:00 PM,CMIN,10500,
5/27/2026 11:35:00 PM,DIPC,5/27/2026 11:40:00 PM,CVIS,10500,
5/27/2026 11:35:00 PM,DIPC,5/27/2026 11:40:00 PM,CLUZ,10500,
5/27/2026 11:35:00 PM,DIPC,5/27/2026 11:40:00 PM,System,10500,
5/27/2026 11:35:00 PM,DIPC,5/27/2026 11:40:00 PM,CLUZ_CVIS,10500,
5/27/2026 11:30:00 PM,DIPC,5/27/2026 11:35:00 PM,CMIN,10500,
5/27/2026 11:30:00 PM,DIPC,5/27/2026 11:35:00 PM,CVIS,10500,
5/27/2026 11:30:00 PM,DIPC,5/27/2026 11:35:00 PM,CLUZ,10500,
5/27/2026 11:30:00 PM,DIPC,5/27/2026 11:35:00 PM,System,10500,
5/27/2026 11:30:00 PM,DIPC,5/27/2026 11:35:00 PM,CLUZ_CVIS,10500,
5/27/2026 11:25:00 PM,DIPC,5/27/2026 11:30:00 PM,CMIN,11500,
5/27/2026 11:25:00 PM,DIPC,5/27/2026 11:30:00 PM,CVIS,11500,
5/27/2026 11:25:00 PM,DIPC,5/27/2026 11:30:00 PM,CLUZ,11500,
5/27/2026 11:25:00 PM,DIPC,5/27/2026 11:30:00 PM,System,11500,
5/27/2026 11:25:00 PM,DIPC,5/27/2026 11:30:00 PM,CLUZ_CVIS,11500,
5/27/2026 2:55:00 PM,DIPC,5/27/2026 3:00:00 PM,CMIN,7423,
5/27/2026 2:55:00 PM,DIPC,5/27/2026 3:00:00 PM,CVIS,7423,
5/27/2026 2:55:00 PM,DIPC,5/27/2026 3:00:00 PM,CLUZ,7005.9544,
5/27/2026 2:55:00 PM,DIPC,5/27/2026 3:00:00 PM,System,7117.7793,
5/27/2026 2:55:00 PM,DIPC,5/27/2026 3:00:00 PM,CLUZ_CVIS,7061.2337,
5/27/2026 3:00:00 PM,DIPC,5/27/2026 3:05:00 PM,CMIN,7423,
5/27/2026 3:00:00 PM,DIPC,5/27/2026 3:05:00 PM,CVIS,7423,
5/27/2026 3:00:00 PM,DIPC,5/27/2026 3:05:00 PM,CLUZ,7013.4430,
5/27/2026 3:00:00 PM,DIPC,5/27/2026 3:05:00 PM,System,7123.5521,
5/27/2026 3:00:00 PM,DIPC,5/27/2026 3:05:00 PM,CLUZ_CVIS,7067.8434,
5/27/2026 10:35:00 AM,DIPC,5/27/2026 10:40:00 AM,System,3285.9329,
5/27/2026 10:35:00 AM,DIPC,5/27/2026 10:40:00 AM,CLUZ_CVIS,3062.9627,
5/27/2026 10:30:00 AM,DIPC,5/27/2026 10:35:00 AM,CMIN,3983.7344,
5/27/2026 10:30:00 AM,DIPC,5/27/2026 10:35:00 AM,CVIS,3953.2229,
5/27/2026 10:30:00 AM,DIPC,5/27/2026 10:35:00 AM,CLUZ,2992.9180,
5/27/2026 10:30:00 AM,DIPC,5/27/2026 10:35:00 AM,System,3251.5958,
5/27/2026 10:30:00 AM,DIPC,5/27/2026 10:35:00 AM,CLUZ_CVIS,3124.6867,
5/27/2026 10:25:00 AM,DIPC,5/27/2026 10:30:00 AM,CMIN,4319.4515,
5/27/2026 10:25:00 AM,DIPC,5/27/2026 10:30:00 AM,CVIS,4288.9147,
5/27/2026 10:25:00 AM,DIPC,5/27/2026 10:30:00 AM,CLUZ,0,
5/27/2026 10:25:00 AM,DIPC,5/27/2026 10:30:00 AM,System,1145.1769,
5/27/2026 10:25:00 AM,DIPC,5/27/2026 10:30:00 AM,CLUZ_CVIS,590.1254,
5/27/2026 11:40:00 AM,DIPC,5/27/2026 11:45:00 AM,CMIN,3695.4748,
5/27/2026 11:40:00 AM,DIPC,5/27/2026 11:45:00 AM,CVIS,3655.6499,
5/27/2026 11:40:00 AM,DIPC,5/27/2026 11:45:00 AM,CLUZ,2990.6313,
5/27/2026 11:40:00 AM,DIPC,5/27/2026 11:45:00 AM,System,3172.7432,
5/27/2026 11:40:00 AM,DIPC,5/27/2026 11:45:00 AM,CLUZ_CVIS,3082.3683,
5/27/2026 11:35:00 AM,DIPC,5/27/2026 11:40:00 AM,CMIN,5087.5443,
5/27/2026 11:35:00 AM,DIPC,5/27/2026 11:40:00 AM,CVIS,5049.8390,
5/27/2026 12:25:00 AM,DIPC,5/27/2026 12:30:00 AM,CMIN,3671.6613,
5/27/2026 12:25:00 AM,DIPC,5/27/2026 12:30:00 AM,CVIS,10671.1090,
5/27/2026 12:25:00 AM,DIPC,5/27/2026 12:30:00 AM,CLUZ,10518.6120,
5/27/2026 12:25:00 AM,DIPC,5/27/2026 12:30:00 AM,System,9524.6420,
5/27/2026 12:25:00 AM,DIPC,5/27/2026 12:30:00 AM,CLUZ_CVIS,10535.9729,
5/27/2026 5:20:00 AM,DIPC,5/27/2026 5:25:00 AM,CMIN,3647.3227,
5/27/2026 5:20:00 AM,DIPC,5/27/2026 5:25:00 AM,CVIS,5730.3124,
5/27/2026 5:20:00 AM,DIPC,5/27/2026 5:25:00 AM,CLUZ,5543.4943,
5/27/2026 5:20:00 AM,DIPC,5/27/2026 5:25:00 AM,System,5267.1330,
5/27/2026 5:20:00 AM,DIPC,5/27/2026 5:25:00 AM,CLUZ_CVIS,5567.5330,
5/27/2026 9:35:00 PM,DIPC,5/27/2026 9:40:00 PM,CMIN,19110.20,
5/27/2026 9:35:00 PM,DIPC,5/27/2026 9:40:00 PM,CVIS,19110.20,
5/27/2026 9:35:00 PM,DIPC,5/27/2026 9:40:00 PM,CLUZ,19110.20,
5/27/2026 9:35:00 PM,DIPC,5/27/2026 9:40:00 PM,System,19110.20,
5/27/2026 9:35:00 PM,DIPC,5/27/2026 9:40:00 PM,CLUZ_CVIS,19110.20,
5/27/2026 5:30:00 PM,DIPC,5/27/2026 5:35:00 PM,CMIN,3673.3687,
5/27/2026 5:30:00 PM,DIPC,5/27/2026 5:35:00 PM,CVIS,20346.6347,
5/27/2026 5:30:00 PM,DIPC,5/27/2026 5:35:00 PM,CLUZ,10508.8114,
5/27/2026 5:30:00 PM,DIPC,5/27/2026 5:35:00 PM,System,10411.1972,
5/27/2026 5:30:00 PM,DIPC,5/27/2026 5:35:00 PM,CLUZ_CVIS,11696.5412,
5/27/2026 12:35:00 AM,DIPC,5/27/2026 12:40:00 AM,CMIN,3669.6601,
5/27/2026 12:35:00 AM,DIPC,5/27/2026 12:40:00 AM,CVIS,10639.8152,
5/27/2026 12:35:00 AM,DIPC,5/27/2026 12:40:00 AM,CLUZ,10499.0846,
5/27/2026 3:35:00 AM,DIPC,5/27/2026 3:40:00 AM,CMIN,3633.4994,
5/27/2026 3:35:00 AM,DIPC,5/27/2026 3:40:00 AM,CVIS,6935.9657,
5/27/2026 3:35:00 AM,DIPC,5/27/2026 3:40:00 AM,CLUZ,6691.1661,
5/27/2026 3:35:00 AM,DIPC,5/27/2026 3:40:00 AM,System,6255.2159,
5/27/2026 3:35:00 AM,DIPC,5/27/2026 3:40:00 AM,CLUZ_CVIS,6721.9170,
5/27/2026 4:45:00 AM,DIPC,5/27/2026 4:50:00 AM,CMIN,3637.8049,
5/27/2026 4:45:00 AM,DIPC,5/27/2026 4:50:00 AM,CVIS,6869.4086,
5/27/2026 4:45:00 AM,DIPC,5/27/2026 4:50:00 AM,CLUZ,6662.8203,
5/27/2026 4:45:00 AM,DIPC,5/27/2026 4:50:00 AM,System,6221.5425,
5/27/2026 4:45:00 AM,DIPC,5/27/2026 4:50:00 AM,CLUZ_CVIS,6689.1431,
5/27/2026 5:50:00 AM,DIPC,5/27/2026 5:55:00 AM,CMIN,3611.4286,
5/27/2026 5:50:00 AM,DIPC,5/27/2026 5:55:00 AM,CVIS,3635.8541,
5/27/2026 5:50:00 AM,DIPC,5/27/2026 5:55:00 AM,CLUZ,3554.9019,
5/27/2026 5:50:00 AM,DIPC,5/27/2026 5:55:00 AM,System,3572.2271,
5/27/2026 5:50:00 AM,DIPC,5/27/2026 5:55:00 AM,CLUZ_CVIS,3564.9210,
5/27/2026 12:35:00 AM,DIPC,5/27/2026 12:40:00 AM,System,9507.0621,
5/27/2026 12:35:00 AM,DIPC,5/27/2026 12:40:00 AM,CLUZ_CVIS,10515.2289,
5/27/2026 2:50:00 AM,DIPC,5/27/2026 2:55:00 AM,CMIN,3642.9401,
5/27/2026 2:50:00 AM,DIPC,5/27/2026 2:55:00 AM,CVIS,6923.7237,
5/27/2026 2:50:00 AM,DIPC,5/27/2026 2:55:00 AM,CLUZ,6695.1740,
5/27/2026 2:50:00 AM,DIPC,5/27/2026 2:55:00 AM,System,6256.6754,
5/27/2026 2:50:00 AM,DIPC,5/27/2026 2:55:00 AM,CLUZ_CVIS,6723.5901,
5/27/2026 11:00:00 AM,DIPC,5/27/2026 11:05:00 AM,CMIN,4300.3904,
5/27/2026 11:00:00 AM,DIPC,5/27/2026 11:05:00 AM,CVIS,4278.9174,
5/27/2026 11:00:00 AM,DIPC,5/27/2026 11:05:00 AM,CLUZ,2863.0571,
5/27/2026 11:00:00 AM,DIPC,5/27/2026 11:05:00 AM,System,3242.2602,
5/27/2026 11:00:00 AM,DIPC,5/27/2026 11:05:00 AM,CLUZ_CVIS,3058.5464,
5/27/2026 9:40:00 AM,DIPC,5/27/2026 9:45:00 AM,CMIN,3970.3139,
5/27/2026 9:40:00 AM,DIPC,5/27/2026 9:45:00 AM,CVIS,3934.1944,
5/27/2026 9:40:00 AM,DIPC,5/27/2026 9:45:00 AM,CLUZ,0,
5/27/2026 9:40:00 AM,DIPC,5/27/2026 9:45:00 AM,System,1045.6887,
5/27/2026 9:40:00 AM,DIPC,5/27/2026 9:45:00 AM,CLUZ_CVIS,520.2501,
5/27/2026 2:30:00 PM,DIPC,5/27/2026 2:35:00 PM,CMIN,7423,
5/27/2026 2:30:00 PM,DIPC,5/27/2026 2:35:00 PM,CVIS,7423,
5/27/2026 2:30:00 PM,DIPC,5/27/2026 2:35:00 PM,CLUZ,6603.9576,
5/27/2026 2:30:00 PM,DIPC,5/27/2026 2:35:00 PM,System,6823.7750,
5/27/2026 2:30:00 PM,DIPC,5/27/2026 2:35:00 PM,CLUZ_CVIS,6712.3865,
5/27/2026 2:25:00 PM,DIPC,5/27/2026 2:30:00 PM,CMIN,7423,
5/27/2026 2:25:00 PM,DIPC,5/27/2026 2:30:00 PM,CVIS,7423,
5/27/2026 2:25:00 PM,DIPC,5/27/2026 2:30:00 PM,CLUZ,6589.4659,
5/27/2026 2:25:00 PM,DIPC,5/27/2026 2:30:00 PM,System,6813.4133,
5/27/2026 2:25:00 PM,DIPC,5/27/2026 2:30:00 PM,CLUZ_CVIS,6699.1294,
5/27/2026 4:35:00 PM,DIPC,5/27/2026 4:40:00 PM,CMIN,3005.3723,
5/27/2026 4:35:00 PM,DIPC,5/27/2026 4:40:00 PM,CVIS,27377.9878,
5/27/2026 4:35:00 PM,DIPC,5/27/2026 4:40:00 PM,CLUZ,10480.7307,
5/27/2026 4:35:00 PM,DIPC,5/27/2026 4:40:00 PM,System,11085.8029,
5/27/2026 4:35:00 PM,DIPC,5/27/2026 4:40:00 PM,CLUZ_CVIS,12565.0979,
5/27/2026 5:40:00 AM,DIPC,5/27/2026 5:45:00 AM,CMIN,3631.1635,
5/27/2026 5:40:00 AM,DIPC,5/27/2026 5:45:00 AM,CVIS,3700.9884,
5/27/2026 5:40:00 AM,DIPC,5/27/2026 5:45:00 AM,CLUZ,3600.0842,
5/27/2026 5:40:00 AM,DIPC,5/27/2026 5:45:00 AM,System,3615.6158,
5/27/2026 5:40:00 AM,DIPC,5/27/2026 5:45:00 AM,CLUZ_CVIS,3612.7138,
5/27/2026 1:15:00 AM,DIPC,5/27/2026 1:20:00 AM,CMIN,3660.8069,
5/27/2026 1:15:00 AM,DIPC,5/27/2026 1:20:00 AM,CVIS,10642.3129,
5/27/2026 1:15:00 AM,DIPC,5/27/2026 1:20:00 AM,CLUZ,10476.6465,
5/27/2026 1:15:00 AM,DIPC,5/27/2026 1:20:00 AM,System,9483.8555,
5/27/2026 1:15:00 AM,DIPC,5/27/2026 1:20:00 AM,CLUZ_CVIS,10496.2368,
5/27/2026 3:05:00 AM,DIPC,5/27/2026 3:10:00 AM,CMIN,3636.2373,
5/27/2026 3:05:00 AM,DIPC,5/27/2026 3:10:00 AM,CVIS,4838.7470,
5/27/2026 3:05:00 AM,DIPC,5/27/2026 3:10:00 AM,CLUZ,4674.2433,
5/27/2026 3:05:00 AM,DIPC,5/27/2026 3:10:00 AM,System,4533.9172,
5/27/2026 3:05:00 AM,DIPC,5/27/2026 3:10:00 AM,CLUZ_CVIS,4694.9440,
5/27/2026 9:30:00 AM,DIPC,5/27/2026 9:35:00 AM,CMIN,3648.4443,
5/27/2026 9:30:00 AM,DIPC,5/27/2026 9:35:00 AM,CVIS,3609.2953,
5/27/2026 9:30:00 AM,DIPC,5/27/2026 9:35:00 AM,CLUZ,-9410.6867,
5/27/2026 9:30:00 AM,DIPC,5/27/2026 9:35:00 AM,System,-5989.6396,
5/27/2026 9:30:00 AM,DIPC,5/27/2026 9:35:00 AM,CLUZ_CVIS,-7670.5816,
5/27/2026 9:35:00 AM,DIPC,5/27/2026 9:40:00 AM,CMIN,3975.6649,
5/27/2026 9:35:00 AM,DIPC,5/27/2026 9:40:00 AM,CVIS,3936.1328,
5/27/2026 9:35:00 AM,DIPC,5/27/2026 9:40:00 AM,CLUZ,0,
5/27/2026 9:35:00 AM,DIPC,5/27/2026 9:40:00 AM,System,1043.8452,
5/27/2026 9:35:00 AM,DIPC,5/27/2026 9:40:00 AM,CLUZ_CVIS,524.0532,
5/27/2026 9:20:00 AM,DIPC,5/27/2026 9:25:00 AM,CMIN,3641.9946,
5/27/2026 9:20:00 AM,DIPC,5/27/2026 9:25:00 AM,CVIS,3583.5062,
5/27/2026 9:20:00 AM,DIPC,5/27/2026 9:25:00 AM,CLUZ,-9516.8577,
5/27/2026 9:20:00 AM,DIPC,5/27/2026 9:25:00 AM,System,-6061.0040,
5/27/2026 9:20:00 AM,DIPC,5/27/2026 9:25:00 AM,CLUZ_CVIS,-7742.8302,
5/27/2026 9:15:00 AM,DIPC,5/27/2026 9:20:00 AM,CMIN,3588.1602,
5/27/2026 9:15:00 AM,DIPC,5/27/2026 9:20:00 AM,CVIS,3532.1178,
5/27/2026 9:15:00 AM,DIPC,5/27/2026 9:20:00 AM,CLUZ,-9414.9197,
5/27/2026 9:15:00 AM,DIPC,5/27/2026 9:20:00 AM,System,-6007.5297,
5/27/2026 9:15:00 AM,DIPC,5/27/2026 9:20:00 AM,CLUZ_CVIS,-7659.5759,
5/27/2026 9:10:00 AM,DIPC,5/27/2026 9:15:00 AM,CMIN,3636.7178,
5/27/2026 9:10:00 AM,DIPC,5/27/2026 9:15:00 AM,CVIS,3590.0016,
5/27/2026 9:10:00 AM,DIPC,5/27/2026 9:15:00 AM,CLUZ,-10224.5419,
5/27/2026 9:10:00 AM,DIPC,5/27/2026 9:15:00 AM,System,-6580.5010,
5/27/2026 9:10:00 AM,DIPC,5/27/2026 9:15:00 AM,CLUZ_CVIS,-8368.7975,
5/27/2026 9:00:00 AM,DIPC,5/27/2026 9:05:00 AM,CMIN,3552.2769,
5/27/2026 9:00:00 AM,DIPC,5/27/2026 9:05:00 AM,CVIS,3500.2790,
5/27/2026 9:00:00 AM,DIPC,5/27/2026 9:05:00 AM,CLUZ,-9969.8395,
5/27/2026 9:00:00 AM,DIPC,5/27/2026 9:05:00 AM,System,-6411.8964,
5/27/2026 9:00:00 AM,DIPC,5/27/2026 9:05:00 AM,CLUZ_CVIS,-8156.6719,
5/27/2026 3:50:00 PM,DIPC,5/27/2026 3:55:00 PM,CMIN,4483.4018,
5/27/2026 3:50:00 PM,DIPC,5/27/2026 3:55:00 PM,CVIS,9695.6582,
5/27/2026 3:50:00 PM,DIPC,5/27/2026 3:55:00 PM,CLUZ,7120.3328,
5/27/2026 3:50:00 PM,DIPC,5/27/2026 3:55:00 PM,System,6980.8495,
5/27/2026 3:50:00 PM,DIPC,5/27/2026 3:55:00 PM,CLUZ_CVIS,7437.4785,
5/27/2026 9:25:00 AM,DIPC,5/27/2026 9:30:00 AM,CMIN,3551.0178,
5/27/2026 9:25:00 AM,DIPC,5/27/2026 9:30:00 AM,CVIS,3505.2906,
5/27/2026 9:25:00 AM,DIPC,5/27/2026 9:30:00 AM,CLUZ,-9399.4723,
5/27/2026 9:25:00 AM,DIPC,5/27/2026 9:30:00 AM,System,-6005.2889,
5/27/2026 9:25:00 AM,DIPC,5/27/2026 9:30:00 AM,CLUZ_CVIS,-7660.2230,
5/27/2026 9:05:00 AM,DIPC,5/27/2026 9:10:00 AM,CMIN,3580.7705,
5/27/2026 9:05:00 AM,DIPC,5/27/2026 9:10:00 AM,CVIS,3534.2736,
5/27/2026 9:05:00 AM,DIPC,5/27/2026 9:10:00 AM,CLUZ,-9520.3815,
5/27/2026 9:05:00 AM,DIPC,5/27/2026 9:10:00 AM,System,-6057.9338,
5/27/2026 9:05:00 AM,DIPC,5/27/2026 9:10:00 AM,CLUZ_CVIS,-7765.3156,
5/27/2026 12:15:00 PM,DIPC,5/27/2026 12:20:00 PM,CMIN,3767.6894,
5/27/2026 12:15:00 PM,DIPC,5/27/2026 12:20:00 PM,CVIS,3751.5062,
5/27/2026 12:15:00 PM,DIPC,5/27/2026 12:20:00 PM,CLUZ,3591.8126,
5/27/2026 12:15:00 PM,DIPC,5/27/2026 12:20:00 PM,System,3636.3799,
5/27/2026 12:15:00 PM,DIPC,5/27/2026 12:20:00 PM,CLUZ_CVIS,3613.4783,
5/27/2026 6:50:00 PM,DIPC,5/27/2026 6:55:00 PM,CMIN,3677.9469,
5/27/2026 6:50:00 PM,DIPC,5/27/2026 6:55:00 PM,CVIS,31069.0293,
5/27/2026 6:50:00 PM,DIPC,5/27/2026 6:55:00 PM,CLUZ,10564.7013,
5/27/2026 6:50:00 PM,DIPC,5/27/2026 6:55:00 PM,System,11617.0060,
5/27/2026 6:50:00 PM,DIPC,5/27/2026 6:55:00 PM,CLUZ_CVIS,13052.7526,
5/27/2026 6:45:00 PM,DIPC,5/27/2026 6:50:00 PM,CMIN,3684.2613,
5/27/2026 6:45:00 PM,DIPC,5/27/2026 6:50:00 PM,CVIS,32475.3031,
5/27/2026 6:45:00 PM,DIPC,5/27/2026 6:50:00 PM,CLUZ,11572.2659,
5/27/2026 6:45:00 PM,DIPC,5/27/2026 6:50:00 PM,System,12499.5915,
5/27/2026 6:45:00 PM,DIPC,5/27/2026 6:50:00 PM,CLUZ_CVIS,14119.8508,
5/27/2026 6:40:00 PM,DIPC,5/27/2026 6:45:00 PM,CMIN,3352.3683,
5/27/2026 6:40:00 PM,DIPC,5/27/2026 6:45:00 PM,CVIS,31734.7528,
5/27/2026 6:40:00 PM,DIPC,5/27/2026 6:45:00 PM,CLUZ,11570.9761,
5/27/2026 6:40:00 PM,DIPC,5/27/2026 6:45:00 PM,System,12380.9929,
5/27/2026 6:40:00 PM,DIPC,5/27/2026 6:45:00 PM,CLUZ_CVIS,14018.9221,
5/27/2026 6:35:00 PM,DIPC,5/27/2026 6:40:00 PM,CMIN,4466.4669,
5/27/2026 6:35:00 PM,DIPC,5/27/2026 6:40:00 PM,CVIS,32455.0270,
5/27/2026 6:35:00 PM,DIPC,5/27/2026 6:40:00 PM,CLUZ,11564.6689,
5/27/2026 6:35:00 PM,DIPC,5/27/2026 6:40:00 PM,System,12627.0034,
5/27/2026 6:35:00 PM,DIPC,5/27/2026 6:40:00 PM,CLUZ_CVIS,14115.1092,
5/27/2026 6:30:00 PM,DIPC,5/27/2026 6:35:00 PM,CMIN,4969.1407,
5/27/2026 6:30:00 PM,DIPC,5/27/2026 6:35:00 PM,CVIS,32431.2892,
5/27/2026 6:30:00 PM,DIPC,5/27/2026 6:35:00 PM,CLUZ,11556.4019,
5/27/2026 6:30:00 PM,DIPC,5/27/2026 6:35:00 PM,System,12686.3944,
5/27/2026 6:30:00 PM,DIPC,5/27/2026 6:35:00 PM,CLUZ_CVIS,14105.3519,
5/27/2026 6:25:00 PM,DIPC,5/27/2026 6:30:00 PM,CMIN,4975.4177,
5/27/2026 6:25:00 PM,DIPC,5/27/2026 6:30:00 PM,CVIS,33182.8998,
5/27/2026 6:25:00 PM,DIPC,5/27/2026 6:30:00 PM,CLUZ,11561.0953,
5/27/2026 6:25:00 PM,DIPC,5/27/2026 6:30:00 PM,System,12779.7190,
5/27/2026 6:25:00 PM,DIPC,5/27/2026 6:30:00 PM,CLUZ_CVIS,14216.3554,
5/27/2026 6:20:00 PM,DIPC,5/27/2026 6:25:00 PM,CMIN,5479.1534,
5/27/2026 6:20:00 PM,DIPC,5/27/2026 6:25:00 PM,CVIS,32494.0134,
5/27/2026 6:20:00 PM,DIPC,5/27/2026 6:25:00 PM,CLUZ,13664.9907,
5/27/2026 6:20:00 PM,DIPC,5/27/2026 6:25:00 PM,System,14328.7891,
5/27/2026 6:20:00 PM,DIPC,5/27/2026 6:25:00 PM,CLUZ_CVIS,15983.8396,
5/27/2026 5:55:00 AM,DIPC,5/27/2026 6:00:00 AM,CMIN,-8696.9794,
5/27/2026 5:55:00 AM,DIPC,5/27/2026 6:00:00 AM,CVIS,-8707.8275,
5/27/2026 5:55:00 AM,DIPC,5/27/2026 6:00:00 AM,CLUZ,-8564.3057,
5/27/2026 5:55:00 AM,DIPC,5/27/2026 6:00:00 AM,System,-8600.2218,
5/27/2026 5:55:00 AM,DIPC,5/27/2026 6:00:00 AM,CLUZ_CVIS,-8581.9122,
5/27/2026 2:40:00 AM,DIPC,5/27/2026 2:45:00 AM,CMIN,3644.2384,
5/27/2026 2:40:00 AM,DIPC,5/27/2026 2:45:00 AM,CVIS,6936.9231,
5/27/2026 2:40:00 AM,DIPC,5/27/2026 2:45:00 AM,CLUZ,6712.8077,
5/27/2026 2:40:00 AM,DIPC,5/27/2026 2:45:00 AM,System,6272.7666,
5/27/2026 2:40:00 AM,DIPC,5/27/2026 2:45:00 AM,CLUZ_CVIS,6740.5342,
5/27/2026 2:55:00 AM,DIPC,5/27/2026 3:00:00 AM,CMIN,3640.9073,
5/27/2026 2:55:00 AM,DIPC,5/27/2026 3:00:00 AM,CVIS,5961.3480,
5/27/2026 2:55:00 AM,DIPC,5/27/2026 3:00:00 AM,CLUZ,5765.9580,
5/27/2026 2:55:00 AM,DIPC,5/27/2026 3:00:00 AM,System,5464.5550,
5/27/2026 2:55:00 AM,DIPC,5/27/2026 3:00:00 AM,CLUZ_CVIS,5790.3492,
5/27/2026 3:00:00 AM,DIPC,5/27/2026 3:05:00 AM,CMIN,3642.0277,
5/27/2026 3:00:00 AM,DIPC,5/27/2026 3:05:00 AM,CVIS,4357.0388,
5/27/2026 3:00:00 AM,DIPC,5/27/2026 3:05:00 AM,CLUZ,4210.8546,
5/27/2026 3:00:00 AM,DIPC,5/27/2026 3:05:00 AM,System,4139.6179,
5/27/2026 3:00:00 AM,DIPC,5/27/2026 3:05:00 AM,CLUZ_CVIS,4229.1124,
5/27/2026 3:20:00 AM,DIPC,5/27/2026 3:25:00 AM,CMIN,3632.8933,
5/27/2026 3:20:00 AM,DIPC,5/27/2026 3:25:00 AM,CVIS,6952.8347,
5/27/2026 3:20:00 AM,DIPC,5/27/2026 3:25:00 AM,CLUZ,6700.7031,
5/27/2026 3:20:00 AM,DIPC,5/27/2026 3:25:00 AM,System,6260.7822,
5/27/2026 3:20:00 AM,DIPC,5/27/2026 3:25:00 AM,CLUZ_CVIS,6732.5266,
5/27/2026 2:35:00 PM,DIPC,5/27/2026 2:40:00 PM,CMIN,7423,
5/27/2026 2:35:00 PM,DIPC,5/27/2026 2:40:00 PM,CVIS,7423,
5/27/2026 2:35:00 PM,DIPC,5/27/2026 2:40:00 PM,CLUZ,6616.7001,
5/27/2026 2:35:00 PM,DIPC,5/27/2026 2:40:00 PM,System,6833.1773,
5/27/2026 2:35:00 PM,DIPC,5/27/2026 2:40:00 PM,CLUZ_CVIS,6723.4065,
5/27/2026 1:45:00 AM,DIPC,5/27/2026 1:50:00 AM,CMIN,3654.9422,
5/27/2026 1:45:00 AM,DIPC,5/27/2026 1:50:00 AM,CVIS,7423,
5/27/2026 1:45:00 AM,DIPC,5/27/2026 1:50:00 AM,CLUZ,5864.6816,
5/27/2026 1:45:00 AM,DIPC,5/27/2026 1:50:00 AM,System,5694.0743,
5/27/2026 1:45:00 AM,DIPC,5/27/2026 1:50:00 AM,CLUZ_CVIS,6050.4213,
5/27/2026 1:05:00 AM,DIPC,5/27/2026 1:10:00 AM,CMIN,3669.4312,
5/27/2026 1:05:00 AM,DIPC,5/27/2026 1:10:00 AM,CVIS,10670.2433,
5/27/2026 1:05:00 AM,DIPC,5/27/2026 1:10:00 AM,CLUZ,10496.7404,
5/27/2026 1:05:00 AM,DIPC,5/27/2026 1:10:00 AM,System,9499.9968,
5/27/2026 1:05:00 AM,DIPC,5/27/2026 1:10:00 AM,CLUZ_CVIS,10517.1124,
5/27/2026 8:20:00 PM,DIPC,5/27/2026 8:25:00 PM,CMIN,17428,
5/27/2026 8:20:00 PM,DIPC,5/27/2026 8:25:00 PM,CVIS,17428,
5/27/2026 8:20:00 PM,DIPC,5/27/2026 8:25:00 PM,CLUZ,17428,
5/27/2026 8:20:00 PM,DIPC,5/27/2026 8:25:00 PM,System,17428,
5/27/2026 8:20:00 PM,DIPC,5/27/2026 8:25:00 PM,CLUZ_CVIS,17428,
5/27/2026 8:15:00 PM,DIPC,5/27/2026 8:20:00 PM,CMIN,19000,
5/27/2026 8:15:00 PM,DIPC,5/27/2026 8:20:00 PM,CVIS,19000,
5/27/2026 8:15:00 PM,DIPC,5/27/2026 8:20:00 PM,CLUZ,19000,
5/27/2026 8:15:00 PM,DIPC,5/27/2026 8:20:00 PM,System,19000,
5/27/2026 8:15:00 PM,DIPC,5/27/2026 8:20:00 PM,CLUZ_CVIS,19000,
5/27/2026 1:40:00 AM,DIPC,5/27/2026 1:45:00 AM,CMIN,3660.0042,
5/27/2026 1:40:00 AM,DIPC,5/27/2026 1:45:00 AM,CVIS,5994.0498,
5/27/2026 1:40:00 AM,DIPC,5/27/2026 1:45:00 AM,CLUZ,5906.6650,
5/27/2026 1:40:00 AM,DIPC,5/27/2026 1:45:00 AM,System,5581.3904,
5/27/2026 1:40:00 AM,DIPC,5/27/2026 1:45:00 AM,CLUZ_CVIS,5917.0415,
5/27/2026 1:15:00 PM,DIPC,5/27/2026 1:20:00 PM,CMIN,6831.2668,
5/27/2026 1:15:00 PM,DIPC,5/27/2026 1:20:00 PM,CVIS,6758.6121,
5/27/2026 1:15:00 PM,DIPC,5/27/2026 1:20:00 PM,CLUZ,6487.4740,
5/27/2026 1:15:00 PM,DIPC,5/27/2026 1:20:00 PM,System,6570.3651,
5/27/2026 4:40:00 PM,DIPC,5/27/2026 4:45:00 PM,CMIN,3006.3640,
5/27/2026 4:40:00 PM,DIPC,5/27/2026 4:45:00 PM,CVIS,27885.8797,
5/27/2026 4:40:00 PM,DIPC,5/27/2026 4:45:00 PM,CLUZ,10481.3619,
5/27/2026 4:40:00 PM,DIPC,5/27/2026 4:45:00 PM,System,11134.6165,
5/27/2026 4:40:00 PM,DIPC,5/27/2026 4:45:00 PM,CLUZ_CVIS,12624.7835,
5/27/2026 4:45:00 PM,DIPC,5/27/2026 4:50:00 PM,CMIN,3665.0371,
5/27/2026 4:45:00 PM,DIPC,5/27/2026 4:50:00 PM,CVIS,28379.0897,
5/27/2026 4:45:00 PM,DIPC,5/27/2026 4:50:00 PM,CLUZ,10485.1078,
5/27/2026 4:45:00 PM,DIPC,5/27/2026 4:50:00 PM,System,11280.4502,
5/27/2026 4:45:00 PM,DIPC,5/27/2026 4:50:00 PM,CLUZ_CVIS,12690.2257,
5/27/2026 4:50:00 PM,DIPC,5/27/2026 4:55:00 PM,CMIN,3666.8439,
5/27/2026 4:50:00 PM,DIPC,5/27/2026 4:55:00 PM,CVIS,30815.4079,
5/27/2026 4:50:00 PM,DIPC,5/27/2026 4:55:00 PM,CLUZ,10486.2688,
5/27/2026 4:50:00 PM,DIPC,5/27/2026 4:55:00 PM,System,11539.7803,
5/27/2026 4:50:00 PM,DIPC,5/27/2026 4:55:00 PM,CLUZ_CVIS,13003.9312,
5/27/2026 1:15:00 PM,DIPC,5/27/2026 1:20:00 PM,CLUZ_CVIS,6524.4670,
5/27/2026 12:55:00 PM,DIPC,5/27/2026 1:00:00 PM,CMIN,5417.9282,
5/27/2026 12:55:00 PM,DIPC,5/27/2026 1:00:00 PM,CVIS,5352.8555,
5/27/2026 12:55:00 PM,DIPC,5/27/2026 1:00:00 PM,CLUZ,5116.6442,
5/27/2026 4:05:00 AM,DIPC,5/27/2026 4:10:00 AM,CMIN,3630.5604,
5/27/2026 4:05:00 AM,DIPC,5/27/2026 4:10:00 AM,CVIS,6878.5492,
5/27/2026 4:05:00 AM,DIPC,5/27/2026 4:10:00 AM,CLUZ,6703.6158,
5/27/2026 4:05:00 AM,DIPC,5/27/2026 4:10:00 AM,System,6256.6811,
5/27/2026 4:05:00 AM,DIPC,5/27/2026 4:10:00 AM,CLUZ_CVIS,6725.7934,
5/27/2026 4:10:00 AM,DIPC,5/27/2026 4:15:00 AM,CMIN,3624.3085,
5/27/2026 4:10:00 AM,DIPC,5/27/2026 4:15:00 AM,CVIS,6877.2906,
5/27/2026 4:10:00 AM,DIPC,5/27/2026 4:15:00 AM,CLUZ,6702.2113,
5/27/2026 4:10:00 AM,DIPC,5/27/2026 4:15:00 AM,System,6253.5927,
5/27/2026 4:10:00 AM,DIPC,5/27/2026 4:15:00 AM,CLUZ_CVIS,6724.4180,
5/27/2026 12:55:00 PM,DIPC,5/27/2026 1:00:00 PM,System,5188.4234,
5/27/2026 12:55:00 PM,DIPC,5/27/2026 1:00:00 PM,CLUZ_CVIS,5148.7554,
5/27/2026 12:20:00 PM,DIPC,5/27/2026 12:25:00 PM,CMIN,3979.6687,
5/27/2026 12:20:00 PM,DIPC,5/27/2026 12:25:00 PM,CVIS,3960.6665,
5/27/2026 12:20:00 PM,DIPC,5/27/2026 12:25:00 PM,CLUZ,2830.0905,
5/27/2026 12:20:00 PM,DIPC,5/27/2026 12:25:00 PM,System,3130.91,
5/27/2026 12:20:00 PM,DIPC,5/27/2026 12:25:00 PM,CLUZ_CVIS,2982.5941,
5/27/2026 4:00:00 AM,DIPC,5/27/2026 4:05:00 AM,CMIN,3634.4005,
5/27/2026 4:00:00 AM,DIPC,5/27/2026 4:05:00 AM,CVIS,7217.9380,
5/27/2026 4:00:00 AM,DIPC,5/27/2026 4:05:00 AM,CLUZ,7028.9878,
5/27/2026 4:00:00 AM,DIPC,5/27/2026 4:05:00 AM,System,6534.6843,
5/27/2026 4:00:00 AM,DIPC,5/27/2026 4:05:00 AM,CLUZ_CVIS,7052.8831,
5/27/2026 5:45:00 AM,DIPC,5/27/2026 5:50:00 AM,CMIN,3291.9192,
5/27/2026 5:45:00 AM,DIPC,5/27/2026 5:50:00 AM,CVIS,3321.4985,
5/27/2026 5:45:00 AM,DIPC,5/27/2026 5:50:00 AM,CLUZ,3243.7013,
5/27/2026 5:45:00 AM,DIPC,5/27/2026 5:50:00 AM,System,3259.4126,
5/27/2026 5:45:00 AM,DIPC,5/27/2026 5:50:00 AM,CLUZ_CVIS,3253.3994,
5/27/2026 6:15:00 PM,DIPC,5/27/2026 6:20:00 PM,CMIN,4981.7836,
5/27/2026 6:15:00 PM,DIPC,5/27/2026 6:20:00 PM,CVIS,31725.8969,
5/27/2026 6:15:00 PM,DIPC,5/27/2026 6:20:00 PM,CLUZ,11524.0388,
5/27/2026 6:15:00 PM,DIPC,5/27/2026 6:20:00 PM,System,12595.0264,
5/27/2026 6:15:00 PM,DIPC,5/27/2026 6:20:00 PM,CLUZ_CVIS,14014.9161,
5/27/2026 6:10:00 PM,DIPC,5/27/2026 6:15:00 PM,CMIN,5484.6070,
5/27/2026 6:10:00 PM,DIPC,5/27/2026 6:15:00 PM,CVIS,33179.0690,
5/27/2026 6:10:00 PM,DIPC,5/27/2026 6:15:00 PM,CLUZ,10534.4862,
5/27/2026 6:10:00 PM,DIPC,5/27/2026 6:15:00 PM,System,12097.8975,
5/27/2026 6:10:00 PM,DIPC,5/27/2026 6:15:00 PM,CLUZ_CVIS,13345.2725,
5/27/2026 6:05:00 PM,DIPC,5/27/2026 6:10:00 PM,CMIN,4980.9621,
5/27/2026 6:05:00 PM,DIPC,5/27/2026 6:10:00 PM,CVIS,32481.0898,
5/27/2026 6:05:00 PM,DIPC,5/27/2026 6:10:00 PM,CLUZ,10525.6599,
5/27/2026 6:05:00 PM,DIPC,5/27/2026 6:10:00 PM,System,11946.5886,
5/27/2026 6:05:00 PM,DIPC,5/27/2026 6:10:00 PM,CLUZ_CVIS,13270.1896,
5/27/2026 6:00:00 PM,DIPC,5/27/2026 6:05:00 PM,CMIN,3816.6362,
5/27/2026 6:00:00 PM,DIPC,5/27/2026 6:05:00 PM,CVIS,31368.0983,
5/27/2026 6:00:00 PM,DIPC,5/27/2026 6:05:00 PM,CLUZ,10525.2502,
5/27/2026 6:00:00 PM,DIPC,5/27/2026 6:05:00 PM,System,11628.7790,
5/27/2026 6:00:00 PM,DIPC,5/27/2026 6:05:00 PM,CLUZ_CVIS,13125.6159,
5/27/2026 7:55:00 PM,DIPC,5/27/2026 8:00:00 PM,CMIN,3686.2529,
5/27/2026 7:55:00 PM,DIPC,5/27/2026 8:00:00 PM,CVIS,31394.7871,
5/27/2026 7:55:00 PM,DIPC,5/27/2026 8:00:00 PM,CLUZ,11589.8429,
5/27/2026 7:55:00 PM,DIPC,5/27/2026 8:00:00 PM,System,12396.7724,
5/27/2026 7:55:00 PM,DIPC,5/27/2026 8:00:00 PM,CLUZ_CVIS,13938.7722,
5/27/2026 7:50:00 PM,DIPC,5/27/2026 7:55:00 PM,CMIN,3679.6927,
5/27/2026 7:50:00 PM,DIPC,5/27/2026 7:55:00 PM,CVIS,31307.1668,
5/27/2026 7:50:00 PM,DIPC,5/27/2026 7:55:00 PM,CLUZ,11573.3894,
5/27/2026 7:50:00 PM,DIPC,5/27/2026 7:55:00 PM,System,12389.6754,
5/27/2026 7:50:00 PM,DIPC,5/27/2026 7:55:00 PM,CLUZ_CVIS,13914.0164,
5/27/2026 7:45:00 PM,DIPC,5/27/2026 7:50:00 PM,CMIN,3699.6029,
5/27/2026 7:45:00 PM,DIPC,5/27/2026 7:50:00 PM,CVIS,31746.6663,
5/27/2026 7:45:00 PM,DIPC,5/27/2026 7:50:00 PM,CLUZ,11573.1842,
5/27/2026 7:45:00 PM,DIPC,5/27/2026 7:50:00 PM,System,12435.5267,
5/27/2026 7:45:00 PM,DIPC,5/27/2026 7:50:00 PM,CLUZ_CVIS,13971.0645,
5/27/2026 7:40:00 PM,DIPC,5/27/2026 7:45:00 PM,CMIN,4462.5413,
5/27/2026 7:40:00 PM,DIPC,5/27/2026 7:45:00 PM,CVIS,31405.9554,
5/27/2026 7:40:00 PM,DIPC,5/27/2026 7:45:00 PM,CLUZ,11574.6571,
5/27/2026 7:40:00 PM,DIPC,5/27/2026 7:45:00 PM,System,12506.1849,
5/27/2026 7:40:00 PM,DIPC,5/27/2026 7:45:00 PM,CLUZ_CVIS,13929.9697,
5/27/2026 7:35:00 PM,DIPC,5/27/2026 7:40:00 PM,CMIN,4462.6384,
5/27/2026 7:35:00 PM,DIPC,5/27/2026 7:40:00 PM,CVIS,31379.3187,
5/27/2026 7:35:00 PM,DIPC,5/27/2026 7:40:00 PM,CLUZ,11583.5367,
5/27/2026 7:35:00 PM,DIPC,5/27/2026 7:40:00 PM,System,12503.8202,
5/27/2026 7:35:00 PM,DIPC,5/27/2026 7:40:00 PM,CLUZ_CVIS,13929.4759,
5/27/2026 7:30:00 PM,DIPC,5/27/2026 7:35:00 PM,CMIN,4465.7384,
5/27/2026 7:30:00 PM,DIPC,5/27/2026 7:35:00 PM,CVIS,31406.9118,
5/27/2026 7:30:00 PM,DIPC,5/27/2026 7:35:00 PM,CLUZ,11589.6412,
5/27/2026 7:30:00 PM,DIPC,5/27/2026 7:35:00 PM,System,12518.1149,
5/27/2026 7:30:00 PM,DIPC,5/27/2026 7:35:00 PM,CLUZ_CVIS,13945.9571,
5/27/2026 6:25:00 AM,DIPC,5/27/2026 6:30:00 AM,CMIN,2822.5486,
5/27/2026 6:25:00 AM,DIPC,5/27/2026 6:30:00 AM,CVIS,2850.7851,
5/27/2026 6:25:00 AM,DIPC,5/27/2026 6:30:00 AM,CLUZ,2795.2361,
5/27/2026 6:25:00 AM,DIPC,5/27/2026 6:30:00 AM,System,2805.3394,
5/27/2026 6:25:00 AM,DIPC,5/27/2026 6:30:00 AM,CLUZ_CVIS,2802.3062,
5/27/2026 6:20:00 AM,DIPC,5/27/2026 6:25:00 AM,CMIN,3053.6510,
5/27/2026 6:20:00 AM,DIPC,5/27/2026 6:25:00 AM,CVIS,3080.9878,
5/27/2026 6:20:00 AM,DIPC,5/27/2026 6:25:00 AM,CLUZ,3017.7545,
5/27/2026 6:20:00 AM,DIPC,5/27/2026 6:25:00 AM,System,3030.0093,
5/27/2026 6:20:00 AM,DIPC,5/27/2026 6:25:00 AM,CLUZ_CVIS,3025.7115,
5/27/2026 6:15:00 AM,DIPC,5/27/2026 6:20:00 AM,CMIN,2829.8082,
5/27/2026 6:15:00 AM,DIPC,5/27/2026 6:20:00 AM,CVIS,2855.8637,
5/27/2026 6:15:00 AM,DIPC,5/27/2026 6:20:00 AM,CLUZ,2797.6018,
5/27/2026 6:15:00 AM,DIPC,5/27/2026 6:20:00 AM,System,2808.7084,
5/27/2026 6:15:00 AM,DIPC,5/27/2026 6:20:00 AM,CLUZ_CVIS,2804.9024,
5/27/2026 6:10:00 AM,DIPC,5/27/2026 6:15:00 AM,CMIN,2835.3758,
5/27/2026 6:10:00 AM,DIPC,5/27/2026 6:15:00 AM,CVIS,2846.8716,
5/27/2026 6:10:00 AM,DIPC,5/27/2026 6:15:00 AM,CLUZ,2796.0267,
5/27/2026 6:10:00 AM,DIPC,5/27/2026 6:15:00 AM,System,2807.5848,
5/27/2026 6:10:00 AM,DIPC,5/27/2026 6:15:00 AM,CLUZ_CVIS,2802.3289,
5/27/2026 6:05:00 AM,DIPC,5/27/2026 6:10:00 AM,CMIN,3038.2744,
5/27/2026 6:05:00 AM,DIPC,5/27/2026 6:10:00 AM,CVIS,3040.8346,
5/27/2026 6:05:00 AM,DIPC,5/27/2026 6:10:00 AM,CLUZ,2991.6599,
5/27/2026 6:05:00 AM,DIPC,5/27/2026 6:10:00 AM,System,3004.2776,
5/27/2026 6:05:00 AM,DIPC,5/27/2026 6:10:00 AM,CLUZ_CVIS,2997.7261,
5/27/2026 4:50:00 AM,DIPC,5/27/2026 4:55:00 AM,CMIN,3638.3179,
5/27/2026 4:50:00 AM,DIPC,5/27/2026 4:55:00 AM,CVIS,6132.5265,
5/27/2026 4:50:00 AM,DIPC,5/27/2026 4:55:00 AM,CLUZ,5945.7579,
5/27/2026 4:50:00 AM,DIPC,5/27/2026 4:55:00 AM,System,5611.9934,
5/27/2026 4:50:00 AM,DIPC,5/27/2026 4:55:00 AM,CLUZ_CVIS,5969.6072,
5/27/2026 6:00:00 AM,DIPC,5/27/2026 6:05:00 AM,CMIN,-2141.2792,
5/27/2026 6:00:00 AM,DIPC,5/27/2026 6:05:00 AM,CVIS,-2141.8061,
5/27/2026 6:00:00 AM,DIPC,5/27/2026 6:05:00 AM,CLUZ,-2107.2473,
5/27/2026 6:00:00 AM,DIPC,5/27/2026 6:05:00 AM,System,-2116.2130,
5/27/2026 6:00:00 AM,DIPC,5/27/2026 6:05:00 AM,CLUZ_CVIS,-2111.4848,
5/27/2026 3:10:00 PM,DIPC,5/27/2026 3:15:00 PM,CMIN,10125.9205,
5/27/2026 3:10:00 PM,DIPC,5/27/2026 3:15:00 PM,CVIS,17120.1662,
5/27/2026 3:10:00 PM,DIPC,5/27/2026 3:15:00 PM,CLUZ,7120.3988,
5/27/2026 3:10:00 PM,DIPC,5/27/2026 3:15:00 PM,System,8656.8851,
5/27/2026 3:10:00 PM,DIPC,5/27/2026 3:15:00 PM,CLUZ_CVIS,8384.4382,
5/27/2026 4:55:00 PM,DIPC,5/27/2026 5:00:00 PM,CMIN,3665.4830,
5/27/2026 4:55:00 PM,DIPC,5/27/2026 5:00:00 PM,CVIS,10588.22,
5/27/2026 4:55:00 PM,DIPC,5/27/2026 5:00:00 PM,CLUZ,10483.7444,
5/27/2026 4:55:00 PM,DIPC,5/27/2026 5:00:00 PM,System,9421.7455,
5/27/2026 4:55:00 PM,DIPC,5/27/2026 5:00:00 PM,CLUZ_CVIS,10496.4162,
5/27/2026 7:25:00 PM,DIPC,5/27/2026 7:30:00 PM,CMIN,3679.8534,
5/27/2026 7:25:00 PM,DIPC,5/27/2026 7:30:00 PM,CVIS,31755.5757,
5/27/2026 7:25:00 PM,DIPC,5/27/2026 7:30:00 PM,CLUZ,15049.5227,
5/27/2026 7:25:00 PM,DIPC,5/27/2026 7:30:00 PM,System,14998.4235,
5/27/2026 7:25:00 PM,DIPC,5/27/2026 7:30:00 PM,CLUZ_CVIS,17043.7291,
5/27/2026 7:20:00 PM,DIPC,5/27/2026 7:25:00 PM,CMIN,3685.3527,
5/27/2026 7:20:00 PM,DIPC,5/27/2026 7:25:00 PM,CVIS,31797.1134,
5/27/2026 7:20:00 PM,DIPC,5/27/2026 7:25:00 PM,CLUZ,11562.7350,
5/27/2026 7:20:00 PM,DIPC,5/27/2026 7:25:00 PM,System,12430.1197,
5/27/2026 7:20:00 PM,DIPC,5/27/2026 7:25:00 PM,CLUZ_CVIS,13998.0120,
5/27/2026 7:15:00 PM,DIPC,5/27/2026 7:20:00 PM,CMIN,3674.8695,
5/27/2026 7:15:00 PM,DIPC,5/27/2026 7:20:00 PM,CVIS,31797.7379,
5/27/2026 7:15:00 PM,DIPC,5/27/2026 7:20:00 PM,CLUZ,11849.0464,
5/27/2026 7:15:00 PM,DIPC,5/27/2026 7:20:00 PM,System,12651.9930,
5/27/2026 7:15:00 PM,DIPC,5/27/2026 7:20:00 PM,CLUZ_CVIS,14255.6749,
5/27/2026 7:10:00 PM,DIPC,5/27/2026 7:15:00 PM,CMIN,3672.4077,
5/27/2026 7:10:00 PM,DIPC,5/27/2026 7:15:00 PM,CVIS,31355.6159,
5/27/2026 7:10:00 PM,DIPC,5/27/2026 7:15:00 PM,CLUZ,11536.8789,
5/27/2026 7:10:00 PM,DIPC,5/27/2026 7:15:00 PM,System,12334.5941,
5/27/2026 7:10:00 PM,DIPC,5/27/2026 7:15:00 PM,CLUZ_CVIS,13926.9448,
5/27/2026 7:05:00 PM,DIPC,5/27/2026 7:10:00 PM,CMIN,3666.6614,
5/27/2026 7:05:00 PM,DIPC,5/27/2026 7:10:00 PM,CVIS,31718.3928,
5/27/2026 7:05:00 PM,DIPC,5/27/2026 7:10:00 PM,CLUZ,11534.5220,
5/27/2026 7:05:00 PM,DIPC,5/27/2026 7:10:00 PM,System,12377.3461,
5/27/2026 7:05:00 PM,DIPC,5/27/2026 7:10:00 PM,CLUZ_CVIS,13976.3676,
5/27/2026 7:00:00 PM,DIPC,5/27/2026 7:05:00 PM,CMIN,3672.0908,
5/27/2026 7:00:00 PM,DIPC,5/27/2026 7:05:00 PM,CVIS,32439.2202,
5/27/2026 7:00:00 PM,DIPC,5/27/2026 7:05:00 PM,CLUZ,11530.3676,
5/27/2026 7:00:00 PM,DIPC,5/27/2026 7:05:00 PM,System,12451.9304,
5/27/2026 7:00:00 PM,DIPC,5/27/2026 7:05:00 PM,CLUZ_CVIS,14073.4374,
5/27/2026 6:55:00 PM,DIPC,5/27/2026 7:00:00 PM,CMIN,3671.2852,
5/27/2026 6:55:00 PM,DIPC,5/27/2026 7:00:00 PM,CVIS,31319.0312,
5/27/2026 6:55:00 PM,DIPC,5/27/2026 7:00:00 PM,CLUZ,11548.9220,
5/27/2026 6:55:00 PM,DIPC,5/27/2026 7:00:00 PM,System,12357.4353,
5/27/2026 6:55:00 PM,DIPC,5/27/2026 7:00:00 PM,CLUZ_CVIS,13955.3096,
5/27/2026 12:30:00 AM,DIPC,5/27/2026 12:35:00 AM,CMIN,3667.6073,
5/27/2026 12:30:00 AM,DIPC,5/27/2026 12:35:00 AM,CVIS,10673.3770,
5/27/2026 12:30:00 AM,DIPC,5/27/2026 12:35:00 AM,CLUZ,10517.0870,
5/27/2026 12:30:00 AM,DIPC,5/27/2026 12:35:00 AM,System,9527.6085,
5/27/2026 12:30:00 AM,DIPC,5/27/2026 12:35:00 AM,CLUZ_CVIS,10534.8944,
5/27/2026 3:40:00 AM,DIPC,5/27/2026 3:45:00 AM,CMIN,3636.1651,
5/27/2026 3:40:00 AM,DIPC,5/27/2026 3:45:00 AM,CVIS,5848.9916,
5/27/2026 3:40:00 AM,DIPC,5/27/2026 3:45:00 AM,CLUZ,5644.9275,
5/27/2026 3:40:00 AM,DIPC,5/27/2026 3:45:00 AM,System,5360.4635,
5/27/2026 3:40:00 AM,DIPC,5/27/2026 3:45:00 AM,CLUZ_CVIS,5670.7702,
5/27/2026 4:55:00 AM,DIPC,5/27/2026 5:00:00 AM,CMIN,3644.1744,
5/27/2026 4:55:00 AM,DIPC,5/27/2026 5:00:00 AM,CVIS,5873.3945,
5/27/2026 4:55:00 AM,DIPC,5/27/2026 5:00:00 AM,CLUZ,5695.5115,
5/27/2026 4:55:00 AM,DIPC,5/27/2026 5:00:00 AM,System,5397.4194,
5/27/2026 4:55:00 AM,DIPC,5/27/2026 5:00:00 AM,CLUZ_CVIS,5718.2789,
5/27/2026 5:30:00 AM,DIPC,5/27/2026 5:35:00 AM,CMIN,3651.8233,
5/27/2026 5:30:00 AM,DIPC,5/27/2026 5:35:00 AM,CVIS,3979.6160,
5/27/2026 5:30:00 AM,DIPC,5/27/2026 5:35:00 AM,CLUZ,3863.9955,
5/27/2026 5:30:00 AM,DIPC,5/27/2026 5:35:00 AM,System,3842.9614,
5/27/2026 5:30:00 AM,DIPC,5/27/2026 5:35:00 AM,CLUZ_CVIS,3878.7703,
5/27/2026 1:20:00 PM,DIPC,5/27/2026 1:25:00 PM,CMIN,7423,
5/27/2026 1:20:00 PM,DIPC,5/27/2026 1:25:00 PM,CVIS,7423,
5/27/2026 1:20:00 PM,DIPC,5/27/2026 1:25:00 PM,CLUZ,6907.0016,
5/27/2026 1:20:00 PM,DIPC,5/27/2026 1:25:00 PM,System,7043.4808,
5/27/2026 1:20:00 PM,DIPC,5/27/2026 1:25:00 PM,CLUZ_CVIS,6977.2471,
5/27/2026 4:20:00 PM,DIPC,5/27/2026 4:25:00 PM,CMIN,0,
5/27/2026 4:20:00 PM,DIPC,5/27/2026 4:25:00 PM,CVIS,31315.9728,
5/27/2026 4:20:00 PM,DIPC,5/27/2026 4:25:00 PM,CLUZ,10483.4360,
5/27/2026 4:20:00 PM,DIPC,5/27/2026 4:25:00 PM,System,11049.0409,
5/27/2026 4:20:00 PM,DIPC,5/27/2026 4:25:00 PM,CLUZ_CVIS,13052.5347,
5/27/2026 1:10:00 AM,DIPC,5/27/2026 1:15:00 AM,CMIN,3662.2640,
5/27/2026 1:10:00 AM,DIPC,5/27/2026 1:15:00 AM,CVIS,10650.1961,
5/27/2026 1:10:00 AM,DIPC,5/27/2026 1:15:00 AM,CLUZ,10481.0468,
5/27/2026 1:10:00 AM,DIPC,5/27/2026 1:15:00 AM,System,9484.9219,
5/27/2026 1:10:00 AM,DIPC,5/27/2026 1:15:00 AM,CLUZ_CVIS,10501.0159,
5/27/2026 3:10:00 AM,DIPC,5/27/2026 3:15:00 AM,CMIN,3637.5072,
5/27/2026 3:10:00 AM,DIPC,5/27/2026 3:15:00 AM,CVIS,4681.7436,
5/27/2026 3:10:00 AM,DIPC,5/27/2026 3:15:00 AM,CLUZ,4523.6202,
5/27/2026 3:10:00 AM,DIPC,5/27/2026 3:15:00 AM,System,4405.5798,
5/27/2026 3:10:00 AM,DIPC,5/27/2026 3:15:00 AM,CLUZ_CVIS,4543.6209,
5/27/2026 2:45:00 AM,DIPC,5/27/2026 2:50:00 AM,CMIN,3646.4713,
5/27/2026 2:45:00 AM,DIPC,5/27/2026 2:50:00 AM,CVIS,6934.3282,
5/27/2026 2:45:00 AM,DIPC,5/27/2026 2:50:00 AM,CLUZ,6705.4759,
5/27/2026 2:45:00 AM,DIPC,5/27/2026 2:50:00 AM,System,6266.3467,
5/27/2026 2:45:00 AM,DIPC,5/27/2026 2:50:00 AM,CLUZ_CVIS,6733.8489,
5/27/2026 5:50:00 PM,DIPC,5/27/2026 5:55:00 PM,CMIN,11500,
5/27/2026 5:50:00 PM,DIPC,5/27/2026 5:55:00 PM,CVIS,11500,
5/27/2026 5:50:00 PM,DIPC,5/27/2026 5:55:00 PM,CLUZ,11500,
5/27/2026 5:50:00 PM,DIPC,5/27/2026 5:55:00 PM,System,11500,
5/27/2026 5:50:00 PM,DIPC,5/27/2026 5:55:00 PM,CLUZ_CVIS,11500,
5/27/2026 5:45:00 PM,DIPC,5/27/2026 5:50:00 PM,CMIN,11500,
5/27/2026 5:45:00 PM,DIPC,5/27/2026 5:50:00 PM,CVIS,11500,
5/27/2026 5:45:00 PM,DIPC,5/27/2026 5:50:00 PM,CLUZ,11500,
5/27/2026 5:45:00 PM,DIPC,5/27/2026 5:50:00 PM,System,11500,
5/27/2026 5:45:00 PM,DIPC,5/27/2026 5:50:00 PM,CLUZ_CVIS,11500,
5/27/2026 5:35:00 PM,DIPC,5/27/2026 5:40:00 PM,CMIN,10500,
5/27/2026 5:35:00 PM,DIPC,5/27/2026 5:40:00 PM,CVIS,10500,
5/27/2026 5:35:00 PM,DIPC,5/27/2026 5:40:00 PM,CLUZ,10500,
5/27/2026 5:35:00 PM,DIPC,5/27/2026 5:40:00 PM,System,10500,
5/27/2026 5:35:00 PM,DIPC,5/27/2026 5:40:00 PM,CLUZ_CVIS,10500,
5/27/2026 12:15:00 AM,DIPC,5/27/2026 12:20:00 AM,CMIN,10500,
5/27/2026 12:15:00 AM,DIPC,5/27/2026 12:20:00 AM,CVIS,10500,
5/27/2026 12:15:00 AM,DIPC,5/27/2026 12:20:00 AM,CLUZ,10500,
5/27/2026 12:15:00 AM,DIPC,5/27/2026 12:20:00 AM,System,10500,
5/27/2026 12:15:00 AM,DIPC,5/27/2026 12:20:00 AM,CLUZ_CVIS,10500,
5/27/2026 9:30:00 PM,DIPC,5/27/2026 9:35:00 PM,CMIN,31999,
5/27/2026 9:30:00 PM,DIPC,5/27/2026 9:35:00 PM,CVIS,31999,
5/27/2026 9:30:00 PM,DIPC,5/27/2026 9:35:00 PM,CLUZ,31999,
5/27/2026 9:30:00 PM,DIPC,5/27/2026 9:35:00 PM,System,31999,
5/27/2026 9:30:00 PM,DIPC,5/27/2026 9:35:00 PM,CLUZ_CVIS,31999,
5/27/2026 9:25:00 PM,DIPC,5/27/2026 9:30:00 PM,CMIN,11500,
5/27/2026 9:25:00 PM,DIPC,5/27/2026 9:30:00 PM,CVIS,11500,
5/27/2026 9:25:00 PM,DIPC,5/27/2026 9:30:00 PM,CLUZ,11500,
5/27/2026 9:25:00 PM,DIPC,5/27/2026 9:30:00 PM,System,11500,
5/27/2026 9:25:00 PM,DIPC,5/27/2026 9:30:00 PM,CLUZ_CVIS,11500,
5/27/2026 9:20:00 PM,DIPC,5/27/2026 9:25:00 PM,CMIN,10463.17,
5/27/2026 9:20:00 PM,DIPC,5/27/2026 9:25:00 PM,CVIS,10463.17,
5/27/2026 9:20:00 PM,DIPC,5/27/2026 9:25:00 PM,CLUZ,10463.17,
5/27/2026 9:20:00 PM,DIPC,5/27/2026 9:25:00 PM,System,10463.17,
5/27/2026 9:20:00 PM,DIPC,5/27/2026 9:25:00 PM,CLUZ_CVIS,10463.17,
5/27/2026 9:15:00 PM,DIPC,5/27/2026 9:20:00 PM,CMIN,9521.01,
5/27/2026 9:15:00 PM,DIPC,5/27/2026 9:20:00 PM,CVIS,9521.01,
5/27/2026 9:15:00 PM,DIPC,5/27/2026 9:20:00 PM,CLUZ,9521.01,
5/27/2026 9:15:00 PM,DIPC,5/27/2026 9:20:00 PM,System,9521.01,
5/27/2026 9:15:00 PM,DIPC,5/27/2026 9:20:00 PM,CLUZ_CVIS,9521.01,
5/27/2026 10:45:00 PM,DIPC,5/27/2026 10:50:00 PM,CMIN,19000,
5/27/2026 10:45:00 PM,DIPC,5/27/2026 10:50:00 PM,CVIS,19000,
5/27/2026 10:45:00 PM,DIPC,5/27/2026 10:50:00 PM,CLUZ,19000,
5/27/2026 10:45:00 PM,DIPC,5/27/2026 10:50:00 PM,System,19000,
5/27/2026 10:45:00 PM,DIPC,5/27/2026 10:50:00 PM,CLUZ_CVIS,19000,
5/27/2026 10:40:00 PM,DIPC,5/27/2026 10:45:00 PM,CMIN,19000,
5/27/2026 10:40:00 PM,DIPC,5/27/2026 10:45:00 PM,CVIS,19000,
5/27/2026 10:40:00 PM,DIPC,5/27/2026 10:45:00 PM,CLUZ,19000,
5/27/2026 10:40:00 PM,DIPC,5/27/2026 10:45:00 PM,System,19000,
5/27/2026 10:40:00 PM,DIPC,5/27/2026 10:45:00 PM,CLUZ_CVIS,19000,
5/27/2026 10:35:00 PM,DIPC,5/27/2026 10:40:00 PM,CMIN,19000,
5/27/2026 10:35:00 PM,DIPC,5/27/2026 10:40:00 PM,CVIS,19000,
5/27/2026 10:35:00 PM,DIPC,5/27/2026 10:40:00 PM,CLUZ,19000,
5/27/2026 10:35:00 PM,DIPC,5/27/2026 10:40:00 PM,System,19000,
5/27/2026 10:35:00 PM,DIPC,5/27/2026 10:40:00 PM,CLUZ_CVIS,19000,
5/27/2026 10:30:00 PM,DIPC,5/27/2026 10:35:00 PM,CMIN,19000,
5/27/2026 10:30:00 PM,DIPC,5/27/2026 10:35:00 PM,CVIS,19000,
5/27/2026 10:30:00 PM,DIPC,5/27/2026 10:35:00 PM,CLUZ,19000,
5/27/2026 10:30:00 PM,DIPC,5/27/2026 10:35:00 PM,System,19000,
5/27/2026 10:30:00 PM,DIPC,5/27/2026 10:35:00 PM,CLUZ_CVIS,19000,
5/27/2026 10:25:00 PM,DIPC,5/27/2026 10:30:00 PM,CMIN,21917.20,
5/27/2026 10:25:00 PM,DIPC,5/27/2026 10:30:00 PM,CVIS,21917.20,
5/27/2026 10:25:00 PM,DIPC,5/27/2026 10:30:00 PM,CLUZ,21917.20,
5/27/2026 10:25:00 PM,DIPC,5/27/2026 10:30:00 PM,System,21917.20,
5/27/2026 10:25:00 PM,DIPC,5/27/2026 10:30:00 PM,CLUZ_CVIS,21917.20,
5/27/2026 10:20:00 PM,DIPC,5/27/2026 10:25:00 PM,CMIN,19000,
5/27/2026 10:20:00 PM,DIPC,5/27/2026 10:25:00 PM,CVIS,19000,
5/27/2026 10:20:00 PM,DIPC,5/27/2026 10:25:00 PM,CLUZ,19000,
5/27/2026 10:20:00 PM,DIPC,5/27/2026 10:25:00 PM,System,19000,
5/27/2026 10:20:00 PM,DIPC,5/27/2026 10:25:00 PM,CLUZ_CVIS,19000,
5/27/2026 10:15:00 PM,DIPC,5/27/2026 10:20:00 PM,CMIN,19000,
5/27/2026 10:15:00 PM,DIPC,5/27/2026 10:20:00 PM,CVIS,19000,
5/27/2026 10:15:00 PM,DIPC,5/27/2026 10:20:00 PM,CLUZ,19000,
5/27/2026 10:15:00 PM,DIPC,5/27/2026 10:20:00 PM,System,19000,
5/27/2026 10:15:00 PM,DIPC,5/27/2026 10:20:00 PM,CLUZ_CVIS,19000,
5/27/2026 10:10:00 PM,DIPC,5/27/2026 10:15:00 PM,CMIN,19000,
5/27/2026 10:10:00 PM,DIPC,5/27/2026 10:15:00 PM,CVIS,19000,
5/27/2026 10:10:00 PM,DIPC,5/27/2026 10:15:00 PM,CLUZ,19000,
5/27/2026 10:10:00 PM,DIPC,5/27/2026 10:15:00 PM,System,19000,
5/27/2026 10:10:00 PM,DIPC,5/27/2026 10:15:00 PM,CLUZ_CVIS,19000,
5/27/2026 12:20:00 AM,DIPC,5/27/2026 12:25:00 AM,CMIN,3668.9496,
5/27/2026 12:20:00 AM,DIPC,5/27/2026 12:25:00 AM,CVIS,10678.5008,
5/27/2026 12:20:00 AM,DIPC,5/27/2026 12:25:00 AM,CLUZ,10530.0359,
5/27/2026 12:20:00 AM,DIPC,5/27/2026 12:25:00 AM,System,9537.0916,
5/27/2026 12:20:00 AM,DIPC,5/27/2026 12:25:00 AM,CLUZ_CVIS,10546.8612,
5/27/2026 12:30:00 PM,DIPC,5/27/2026 12:35:00 PM,CMIN,3698.8685,
5/27/2026 12:30:00 PM,DIPC,5/27/2026 12:35:00 PM,CVIS,3667.0186,
5/27/2026 12:30:00 PM,DIPC,5/27/2026 12:35:00 PM,CLUZ,3222.2227,
5/27/2026 12:30:00 PM,DIPC,5/27/2026 12:35:00 PM,System,3343.4310,
5/27/2026 12:30:00 PM,DIPC,5/27/2026 12:35:00 PM,CLUZ_CVIS,3282.2987,
5/27/2026 12:25:00 PM,DIPC,5/27/2026 12:30:00 PM,CMIN,3983.3691,
5/27/2026 12:25:00 PM,DIPC,5/27/2026 12:30:00 PM,CVIS,3962.9863,
5/27/2026 12:25:00 PM,DIPC,5/27/2026 12:30:00 PM,CLUZ,3165.0788,
5/27/2026 12:25:00 PM,DIPC,5/27/2026 12:30:00 PM,System,3377.7326,
5/27/2026 12:25:00 PM,DIPC,5/27/2026 12:30:00 PM,CLUZ_CVIS,3272.6576,
5/27/2026 1:50:00 AM,DIPC,5/27/2026 1:55:00 AM,CMIN,3656.0218,
5/27/2026 1:50:00 AM,DIPC,5/27/2026 1:55:00 AM,CVIS,5941.6018,
5/27/2026 1:50:00 AM,DIPC,5/27/2026 1:55:00 AM,CLUZ,5857.9086,
5/27/2026 1:50:00 AM,DIPC,5/27/2026 1:55:00 AM,System,5538.7483,
5/27/2026 1:50:00 AM,DIPC,5/27/2026 1:55:00 AM,CLUZ_CVIS,5867.9055,
5/27/2026 5:25:00 AM,DIPC,5/27/2026 5:30:00 AM,CMIN,3652.6958,
5/27/2026 5:25:00 AM,DIPC,5/27/2026 5:30:00 AM,CVIS,4778.2426,
5/27/2026 5:25:00 AM,DIPC,5/27/2026 5:30:00 AM,CLUZ,4628.8447,
5/27/2026 5:25:00 AM,DIPC,5/27/2026 5:30:00 AM,System,4491.2255,
5/27/2026 5:25:00 AM,DIPC,5/27/2026 5:30:00 AM,CLUZ_CVIS,4648.14,
5/27/2026 5:35:00 AM,DIPC,5/27/2026 5:40:00 AM,CMIN,3647.9485,
5/27/2026 5:35:00 AM,DIPC,5/27/2026 5:40:00 AM,CVIS,3723.4660,
5/27/2026 5:35:00 AM,DIPC,5/27/2026 5:40:00 AM,CLUZ,3621.0165,
5/27/2026 5:35:00 AM,DIPC,5/27/2026 5:40:00 AM,System,3636.1599,
5/27/2026 5:35:00 AM,DIPC,5/27/2026 5:40:00 AM,CLUZ_CVIS,3633.9540,
5/27/2026 10:10:00 AM,DIPC,5/27/2026 10:15:00 AM,CMIN,3665.0590,
5/27/2026 10:10:00 AM,DIPC,5/27/2026 10:15:00 AM,CVIS,3634.2968,
5/27/2026 10:10:00 AM,DIPC,5/27/2026 10:15:00 AM,CLUZ,2761.0399,
5/27/2026 10:10:00 AM,DIPC,5/27/2026 10:15:00 AM,System,2995.0852,
5/27/2026 10:10:00 AM,DIPC,5/27/2026 10:15:00 AM,CLUZ_CVIS,2878.0353,
5/27/2026 2:20:00 AM,DIPC,5/27/2026 2:25:00 AM,CMIN,3644.7457,
5/27/2026 2:20:00 AM,DIPC,5/27/2026 2:25:00 AM,CVIS,7335.8643,
5/27/2026 2:20:00 AM,DIPC,5/27/2026 2:25:00 AM,CLUZ,7059.5267,
5/27/2026 2:20:00 AM,DIPC,5/27/2026 2:25:00 AM,System,6575.0993,
5/27/2026 2:20:00 AM,DIPC,5/27/2026 2:25:00 AM,CLUZ_CVIS,7093.3102,
5/27/2026 10:00:00 AM,DIPC,5/27/2026 10:05:00 AM,CMIN,3959.1741,
5/27/2026 10:00:00 AM,DIPC,5/27/2026 10:05:00 AM,CVIS,3930.8462,
5/27/2026 10:00:00 AM,DIPC,5/27/2026 10:05:00 AM,CLUZ,0,
5/27/2026 10:00:00 AM,DIPC,5/27/2026 10:05:00 AM,System,1042.9546,
5/27/2026 10:00:00 AM,DIPC,5/27/2026 10:05:00 AM,CLUZ_CVIS,529.3450,
5/27/2026 3:15:00 PM,DIPC,5/27/2026 3:20:00 PM,CMIN,9373.6753,
5/27/2026 3:15:00 PM,DIPC,5/27/2026 3:20:00 PM,CVIS,20744.8365,
5/27/2026 3:15:00 PM,DIPC,5/27/2026 3:20:00 PM,CLUZ,10462.4380,
5/27/2026 3:15:00 PM,DIPC,5/27/2026 3:20:00 PM,System,11386.8642,
5/27/2026 3:15:00 PM,DIPC,5/27/2026 3:20:00 PM,CLUZ_CVIS,11759.7860,
5/27/2026 3:20:00 PM,DIPC,5/27/2026 3:25:00 PM,CMIN,11273.8593,
5/27/2026 3:20:00 PM,DIPC,5/27/2026 3:25:00 PM,CVIS,20745.0409,
5/27/2026 3:20:00 PM,DIPC,5/27/2026 3:25:00 PM,CLUZ,10479.1212,
5/27/2026 3:20:00 PM,DIPC,5/27/2026 3:25:00 PM,System,11690.5875,
5/27/2026 3:20:00 PM,DIPC,5/27/2026 3:25:00 PM,CLUZ_CVIS,11767.4937,
5/27/2026 12:50:00 PM,DIPC,5/27/2026 12:55:00 PM,CMIN,4358.8246,
5/27/2026 12:50:00 PM,DIPC,5/27/2026 12:55:00 PM,CVIS,4306.6756,
5/27/2026 12:50:00 PM,DIPC,5/27/2026 12:55:00 PM,CLUZ,3600.8140,
5/27/2026 12:50:00 PM,DIPC,5/27/2026 12:55:00 PM,System,3793.9099,
5/27/2026 12:50:00 PM,DIPC,5/27/2026 12:55:00 PM,CLUZ_CVIS,3697.0585,
5/27/2026 2:00:00 AM,DIPC,5/27/2026 2:05:00 AM,CMIN,3649.8466,
5/27/2026 2:00:00 AM,DIPC,5/27/2026 2:05:00 AM,CVIS,7392.2975,
5/27/2026 2:00:00 AM,DIPC,5/27/2026 2:05:00 AM,CLUZ,7113.8513,
5/27/2026 2:00:00 AM,DIPC,5/27/2026 2:05:00 AM,System,6627.1735,
5/27/2026 2:00:00 AM,DIPC,5/27/2026 2:05:00 AM,CLUZ_CVIS,7147.3474,
5/27/2026 2:35:00 AM,DIPC,5/27/2026 2:40:00 AM,CMIN,3648.3739,
5/27/2026 2:35:00 AM,DIPC,5/27/2026 2:40:00 AM,CVIS,6953.9108,
5/27/2026 2:35:00 AM,DIPC,5/27/2026 2:40:00 AM,CLUZ,6724.7568,
5/27/2026 2:35:00 AM,DIPC,5/27/2026 2:40:00 AM,System,6284.0280,
5/27/2026 2:35:00 AM,DIPC,5/27/2026 2:40:00 AM,CLUZ_CVIS,6753.0309,
5/27/2026 3:25:00 AM,DIPC,5/27/2026 3:30:00 AM,CMIN,3631.5645,
5/27/2026 3:25:00 AM,DIPC,5/27/2026 3:30:00 AM,CVIS,6117.9375,
5/27/2026 3:25:00 AM,DIPC,5/27/2026 3:30:00 AM,CLUZ,5901.1249,
5/27/2026 3:25:00 AM,DIPC,5/27/2026 3:30:00 AM,System,5579.4962,
5/27/2026 3:25:00 AM,DIPC,5/27/2026 3:30:00 AM,CLUZ_CVIS,5928.5865,
5/27/2026 4:10:00 PM,DIPC,5/27/2026 4:15:00 PM,CMIN,3704.1876,
5/27/2026 4:10:00 PM,DIPC,5/27/2026 4:15:00 PM,CVIS,31860.3293,
5/27/2026 4:10:00 PM,DIPC,5/27/2026 4:15:00 PM,CLUZ,7164.0724,
5/27/2026 4:10:00 PM,DIPC,5/27/2026 4:15:00 PM,System,9215.4478,
5/27/2026 4:10:00 PM,DIPC,5/27/2026 4:15:00 PM,CLUZ_CVIS,10227.8642,
5/27/2026 12:10:00 AM,DIPC,5/27/2026 12:15:00 AM,CMIN,10500,
5/27/2026 12:10:00 AM,DIPC,5/27/2026 12:15:00 AM,CVIS,10500,
5/27/2026 12:10:00 AM,DIPC,5/27/2026 12:15:00 AM,CLUZ,10500,
5/27/2026 12:10:00 AM,DIPC,5/27/2026 12:15:00 AM,System,10500,
5/27/2026 12:10:00 AM,DIPC,5/27/2026 12:15:00 AM,CLUZ_CVIS,10500,
5/27/2026 12:05:00 AM,DIPC,5/27/2026 12:10:00 AM,CMIN,10500,
5/27/2026 12:05:00 AM,DIPC,5/27/2026 12:10:00 AM,CVIS,10500,
5/27/2026 12:05:00 AM,DIPC,5/27/2026 12:10:00 AM,CLUZ,10500,
5/27/2026 12:05:00 AM,DIPC,5/27/2026 12:10:00 AM,System,10500,
5/27/2026 12:05:00 AM,DIPC,5/27/2026 12:10:00 AM,CLUZ_CVIS,10500,
5/27/2026,DIPC,5/27/2026 12:05:00 AM,CMIN,10500,
5/27/2026,DIPC,5/27/2026 12:05:00 AM,CVIS,10500,
5/27/2026,DIPC,5/27/2026 12:05:00 AM,CLUZ,10500,
5/27/2026,DIPC,5/27/2026 12:05:00 AM,System,10500,
5/27/2026,DIPC,5/27/2026 12:05:00 AM,CLUZ_CVIS,10500,
5/27/2026 3:30:00 AM,DIPC,5/27/2026 3:35:00 AM,CMIN,3629.4345,
5/27/2026 3:30:00 AM,DIPC,5/27/2026 3:35:00 AM,CVIS,7287.9039,
5/27/2026 3:30:00 AM,DIPC,5/27/2026 3:35:00 AM,CLUZ,7025.4831,
5/27/2026 3:30:00 AM,DIPC,5/27/2026 3:35:00 AM,System,6542.5898,
5/27/2026 3:30:00 AM,DIPC,5/27/2026 3:35:00 AM,CLUZ_CVIS,7058.3672,
5/27/2026 12:50:00 AM,DIPC,5/27/2026 12:55:00 AM,CMIN,3658.4340,
5/27/2026 12:50:00 AM,DIPC,5/27/2026 12:55:00 AM,CVIS,10646.9992,
5/27/2026 12:50:00 AM,DIPC,5/27/2026 12:55:00 AM,CLUZ,10501.6219,
5/27/2026 12:50:00 AM,DIPC,5/27/2026 12:55:00 AM,System,9515.5370,
5/27/2026 12:50:00 AM,DIPC,5/27/2026 12:55:00 AM,CLUZ_CVIS,10518.3403,
5/27/2026 1:35:00 AM,DIPC,5/27/2026 1:40:00 AM,CMIN,3654.0490,
5/27/2026 1:35:00 AM,DIPC,5/27/2026 1:40:00 AM,CVIS,5985.4120,
5/27/2026 1:35:00 AM,DIPC,5/27/2026 1:40:00 AM,CLUZ,5902.4625,
5/27/2026 1:35:00 AM,DIPC,5/27/2026 1:40:00 AM,System,5577.9781,
5/27/2026 1:35:00 AM,DIPC,5/27/2026 1:40:00 AM,CLUZ_CVIS,5912.2919,
5/27/2026 2:15:00 AM,DIPC,5/27/2026 2:20:00 AM,CMIN,3650.1039,
5/27/2026 2:15:00 AM,DIPC,5/27/2026 2:20:00 AM,CVIS,7368.9636,
5/27/2026 2:15:00 AM,DIPC,5/27/2026 2:20:00 AM,CLUZ,7084.3670,
5/27/2026 2:15:00 AM,DIPC,5/27/2026 2:20:00 AM,System,6598.3467,
5/27/2026 2:15:00 AM,DIPC,5/27/2026 2:20:00 AM,CLUZ_CVIS,7119.0164,
5/27/2026 9:10:00 PM,DIPC,5/27/2026 9:15:00 PM,CMIN,11500,
5/27/2026 9:10:00 PM,DIPC,5/27/2026 9:15:00 PM,CVIS,11500,
5/27/2026 9:10:00 PM,DIPC,5/27/2026 9:15:00 PM,CLUZ,11500,
5/27/2026 9:10:00 PM,DIPC,5/27/2026 9:15:00 PM,System,11500,
5/27/2026 9:10:00 PM,DIPC,5/27/2026 9:15:00 PM,CLUZ_CVIS,11500,
5/27/2026 9:05:00 PM,DIPC,5/27/2026 9:10:00 PM,CMIN,8659.57,
5/27/2026 9:05:00 PM,DIPC,5/27/2026 9:10:00 PM,CVIS,8659.57,
5/27/2026 9:05:00 PM,DIPC,5/27/2026 9:10:00 PM,CLUZ,8659.57,
5/27/2026 9:05:00 PM,DIPC,5/27/2026 9:10:00 PM,System,8659.57,
5/27/2026 9:05:00 PM,DIPC,5/27/2026 9:10:00 PM,CLUZ_CVIS,8659.57,
5/27/2026 9:00:00 PM,DIPC,5/27/2026 9:05:00 PM,CMIN,8659.57,
5/27/2026 9:00:00 PM,DIPC,5/27/2026 9:05:00 PM,CVIS,8659.57,
5/27/2026 9:00:00 PM,DIPC,5/27/2026 9:05:00 PM,CLUZ,8659.57,
5/27/2026 9:00:00 PM,DIPC,5/27/2026 9:05:00 PM,System,8659.57,
5/27/2026 9:00:00 PM,DIPC,5/27/2026 9:05:00 PM,CLUZ_CVIS,8659.57,
5/27/2026 8:50:00 PM,DIPC,5/27/2026 8:55:00 PM,CMIN,16858,
5/27/2026 8:50:00 PM,DIPC,5/27/2026 8:55:00 PM,CVIS,16858,
5/27/2026 8:50:00 PM,DIPC,5/27/2026 8:55:00 PM,CLUZ,16858,
5/27/2026 8:50:00 PM,DIPC,5/27/2026 8:55:00 PM,System,16858,
5/27/2026 8:50:00 PM,DIPC,5/27/2026 8:55:00 PM,CLUZ_CVIS,16858,
5/27/2026 8:45:00 PM,DIPC,5/27/2026 8:50:00 PM,CMIN,18264.99,
5/27/2026 8:45:00 PM,DIPC,5/27/2026 8:50:00 PM,CVIS,18264.99,
5/27/2026 8:45:00 PM,DIPC,5/27/2026 8:50:00 PM,CLUZ,18264.99,
5/27/2026 8:45:00 PM,DIPC,5/27/2026 8:50:00 PM,System,18264.99,
5/27/2026 8:45:00 PM,DIPC,5/27/2026 8:50:00 PM,CLUZ_CVIS,18264.99,
5/27/2026 8:40:00 PM,DIPC,5/27/2026 8:45:00 PM,CMIN,19000,
5/27/2026 8:40:00 PM,DIPC,5/27/2026 8:45:00 PM,CVIS,19000,
5/27/2026 8:40:00 PM,DIPC,5/27/2026 8:45:00 PM,CLUZ,19000,
5/27/2026 8:40:00 PM,DIPC,5/27/2026 8:45:00 PM,System,19000,
5/27/2026 8:40:00 PM,DIPC,5/27/2026 8:45:00 PM,CLUZ_CVIS,19000,
5/27/2026 8:35:00 PM,DIPC,5/27/2026 8:40:00 PM,CMIN,19000,
5/27/2026 8:35:00 PM,DIPC,5/27/2026 8:40:00 PM,CVIS,19000,
5/27/2026 8:35:00 PM,DIPC,5/27/2026 8:40:00 PM,CLUZ,19000,
5/27/2026 8:35:00 PM,DIPC,5/27/2026 8:40:00 PM,System,19000,
5/27/2026 8:35:00 PM,DIPC,5/27/2026 8:40:00 PM,CLUZ_CVIS,19000,
5/27/2026 10:55:00 AM,DIPC,5/27/2026 11:00:00 AM,CMIN,4031.5204,
5/27/2026 10:55:00 AM,DIPC,5/27/2026 11:00:00 AM,CVIS,4000.0421,
5/27/2026 10:55:00 AM,DIPC,5/27/2026 11:00:00 AM,CLUZ,2994.7624,
5/27/2026 10:55:00 AM,DIPC,5/27/2026 11:00:00 AM,System,3266.2650,
5/27/2026 10:55:00 AM,DIPC,5/27/2026 11:00:00 AM,CLUZ_CVIS,3133.1603,
5/27/2026 10:50:00 AM,DIPC,5/27/2026 10:55:00 AM,CMIN,4566.6723,
5/27/2026 10:50:00 AM,DIPC,5/27/2026 10:55:00 AM,CVIS,4533.8945,
5/27/2026 10:50:00 AM,DIPC,5/27/2026 10:55:00 AM,CLUZ,2995.8693,
5/27/2026 10:50:00 AM,DIPC,5/27/2026 10:55:00 AM,System,3409.0705,
5/27/2026 10:50:00 AM,DIPC,5/27/2026 10:55:00 AM,CLUZ_CVIS,3208.9377,
5/27/2026 10:15:00 AM,DIPC,5/27/2026 10:20:00 AM,CMIN,4553.3597,
5/27/2026 10:15:00 AM,DIPC,5/27/2026 10:20:00 AM,CVIS,4527.8351,
5/27/2026 10:15:00 AM,DIPC,5/27/2026 10:20:00 AM,CLUZ,2343.9434,
5/27/2026 10:15:00 AM,DIPC,5/27/2026 10:20:00 AM,System,2927.0817,
5/27/2026 10:15:00 AM,DIPC,5/27/2026 10:20:00 AM,CLUZ_CVIS,2641.7048,
5/27/2026 10:20:00 AM,DIPC,5/27/2026 10:25:00 AM,CMIN,4303.3045,
5/27/2026 10:20:00 AM,DIPC,5/27/2026 10:25:00 AM,CVIS,4279.9186,
5/27/2026 10:20:00 AM,DIPC,5/27/2026 10:25:00 AM,CLUZ,2993.1175,
5/27/2026 10:20:00 AM,DIPC,5/27/2026 10:25:00 AM,System,3338.7306,
5/27/2026 10:20:00 AM,DIPC,5/27/2026 10:25:00 AM,CLUZ_CVIS,3169.6835,
5/27/2026 2:00:00 PM,DIPC,5/27/2026 2:05:00 PM,CMIN,7423,
5/27/2026 2:00:00 PM,DIPC,5/27/2026 2:05:00 PM,CVIS,7423,
5/27/2026 2:00:00 PM,DIPC,5/27/2026 2:05:00 PM,CLUZ,2363.3904,
5/27/2026 2:00:00 PM,DIPC,5/27/2026 2:05:00 PM,System,3728.5610,
5/27/2026 2:00:00 PM,DIPC,5/27/2026 2:05:00 PM,CLUZ_CVIS,3038.4693,
5/27/2026 3:55:00 PM,DIPC,5/27/2026 4:00:00 PM,CMIN,4479.4910,
5/27/2026 3:55:00 PM,DIPC,5/27/2026 4:00:00 PM,CVIS,11637.0146,
5/27/2026 3:55:00 PM,DIPC,5/27/2026 4:00:00 PM,CLUZ,11490.2730,
5/27/2026 3:55:00 PM,DIPC,5/27/2026 4:00:00 PM,System,10419.0356,
5/27/2026 3:55:00 PM,DIPC,5/27/2026 4:00:00 PM,CLUZ_CVIS,11508.3338,
5/27/2026 5:00:00 PM,DIPC,5/27/2026 5:05:00 PM,CMIN,3475.0790,
5/27/2026 5:00:00 PM,DIPC,5/27/2026 5:05:00 PM,CVIS,17156.9593,
5/27/2026 5:00:00 PM,DIPC,5/27/2026 5:05:00 PM,CLUZ,7185.4810,
5/27/2026 5:00:00 PM,DIPC,5/27/2026 5:05:00 PM,System,7614.6880,
5/27/2026 5:00:00 PM,DIPC,5/27/2026 5:05:00 PM,CLUZ_CVIS,8390.7307,
5/27/2026 1:30:00 AM,DIPC,5/27/2026 1:35:00 AM,CMIN,3659.2036,
5/27/2026 1:30:00 AM,DIPC,5/27/2026 1:35:00 AM,CVIS,5977.2482,
5/27/2026 1:30:00 AM,DIPC,5/27/2026 1:35:00 AM,CLUZ,5891.7542,
5/27/2026 1:30:00 AM,DIPC,5/27/2026 1:35:00 AM,System,5569.3354,
5/27/2026 1:30:00 AM,DIPC,5/27/2026 1:35:00 AM,CLUZ_CVIS,5901.8705,
5/27/2026 4:05:00 PM,DIPC,5/27/2026 4:10:00 PM,CMIN,3707.2884,
5/27/2026 4:05:00 PM,DIPC,5/27/2026 4:10:00 PM,CVIS,31312.0094,
5/27/2026 4:05:00 PM,DIPC,5/27/2026 4:10:00 PM,CLUZ,7150.3017,
5/27/2026 4:05:00 PM,DIPC,5/27/2026 4:10:00 PM,System,9148.5907,
5/27/2026 4:05:00 PM,DIPC,5/27/2026 4:10:00 PM,CLUZ_CVIS,10147.9059,
5/27/2026 5:05:00 PM,DIPC,5/27/2026 5:10:00 PM,CMIN,3475.2838,
5/27/2026 5:05:00 PM,DIPC,5/27/2026 5:10:00 PM,CVIS,14643.2436,
5/27/2026 5:05:00 PM,DIPC,5/27/2026 5:10:00 PM,CLUZ,8519.0174,
5/27/2026 5:05:00 PM,DIPC,5/27/2026 5:10:00 PM,System,8344.7312,
5/27/2026 5:05:00 PM,DIPC,5/27/2026 5:10:00 PM,CLUZ_CVIS,9260.0641,
5/27/2026 11:10:00 AM,DIPC,5/27/2026 11:15:00 AM,CMIN,5596.6705,
5/27/2026 11:10:00 AM,DIPC,5/27/2026 11:15:00 AM,CVIS,5557.8819,
5/27/2026 11:10:00 AM,DIPC,5/27/2026 11:15:00 AM,CLUZ,2851.3380,
5/27/2026 11:10:00 AM,DIPC,5/27/2026 11:15:00 AM,System,3579.6458,
5/27/2026 11:10:00 AM,DIPC,5/27/2026 11:15:00 AM,CLUZ_CVIS,3223.9759,
5/27/2026 11:05:00 AM,DIPC,5/27/2026 11:10:00 AM,CMIN,5062.1484,
5/27/2026 11:05:00 AM,DIPC,5/27/2026 11:10:00 AM,CVIS,5051.9452,
5/27/2026 4:35:00 AM,DIPC,5/27/2026 4:40:00 AM,CMIN,3637.8607,
5/27/2026 4:35:00 AM,DIPC,5/27/2026 4:40:00 AM,CVIS,6878.3012,
5/27/2026 4:35:00 AM,DIPC,5/27/2026 4:40:00 AM,CLUZ,6678.7433,
5/27/2026 4:35:00 AM,DIPC,5/27/2026 4:40:00 AM,System,6235.6974,
5/27/2026 4:35:00 AM,DIPC,5/27/2026 4:40:00 AM,CLUZ_CVIS,6704.0545,
5/27/2026 11:05:00 AM,DIPC,5/27/2026 11:10:00 AM,CLUZ,2820.4821,
5/27/2026 11:05:00 AM,DIPC,5/27/2026 11:10:00 AM,System,3414.2350,
5/27/2026 11:05:00 AM,DIPC,5/27/2026 11:10:00 AM,CLUZ_CVIS,3126.5522,
5/27/2026 2:10:00 AM,DIPC,5/27/2026 2:15:00 AM,CMIN,3648.0693,
5/27/2026 2:10:00 AM,DIPC,5/27/2026 2:15:00 AM,CVIS,7390.4361,
5/27/2026 2:10:00 AM,DIPC,5/27/2026 2:15:00 AM,CLUZ,7098.2758,
5/27/2026 2:10:00 AM,DIPC,5/27/2026 2:15:00 AM,System,6610.7832,
5/27/2026 2:10:00 AM,DIPC,5/27/2026 2:15:00 AM,CLUZ_CVIS,7133.7493,
5/27/2026 1:55:00 PM,DIPC,5/27/2026 2:00:00 PM,CMIN,7423,
5/27/2026 1:55:00 PM,DIPC,5/27/2026 2:00:00 PM,CVIS,7423,
5/27/2026 1:55:00 PM,DIPC,5/27/2026 2:00:00 PM,CLUZ,6940.3409,
5/27/2026 1:55:00 PM,DIPC,5/27/2026 2:00:00 PM,System,7069.5272,
5/27/2026 1:55:00 PM,DIPC,5/27/2026 2:00:00 PM,CLUZ_CVIS,7004.7361,
5/27/2026 1:50:00 PM,DIPC,5/27/2026 1:55:00 PM,CMIN,7423,
5/27/2026 1:50:00 PM,DIPC,5/27/2026 1:55:00 PM,CVIS,7423,
5/27/2026 1:50:00 PM,DIPC,5/27/2026 1:55:00 PM,CLUZ,6958.7140,
5/27/2026 1:50:00 PM,DIPC,5/27/2026 1:55:00 PM,System,7083.3525,
5/27/2026 1:50:00 PM,DIPC,5/27/2026 1:55:00 PM,CLUZ_CVIS,7021.3097,
5/27/2026 2:10:00 PM,DIPC,5/27/2026 2:15:00 PM,CMIN,7423,
5/27/2026 2:10:00 PM,DIPC,5/27/2026 2:15:00 PM,CVIS,7423,
5/27/2026 2:10:00 PM,DIPC,5/27/2026 2:15:00 PM,CLUZ,6588.4250,
5/27/2026 2:10:00 PM,DIPC,5/27/2026 2:15:00 PM,System,6813.2024,
5/27/2026 2:10:00 PM,DIPC,5/27/2026 2:15:00 PM,CLUZ_CVIS,6698.6751,
5/27/2026 2:05:00 PM,DIPC,5/27/2026 2:10:00 PM,CMIN,7423,
5/27/2026 2:05:00 PM,DIPC,5/27/2026 2:10:00 PM,CVIS,7423,
5/27/2026 2:05:00 PM,DIPC,5/27/2026 2:10:00 PM,CLUZ,6602.2798,
5/27/2026 2:05:00 PM,DIPC,5/27/2026 2:10:00 PM,System,6822.8859,
5/27/2026 2:05:00 PM,DIPC,5/27/2026 2:10:00 PM,CLUZ_CVIS,6710.5858,
5/27/2026 5:15:00 AM,DIPC,5/27/2026 5:20:00 AM,CMIN,3647.6906,
5/27/2026 5:15:00 AM,DIPC,5/27/2026 5:20:00 AM,CVIS,6334.7268,
5/27/2026 5:15:00 AM,DIPC,5/27/2026 5:20:00 AM,CLUZ,6127.0639,
5/27/2026 5:15:00 AM,DIPC,5/27/2026 5:20:00 AM,System,5761.6265,
5/27/2026 5:15:00 AM,DIPC,5/27/2026 5:20:00 AM,CLUZ_CVIS,6153.5326,
5/27/2026 9:45:00 AM,DIPC,5/27/2026 9:50:00 AM,CMIN,3550.9129,
5/27/2026 9:45:00 AM,DIPC,5/27/2026 9:50:00 AM,CVIS,3505.0397,
5/27/2026 9:45:00 AM,DIPC,5/27/2026 9:50:00 AM,CLUZ,0,
5/27/2026 9:45:00 AM,DIPC,5/27/2026 9:50:00 AM,System,920.8942,
5/27/2026 9:45:00 AM,DIPC,5/27/2026 9:50:00 AM,CLUZ_CVIS,469.7512,
5/27/2026 9:50:00 AM,DIPC,5/27/2026 9:55:00 AM,CMIN,3972.2995,
5/27/2026 9:50:00 AM,DIPC,5/27/2026 9:55:00 AM,CVIS,3933.5771,
5/27/2026 9:50:00 AM,DIPC,5/27/2026 9:55:00 AM,CLUZ,2997.6638,
5/27/2026 9:50:00 AM,DIPC,5/27/2026 9:55:00 AM,System,3246.9764,
5/27/2026 9:50:00 AM,DIPC,5/27/2026 9:55:00 AM,CLUZ_CVIS,3121.6387,
5/27/2026 12:45:00 PM,DIPC,5/27/2026 12:50:00 PM,CMIN,4590.0550,
5/27/2026 12:45:00 PM,DIPC,5/27/2026 12:50:00 PM,CVIS,4535.8346,
5/27/2026 12:45:00 PM,DIPC,5/27/2026 12:50:00 PM,CLUZ,3599.9941,
5/27/2026 12:45:00 PM,DIPC,5/27/2026 12:50:00 PM,System,3854.0898,
5/27/2026 12:45:00 PM,DIPC,5/27/2026 12:50:00 PM,CLUZ_CVIS,3727.56,
5/27/2026 12:40:00 PM,DIPC,5/27/2026 12:45:00 PM,CMIN,4586.4704,
5/27/2026 12:40:00 PM,DIPC,5/27/2026 12:45:00 PM,CVIS,4539.0498,
5/27/2026 12:40:00 PM,DIPC,5/27/2026 12:45:00 PM,CLUZ,3462.8135,
5/27/2026 12:40:00 PM,DIPC,5/27/2026 12:45:00 PM,System,3752.7687,
5/27/2026 12:40:00 PM,DIPC,5/27/2026 12:45:00 PM,CLUZ_CVIS,3608.7505,
5/27/2026 12:35:00 PM,DIPC,5/27/2026 12:40:00 PM,CMIN,3987.8467,
5/27/2026 12:35:00 PM,DIPC,5/27/2026 12:40:00 PM,CVIS,3962.5287,
5/27/2026 12:35:00 PM,DIPC,5/27/2026 12:40:00 PM,CLUZ,3462.3516,
5/27/2026 12:35:00 PM,DIPC,5/27/2026 12:40:00 PM,System,3597.0470,
5/27/2026 12:35:00 PM,DIPC,5/27/2026 12:40:00 PM,CLUZ_CVIS,3529.6689,
5/27/2026 1:05:00 PM,DIPC,5/27/2026 1:10:00 PM,CMIN,7423,
5/27/2026 1:05:00 PM,DIPC,5/27/2026 1:10:00 PM,CVIS,7423,
5/27/2026 1:05:00 PM,DIPC,5/27/2026 1:10:00 PM,CLUZ,4602.2854,
5/27/2026 1:05:00 PM,DIPC,5/27/2026 1:10:00 PM,System,5352.1481,
5/27/2026 2:45:00 PM,DIPC,5/27/2026 2:50:00 PM,CMIN,7423,
5/27/2026 2:45:00 PM,DIPC,5/27/2026 2:50:00 PM,CVIS,7423,
5/27/2026 2:45:00 PM,DIPC,5/27/2026 2:50:00 PM,CLUZ,6978.9397,
5/27/2026 2:45:00 PM,DIPC,5/27/2026 2:50:00 PM,System,7098.0929,
5/27/2026 2:45:00 PM,DIPC,5/27/2026 2:50:00 PM,CLUZ_CVIS,7037.6622,
5/27/2026 1:05:00 PM,DIPC,5/27/2026 1:10:00 PM,CLUZ_CVIS,4990.8174,
5/27/2026 1:00:00 PM,DIPC,5/27/2026 1:05:00 PM,CMIN,5111.2721,
5/27/2026 1:00:00 PM,DIPC,5/27/2026 1:05:00 PM,CVIS,5039.5430,
5/27/2026 1:00:00 PM,DIPC,5/27/2026 1:05:00 PM,CLUZ,2352.8229,
5/27/2026 1:00:00 PM,DIPC,5/27/2026 1:05:00 PM,System,3075.4028,
5/27/2026 1:00:00 PM,DIPC,5/27/2026 1:05:00 PM,CLUZ_CVIS,2722.5933,
5/27/2026 2:40:00 PM,DIPC,5/27/2026 2:45:00 PM,CMIN,7423,
5/27/2026 2:40:00 PM,DIPC,5/27/2026 2:45:00 PM,CVIS,7423,
5/27/2026 2:40:00 PM,DIPC,5/27/2026 2:45:00 PM,CLUZ,6970.4631,
5/27/2026 2:40:00 PM,DIPC,5/27/2026 2:45:00 PM,System,7091.9105,
5/27/2026 2:40:00 PM,DIPC,5/27/2026 2:45:00 PM,CLUZ_CVIS,7030.3362,
5/27/2026 2:50:00 PM,DIPC,5/27/2026 2:55:00 PM,CMIN,7423,
5/27/2026 2:50:00 PM,DIPC,5/27/2026 2:55:00 PM,CVIS,7423,
5/27/2026 2:50:00 PM,DIPC,5/27/2026 2:55:00 PM,CLUZ,6987.5662,
5/27/2026 2:50:00 PM,DIPC,5/27/2026 2:55:00 PM,System,7104.4910,
5/27/2026 2:50:00 PM,DIPC,5/27/2026 2:55:00 PM,CLUZ_CVIS,7045.2287,
5/27/2026 4:30:00 PM,DIPC,5/27/2026 4:35:00 PM,CMIN,3350.6804,
5/27/2026 4:30:00 PM,DIPC,5/27/2026 4:35:00 PM,CVIS,30563.4255,
5/27/2026 4:30:00 PM,DIPC,5/27/2026 4:35:00 PM,CLUZ,10478.7274,
5/27/2026 4:30:00 PM,DIPC,5/27/2026 4:35:00 PM,System,11472.8455,
5/27/2026 4:30:00 PM,DIPC,5/27/2026 4:35:00 PM,CLUZ_CVIS,12955.1105,
5/27/2026 11:25:00 AM,DIPC,5/27/2026 11:30:00 AM,CMIN,4569.9394,
5/27/2026 11:25:00 AM,DIPC,5/27/2026 11:30:00 AM,CVIS,4541.0649,
5/27/2026 11:25:00 AM,DIPC,5/27/2026 11:30:00 AM,CLUZ,2825.5087,
5/27/2026 11:25:00 AM,DIPC,5/27/2026 11:30:00 AM,System,3287.2763,
5/27/2026 11:25:00 AM,DIPC,5/27/2026 11:30:00 AM,CLUZ_CVIS,3063.0935,
5/27/2026 11:20:00 AM,DIPC,5/27/2026 11:25:00 AM,CMIN,5093.2365,
5/27/2026 11:20:00 AM,DIPC,5/27/2026 11:25:00 AM,CVIS,5048.4576,
5/27/2026 11:20:00 AM,DIPC,5/27/2026 11:25:00 AM,CLUZ,2759.1355,
5/27/2026 11:20:00 AM,DIPC,5/27/2026 11:25:00 AM,System,3377.7213,
5/27/2026 11:20:00 AM,DIPC,5/27/2026 11:25:00 AM,CLUZ_CVIS,3077.0522,
5/27/2026 11:15:00 AM,DIPC,5/27/2026 11:20:00 AM,CMIN,5089.3627,
5/27/2026 11:15:00 AM,DIPC,5/27/2026 11:20:00 AM,CVIS,5050.2626,
5/27/2026 11:15:00 AM,DIPC,5/27/2026 11:20:00 AM,CLUZ,2341.4282,
5/27/2026 11:15:00 AM,DIPC,5/27/2026 11:20:00 AM,System,3071.9477,
5/27/2026 11:15:00 AM,DIPC,5/27/2026 11:20:00 AM,CLUZ_CVIS,2718.2222,
5/27/2026 7:25:00 AM,DIPC,5/27/2026 7:30:00 AM,CMIN,104.2478,
5/27/2026 7:25:00 AM,DIPC,5/27/2026 7:30:00 AM,CVIS,103.4507,
5/27/2026 7:25:00 AM,DIPC,5/27/2026 7:30:00 AM,CLUZ,101.3577,
5/27/2026 7:25:00 AM,DIPC,5/27/2026 7:30:00 AM,System,102.0113,
5/27/2026 7:25:00 AM,DIPC,5/27/2026 7:30:00 AM,CLUZ_CVIS,101.6333,
5/27/2026 7:20:00 AM,DIPC,5/27/2026 7:25:00 AM,CMIN,103.9702,
5/27/2026 7:20:00 AM,DIPC,5/27/2026 7:25:00 AM,CVIS,103.3347,
5/27/2026 7:20:00 AM,DIPC,5/27/2026 7:25:00 AM,CLUZ,101.1968,
5/27/2026 7:20:00 AM,DIPC,5/27/2026 7:25:00 AM,System,101.8424,
5/27/2026 7:20:00 AM,DIPC,5/27/2026 7:25:00 AM,CLUZ_CVIS,101.4793,
5/27/2026 7:15:00 AM,DIPC,5/27/2026 7:20:00 AM,CMIN,0,
5/27/2026 7:15:00 AM,DIPC,5/27/2026 7:20:00 AM,CVIS,0,
5/27/2026 7:15:00 AM,DIPC,5/27/2026 7:20:00 AM,CLUZ,0,
5/27/2026 7:15:00 AM,DIPC,5/27/2026 7:20:00 AM,System,0,
5/27/2026 7:15:00 AM,DIPC,5/27/2026 7:20:00 AM,CLUZ_CVIS,0,
5/27/2026 7:10:00 AM,DIPC,5/27/2026 7:15:00 AM,CMIN,0,
5/27/2026 7:10:00 AM,DIPC,5/27/2026 7:15:00 AM,CVIS,0,
5/27/2026 7:10:00 AM,DIPC,5/27/2026 7:15:00 AM,CLUZ,0,
5/27/2026 7:10:00 AM,DIPC,5/27/2026 7:15:00 AM,System,0,
5/27/2026 7:10:00 AM,DIPC,5/27/2026 7:15:00 AM,CLUZ_CVIS,0,
5/27/2026 7:05:00 AM,DIPC,5/27/2026 7:10:00 AM,CMIN,2755.1329,
5/27/2026 7:05:00 AM,DIPC,5/27/2026 7:10:00 AM,CVIS,2758.1453,
5/27/2026 7:05:00 AM,DIPC,5/27/2026 7:10:00 AM,CLUZ,2695.7996,
5/27/2026 7:05:00 AM,DIPC,5/27/2026 7:10:00 AM,System,2711.4726,
5/27/2026 7:05:00 AM,DIPC,5/27/2026 7:10:00 AM,CLUZ_CVIS,2704.0193,
5/27/2026 7:00:00 AM,DIPC,5/27/2026 7:05:00 AM,CMIN,0,
5/27/2026 7:00:00 AM,DIPC,5/27/2026 7:05:00 AM,CVIS,0,
5/27/2026 7:00:00 AM,DIPC,5/27/2026 7:05:00 AM,CLUZ,0,
5/27/2026 7:00:00 AM,DIPC,5/27/2026 7:05:00 AM,System,0,
5/27/2026 7:00:00 AM,DIPC,5/27/2026 7:05:00 AM,CLUZ_CVIS,0,
5/27/2026 7:55:00 AM,DIPC,5/27/2026 8:00:00 AM,CMIN,105.9788,
5/27/2026 7:55:00 AM,DIPC,5/27/2026 8:00:00 AM,CVIS,103.4370,
5/27/2026 7:55:00 AM,DIPC,5/27/2026 8:00:00 AM,CLUZ,101.8408,
5/27/2026 7:55:00 AM,DIPC,5/27/2026 8:00:00 AM,System,102.6183,
5/27/2026 7:55:00 AM,DIPC,5/27/2026 8:00:00 AM,CLUZ_CVIS,102.0520,
5/27/2026 7:50:00 AM,DIPC,5/27/2026 7:55:00 AM,CMIN,2449.2770,
5/27/2026 7:50:00 AM,DIPC,5/27/2026 7:55:00 AM,CVIS,2397.5065,
5/27/2026 7:50:00 AM,DIPC,5/27/2026 7:55:00 AM,CLUZ,2358.2604,
5/27/2026 7:50:00 AM,DIPC,5/27/2026 7:55:00 AM,System,2375.7622,
5/27/2026 7:50:00 AM,DIPC,5/27/2026 7:55:00 AM,CLUZ_CVIS,2363.4637,
5/27/2026 7:45:00 AM,DIPC,5/27/2026 7:50:00 AM,CMIN,0,
5/27/2026 7:45:00 AM,DIPC,5/27/2026 7:50:00 AM,CVIS,0,
5/27/2026 7:45:00 AM,DIPC,5/27/2026 7:50:00 AM,CLUZ,0,
5/27/2026 7:45:00 AM,DIPC,5/27/2026 7:50:00 AM,System,0,
5/27/2026 7:45:00 AM,DIPC,5/27/2026 7:50:00 AM,CLUZ_CVIS,0,
5/27/2026 7:40:00 AM,DIPC,5/27/2026 7:45:00 AM,CMIN,104.9850,
5/27/2026 7:40:00 AM,DIPC,5/27/2026 7:45:00 AM,CVIS,103.4321,
5/27/2026 7:40:00 AM,DIPC,5/27/2026 7:45:00 AM,CLUZ,101.6313,
5/27/2026 7:40:00 AM,DIPC,5/27/2026 7:45:00 AM,System,102.3243,
5/27/2026 7:40:00 AM,DIPC,5/27/2026 7:45:00 AM,CLUZ_CVIS,101.87,
5/27/2026 7:35:00 AM,DIPC,5/27/2026 7:40:00 AM,CMIN,0,
5/27/2026 7:35:00 AM,DIPC,5/27/2026 7:40:00 AM,CVIS,0,
5/27/2026 7:35:00 AM,DIPC,5/27/2026 7:40:00 AM,CLUZ,0,
5/27/2026 7:35:00 AM,DIPC,5/27/2026 7:40:00 AM,System,0,
5/27/2026 7:35:00 AM,DIPC,5/27/2026 7:40:00 AM,CLUZ_CVIS,0,
5/27/2026 7:30:00 AM,DIPC,5/27/2026 7:35:00 AM,CMIN,-1.0294,
5/27/2026 7:30:00 AM,DIPC,5/27/2026 7:35:00 AM,CVIS,-1.0160,
5/27/2026 7:30:00 AM,DIPC,5/27/2026 7:35:00 AM,CLUZ,-0.9960,
5/27/2026 7:30:00 AM,DIPC,5/27/2026 7:35:00 AM,System,-1.0033,
5/27/2026 7:30:00 AM,DIPC,5/27/2026 7:35:00 AM,CLUZ_CVIS,-0.9986,
5/27/2026 8:25:00 AM,DIPC,5/27/2026 8:30:00 AM,CMIN,3999.1802,
5/27/2026 8:25:00 AM,DIPC,5/27/2026 8:30:00 AM,CVIS,3925.7030,
5/27/2026 8:25:00 AM,DIPC,5/27/2026 8:30:00 AM,CLUZ,-9472.9255,
5/27/2026 8:25:00 AM,DIPC,5/27/2026 8:30:00 AM,System,-5947.4396,
5/27/2026 8:25:00 AM,DIPC,5/27/2026 8:30:00 AM,CLUZ_CVIS,-7688.9067,
5/27/2026 8:20:00 AM,DIPC,5/27/2026 8:25:00 AM,CMIN,2910.0180,
5/27/2026 8:20:00 AM,DIPC,5/27/2026 8:25:00 AM,CVIS,2828.9058,
5/27/2026 8:20:00 AM,DIPC,5/27/2026 8:25:00 AM,CLUZ,2773.1199,
5/27/2026 8:20:00 AM,DIPC,5/27/2026 8:25:00 AM,System,2799.3884,
5/27/2026 8:20:00 AM,DIPC,5/27/2026 8:25:00 AM,CLUZ_CVIS,2780.5016,
5/27/2026 8:15:00 AM,DIPC,5/27/2026 8:20:00 AM,CMIN,2751.8293,
5/27/2026 8:15:00 AM,DIPC,5/27/2026 8:20:00 AM,CVIS,2676.5613,
5/27/2026 8:15:00 AM,DIPC,5/27/2026 8:20:00 AM,CLUZ,2623.0853,
5/27/2026 8:15:00 AM,DIPC,5/27/2026 8:20:00 AM,System,2648.0093,
5/27/2026 8:15:00 AM,DIPC,5/27/2026 8:20:00 AM,CLUZ_CVIS,2630.2211,
5/27/2026 8:10:00 AM,DIPC,5/27/2026 8:15:00 AM,CMIN,2936.9264,
5/27/2026 8:10:00 AM,DIPC,5/27/2026 8:15:00 AM,CVIS,2865.0316,
5/27/2026 8:10:00 AM,DIPC,5/27/2026 8:15:00 AM,CLUZ,2806.6808,
5/27/2026 8:10:00 AM,DIPC,5/27/2026 8:15:00 AM,System,2832.3497,
5/27/2026 8:10:00 AM,DIPC,5/27/2026 8:15:00 AM,CLUZ_CVIS,2814.4485,
5/27/2026 8:05:00 AM,DIPC,5/27/2026 8:10:00 AM,CMIN,2897.6168,
5/27/2026 8:05:00 AM,DIPC,5/27/2026 8:10:00 AM,CVIS,2829.1557,
5/27/2026 8:05:00 AM,DIPC,5/27/2026 8:10:00 AM,CLUZ,2774.5882,
5/27/2026 8:05:00 AM,DIPC,5/27/2026 8:10:00 AM,System,2798.8165,
5/27/2026 8:05:00 AM,DIPC,5/27/2026 8:10:00 AM,CLUZ_CVIS,2781.8708,
5/27/2026 8:00:00 AM,DIPC,5/27/2026 8:05:00 AM,CMIN,2926.6088,
5/27/2026 8:00:00 AM,DIPC,5/27/2026 8:05:00 AM,CVIS,2860.6551,
5/27/2026 8:00:00 AM,DIPC,5/27/2026 8:05:00 AM,CLUZ,2804.9417,
5/27/2026 8:00:00 AM,DIPC,5/27/2026 8:05:00 AM,System,2829.0787,
5/27/2026 8:00:00 AM,DIPC,5/27/2026 8:05:00 AM,CLUZ_CVIS,2812.3730,
5/27/2026 12:55:00 AM,DIPC,5/27/2026 1:00:00 AM,CMIN,3674.3881,
5/27/2026 12:55:00 AM,DIPC,5/27/2026 1:00:00 AM,CVIS,10631.1704,
5/27/2026 12:55:00 AM,DIPC,5/27/2026 1:00:00 AM,CLUZ,10486.4342,
5/27/2026 12:55:00 AM,DIPC,5/27/2026 1:00:00 AM,System,9495.3906,
5/27/2026 12:55:00 AM,DIPC,5/27/2026 1:00:00 AM,CLUZ_CVIS,10503.1745,
5/27/2026 1:00:00 AM,DIPC,5/27/2026 1:05:00 AM,CMIN,3669.8410,
5/27/2026 1:00:00 AM,DIPC,5/27/2026 1:05:00 AM,CVIS,11673.8141,
5/27/2026 1:00:00 AM,DIPC,5/27/2026 1:05:00 AM,CLUZ,11486.5942,
5/27/2026 1:00:00 AM,DIPC,5/27/2026 1:05:00 AM,System,10345.3440,
5/27/2026 1:00:00 AM,DIPC,5/27/2026 1:05:00 AM,CLUZ_CVIS,11508.5269,
5/27/2026 3:45:00 PM,DIPC,5/27/2026 3:50:00 PM,CMIN,4488.2502,
5/27/2026 3:45:00 PM,DIPC,5/27/2026 3:50:00 PM,CVIS,7274.1713,
5/27/2026 3:45:00 PM,DIPC,5/27/2026 3:50:00 PM,CLUZ,7162.3159,
5/27/2026 3:45:00 PM,DIPC,5/27/2026 3:50:00 PM,System,6760.5718,
5/27/2026 3:45:00 PM,DIPC,5/27/2026 3:50:00 PM,CLUZ_CVIS,7176.0906,
5/27/2026 5:10:00 PM,DIPC,5/27/2026 5:15:00 PM,CMIN,3476.1663,
5/27/2026 3:15:00 AM,DIPC,5/27/2026 3:20:00 AM,CMIN,3637.6189,
5/27/2026 3:15:00 AM,DIPC,5/27/2026 3:20:00 AM,CVIS,5986.6904,
5/27/2026 3:15:00 AM,DIPC,5/27/2026 3:20:00 AM,CLUZ,5780.3191,
5/27/2026 3:15:00 AM,DIPC,5/27/2026 3:20:00 AM,System,5475.2301,
5/27/2026 3:15:00 AM,DIPC,5/27/2026 3:20:00 AM,CLUZ_CVIS,5806.3589,
5/27/2026 3:50:00 AM,DIPC,5/27/2026 3:55:00 AM,CMIN,3634.1741,
5/27/2026 3:50:00 AM,DIPC,5/27/2026 3:55:00 AM,CVIS,5588.6065,
5/27/2026 3:50:00 AM,DIPC,5/27/2026 3:55:00 AM,CLUZ,5396.0853,
5/27/2026 3:50:00 AM,DIPC,5/27/2026 3:55:00 AM,System,5147.7112,
5/27/2026 3:50:00 AM,DIPC,5/27/2026 3:55:00 AM,CLUZ_CVIS,5420.5850,
5/27/2026 5:10:00 PM,DIPC,5/27/2026 5:15:00 PM,CVIS,17227.1904,
5/27/2026 5:10:00 PM,DIPC,5/27/2026 5:15:00 PM,CLUZ,8540.0414,
5/27/2026 5:10:00 PM,DIPC,5/27/2026 5:15:00 PM,System,8622.0918,
5/27/2026 5:10:00 PM,DIPC,5/27/2026 5:15:00 PM,CLUZ_CVIS,9591.5243,
5/27/2026 5:15:00 PM,DIPC,5/27/2026 5:20:00 PM,CMIN,3666.6767,
5/27/2026 5:15:00 PM,DIPC,5/27/2026 5:20:00 PM,CVIS,21281.2074,
5/27/2026 5:15:00 PM,DIPC,5/27/2026 5:20:00 PM,CLUZ,10500.6597,
5/27/2026 5:15:00 PM,DIPC,5/27/2026 5:20:00 PM,System,10518.0192,
5/27/2026 5:15:00 PM,DIPC,5/27/2026 5:20:00 PM,CLUZ_CVIS,11808.5250,
5/27/2026 5:20:00 PM,DIPC,5/27/2026 5:25:00 PM,CMIN,3518.5144,
5/27/2026 5:20:00 PM,DIPC,5/27/2026 5:25:00 PM,CVIS,17111.3514,
5/27/2026 5:20:00 PM,DIPC,5/27/2026 5:25:00 PM,CLUZ,10505.8975,
5/27/2026 5:20:00 PM,DIPC,5/27/2026 5:25:00 PM,System,10060.9366,
5/27/2026 5:20:00 PM,DIPC,5/27/2026 5:25:00 PM,CLUZ_CVIS,11301.2388,
5/27/2026 1:10:00 PM,DIPC,5/27/2026 1:15:00 PM,CMIN,7423,
5/27/2026 1:10:00 PM,DIPC,5/27/2026 1:15:00 PM,CVIS,7423,
5/27/2026 1:10:00 PM,DIPC,5/27/2026 1:15:00 PM,CLUZ,6468.6561,
5/27/2026 1:10:00 PM,DIPC,5/27/2026 1:15:00 PM,System,6722.3916,
5/27/2026 1:10:00 PM,DIPC,5/27/2026 1:15:00 PM,CLUZ_CVIS,6599.0084,
5/27/2026 12:45:00 AM,DIPC,5/27/2026 12:50:00 AM,CMIN,3668.6410,
5/27/2026 12:45:00 AM,DIPC,5/27/2026 12:50:00 AM,CVIS,10637.6968,
5/27/2026 12:45:00 AM,DIPC,5/27/2026 12:50:00 AM,CLUZ,10489.9361,
5/27/2026 12:45:00 AM,DIPC,5/27/2026 12:50:00 AM,System,9499.1696,
5/27/2026 12:45:00 AM,DIPC,5/27/2026 12:50:00 AM,CLUZ_CVIS,10506.9934,
5/27/2026 1:25:00 AM,DIPC,5/27/2026 1:30:00 AM,CMIN,3658.8920,
5/27/2026 1:25:00 AM,DIPC,5/27/2026 1:30:00 AM,CVIS,6314.6338,
5/27/2026 1:25:00 AM,DIPC,5/27/2026 1:30:00 AM,CLUZ,6219.8591,
5/27/2026 1:25:00 AM,DIPC,5/27/2026 1:30:00 AM,System,5850.8473,
5/27/2026 1:25:00 AM,DIPC,5/27/2026 1:30:00 AM,CLUZ_CVIS,6231.0248,
5/27/2026 5:05:00 AM,DIPC,5/27/2026 5:10:00 AM,CMIN,3637.4621,
5/27/2026 5:05:00 AM,DIPC,5/27/2026 5:10:00 AM,CVIS,6850.2748,
5/27/2026 5:05:00 AM,DIPC,5/27/2026 5:10:00 AM,CLUZ,6630.7409,
5/27/2026 5:05:00 AM,DIPC,5/27/2026 5:10:00 AM,System,6191.1560,
5/27/2026 5:05:00 AM,DIPC,5/27/2026 5:10:00 AM,CLUZ_CVIS,6658.6256,
5/27/2026 8:00:00 PM,DIPC,5/27/2026 8:05:00 PM,CMIN,3698.3762,
5/27/2026 8:00:00 PM,DIPC,5/27/2026 8:05:00 PM,CVIS,32845.0235,
5/27/2026 8:00:00 PM,DIPC,5/27/2026 8:05:00 PM,CLUZ,15210.7143,
5/27/2026 8:00:00 PM,DIPC,5/27/2026 8:05:00 PM,System,15241.0135,
5/27/2026 8:00:00 PM,DIPC,5/27/2026 8:05:00 PM,CLUZ_CVIS,17333.2196,
5/27/2026 1:55:00 AM,DIPC,5/27/2026 2:00:00 AM,CMIN,3651.5105,
5/27/2026 1:55:00 AM,DIPC,5/27/2026 2:00:00 AM,CVIS,6045.8625,
5/27/2026 1:55:00 AM,DIPC,5/27/2026 2:00:00 AM,CLUZ,5835.0013,
5/27/2026 1:55:00 AM,DIPC,5/27/2026 2:00:00 AM,System,5531.3488,
5/27/2026 1:55:00 AM,DIPC,5/27/2026 2:00:00 AM,CLUZ_CVIS,5860.3067,
5/27/2026 2:05:00 AM,DIPC,5/27/2026 2:10:00 AM,CMIN,3652.5172,
5/27/2026 2:05:00 AM,DIPC,5/27/2026 2:10:00 AM,CVIS,7408.5297,
5/27/2026 2:05:00 AM,DIPC,5/27/2026 2:10:00 AM,CLUZ,7111.4818,
5/27/2026 2:05:00 AM,DIPC,5/27/2026 2:10:00 AM,System,6624.5756,
5/27/2026 2:05:00 AM,DIPC,5/27/2026 2:10:00 AM,CLUZ_CVIS,7147.3644,
5/27/2026 2:25:00 AM,DIPC,5/27/2026 2:30:00 AM,CMIN,3647.1175,
5/27/2026 2:25:00 AM,DIPC,5/27/2026 2:30:00 AM,CVIS,7308.6956,
5/27/2026 2:25:00 AM,DIPC,5/27/2026 2:30:00 AM,CLUZ,7039.9539,
5/27/2026 2:25:00 AM,DIPC,5/27/2026 2:30:00 AM,System,6556.7028,
5/27/2026 2:25:00 AM,DIPC,5/27/2026 2:30:00 AM,CLUZ_CVIS,7072.9147,
5/27/2026 2:30:00 AM,DIPC,5/27/2026 2:35:00 AM,CMIN,3641.3660,
5/27/2026 2:30:00 AM,DIPC,5/27/2026 2:35:00 AM,CVIS,6043.3919,
5/27/2026 2:30:00 AM,DIPC,5/27/2026 2:35:00 AM,CLUZ,5844.8860,
5/27/2026 2:30:00 AM,DIPC,5/27/2026 2:35:00 AM,System,5534.5509,
5/27/2026 2:30:00 AM,DIPC,5/27/2026 2:35:00 AM,CLUZ_CVIS,5869.2940,
5/27/2026 4:40:00 AM,DIPC,5/27/2026 4:45:00 AM,CMIN,3636.4327,
5/27/2026 4:40:00 AM,DIPC,5/27/2026 4:45:00 AM,CVIS,6873.2274,
5/27/2026 4:40:00 AM,DIPC,5/27/2026 4:45:00 AM,CLUZ,6668.3626,
5/27/2026 4:40:00 AM,DIPC,5/27/2026 4:45:00 AM,System,6226.1318,
5/27/2026 4:40:00 AM,DIPC,5/27/2026 4:45:00 AM,CLUZ_CVIS,6694.4231,
5/27/2026 10:05:00 AM,DIPC,5/27/2026 10:10:00 AM,CMIN,3664.0636,
5/27/2026 10:05:00 AM,DIPC,5/27/2026 10:10:00 AM,CVIS,3631.3978,
5/27/2026 10:05:00 AM,DIPC,5/27/2026 10:10:00 AM,CLUZ,0,
5/27/2026 10:05:00 AM,DIPC,5/27/2026 10:10:00 AM,System,962.8002,
5/27/2026 10:05:00 AM,DIPC,5/27/2026 10:10:00 AM,CLUZ_CVIS,489.0911,
5/27/2026 3:05:00 PM,DIPC,5/27/2026 3:10:00 PM,CMIN,9278.4387,
5/27/2026 3:05:00 PM,DIPC,5/27/2026 3:10:00 PM,CVIS,9380.1282,
5/27/2026 3:05:00 PM,DIPC,5/27/2026 3:10:00 PM,CLUZ,9177.4714,
5/27/2026 3:05:00 PM,DIPC,5/27/2026 3:10:00 PM,System,9215.1665,
5/27/2026 3:05:00 PM,DIPC,5/27/2026 3:10:00 PM,CLUZ_CVIS,9203.4432,
5/27/2026 3:40:00 PM,DIPC,5/27/2026 3:45:00 PM,CMIN,4546.6985,
5/27/2026 3:40:00 PM,DIPC,5/27/2026 3:45:00 PM,CVIS,10659.7816,
5/27/2026 3:40:00 PM,DIPC,5/27/2026 3:45:00 PM,CLUZ,10473.0008,
5/27/2026 3:40:00 PM,DIPC,5/27/2026 3:45:00 PM,System,9577.0486,
5/27/2026 3:40:00 PM,DIPC,5/27/2026 3:45:00 PM,CLUZ_CVIS,10496.2555,
5/27/2026 8:05:00 PM,DIPC,5/27/2026 8:10:00 PM,CMIN,4463.2991,
5/27/2026 8:05:00 PM,DIPC,5/27/2026 8:10:00 PM,CVIS,32871.3533,
5/27/2026 8:05:00 PM,DIPC,5/27/2026 8:10:00 PM,CLUZ,14887.0137,
5/27/2026 8:05:00 PM,DIPC,5/27/2026 8:10:00 PM,System,15116.4792,
5/27/2026 8:05:00 PM,DIPC,5/27/2026 8:10:00 PM,CLUZ_CVIS,17047.7222,
5/27/2026 8:10:00 PM,DIPC,5/27/2026 8:15:00 PM,CMIN,4458.7556,
5/27/2026 8:10:00 PM,DIPC,5/27/2026 8:15:00 PM,CVIS,32491.5416,
5/27/2026 8:10:00 PM,DIPC,5/27/2026 8:15:00 PM,CLUZ,13710.0258,
5/27/2026 8:10:00 PM,DIPC,5/27/2026 8:15:00 PM,System,14196.0026,
5/27/2026 8:10:00 PM,DIPC,5/27/2026 8:15:00 PM,CLUZ_CVIS,15959.2970,
5/27/2026 3:35:00 PM,DIPC,5/27/2026 3:40:00 PM,CMIN,3688.6102,
5/27/2026 3:35:00 PM,DIPC,5/27/2026 3:40:00 PM,CVIS,10671.8256,
5/27/2026 3:35:00 PM,DIPC,5/27/2026 3:40:00 PM,CLUZ,10474.1837,
5/27/2026 3:35:00 PM,DIPC,5/27/2026 3:40:00 PM,System,9441.8467,
5/27/2026 3:35:00 PM,DIPC,5/27/2026 3:40:00 PM,CLUZ_CVIS,10498.7781,
5/27/2026 6:45:00 AM,DIPC,5/27/2026 6:50:00 AM,CLUZ,2925.1089,
5/27/2026 6:45:00 AM,DIPC,5/27/2026 6:50:00 AM,System,2941.5873,
5/27/2026 6:45:00 AM,DIPC,5/27/2026 6:50:00 AM,CLUZ_CVIS,2933.9766,
5/27/2026 6:40:00 AM,DIPC,5/27/2026 6:45:00 AM,CMIN,3299.1574,
5/27/2026 6:40:00 AM,DIPC,5/27/2026 6:45:00 AM,CVIS,3312.2768,
5/27/2026 6:35:00 AM,DIPC,5/27/2026 6:40:00 AM,CMIN,2860.9512,
5/27/2026 6:35:00 AM,DIPC,5/27/2026 6:40:00 AM,CVIS,2867.2080,
5/27/2026 6:35:00 AM,DIPC,5/27/2026 6:40:00 AM,CLUZ,2816.2524,
5/27/2026 6:35:00 AM,DIPC,5/27/2026 6:40:00 AM,System,2828.5937,
5/27/2026 6:35:00 AM,DIPC,5/27/2026 6:40:00 AM,CLUZ_CVIS,2822.8360,
5/27/2026 6:40:00 AM,DIPC,5/27/2026 6:45:00 AM,CLUZ,3238.3349,
5/27/2026 6:40:00 AM,DIPC,5/27/2026 6:45:00 AM,System,3255.5954,
5/27/2026 6:40:00 AM,DIPC,5/27/2026 6:45:00 AM,CLUZ_CVIS,3247.7749,
5/27/2026 6:30:00 AM,DIPC,5/27/2026 6:35:00 AM,CMIN,2833.4654,
5/27/2026 6:30:00 AM,DIPC,5/27/2026 6:35:00 AM,CVIS,2850.4592,
5/27/2026 6:30:00 AM,DIPC,5/27/2026 6:35:00 AM,CLUZ,2797.0761,
5/27/2026 6:30:00 AM,DIPC,5/27/2026 6:35:00 AM,System,2808.3775,
5/27/2026 6:30:00 AM,DIPC,5/27/2026 6:35:00 AM,CLUZ_CVIS,2803.9489,
5/27/2026 3:55:00 AM,DIPC,5/27/2026 4:00:00 AM,CMIN,3635.5192,
5/27/2026 3:55:00 AM,DIPC,5/27/2026 4:00:00 AM,CVIS,4345.8485,
5/27/2026 3:55:00 AM,DIPC,5/27/2026 4:00:00 AM,CLUZ,4199.2553,
5/27/2026 3:55:00 AM,DIPC,5/27/2026 4:00:00 AM,System,4128.4904,
5/27/2026 3:55:00 AM,DIPC,5/27/2026 4:00:00 AM,CLUZ_CVIS,4217.9126,
5/27/2026 5:10:00 AM,DIPC,5/27/2026 5:15:00 AM,CMIN,4493.0881,
5/27/2026 5:10:00 AM,DIPC,5/27/2026 5:15:00 AM,CVIS,6842.7369,
5/27/2026 5:10:00 AM,DIPC,5/27/2026 5:15:00 AM,CLUZ,6616.1632,
5/27/2026 5:10:00 AM,DIPC,5/27/2026 5:15:00 AM,System,6308.2816,
5/27/2026 5:10:00 AM,DIPC,5/27/2026 5:15:00 AM,CLUZ_CVIS,6644.9843,
5/27/2026 6:55:00 AM,DIPC,5/27/2026 7:00:00 AM,CMIN,2837.6294,
5/27/2026 6:55:00 AM,DIPC,5/27/2026 7:00:00 AM,CVIS,2844.2655,
5/27/2026 6:55:00 AM,DIPC,5/27/2026 7:00:00 AM,CLUZ,2782.2753,
5/27/2026 6:55:00 AM,DIPC,5/27/2026 7:00:00 AM,System,2797.3011,
5/27/2026 6:55:00 AM,DIPC,5/27/2026 7:00:00 AM,CLUZ_CVIS,2790.3631,
5/27/2026 6:50:00 AM,DIPC,5/27/2026 6:55:00 AM,CMIN,2849.0020,
5/27/2026 6:50:00 AM,DIPC,5/27/2026 6:55:00 AM,CVIS,2865.0984,
5/27/2026 6:50:00 AM,DIPC,5/27/2026 6:55:00 AM,CLUZ,2797.7658,
5/27/2026 6:50:00 AM,DIPC,5/27/2026 6:55:00 AM,System,2812.7819,
5/27/2026 6:50:00 AM,DIPC,5/27/2026 6:55:00 AM,CLUZ_CVIS,2806.5210,
5/27/2026 6:45:00 AM,DIPC,5/27/2026 6:50:00 AM,CMIN,2984.0863,
5/27/2026 6:45:00 AM,DIPC,5/27/2026 6:50:00 AM,CVIS,2993.8079,
5/27/2026 11:20:00 PM,DIPC,5/27/2026 11:25:00 PM,CMIN,11500,
5/27/2026 11:20:00 PM,DIPC,5/27/2026 11:25:00 PM,CVIS,11500,
5/27/2026 11:20:00 PM,DIPC,5/27/2026 11:25:00 PM,CLUZ,11500,
5/27/2026 11:20:00 PM,DIPC,5/27/2026 11:25:00 PM,System,11500,
5/27/2026 11:20:00 PM,DIPC,5/27/2026 11:25:00 PM,CLUZ_CVIS,11500,
5/27/2026 11:15:00 PM,DIPC,5/27/2026 11:20:00 PM,CMIN,19000,
5/27/2026 11:15:00 PM,DIPC,5/27/2026 11:20:00 PM,CVIS,19000,
5/27/2026 11:15:00 PM,DIPC,5/27/2026 11:20:00 PM,CLUZ,19000,
5/27/2026 11:15:00 PM,DIPC,5/27/2026 11:20:00 PM,System,19000,
5/27/2026 11:15:00 PM,DIPC,5/27/2026 11:20:00 PM,CLUZ_CVIS,19000,
5/27/2026 11:10:00 PM,DIPC,5/27/2026 11:15:00 PM,CMIN,11611,
5/27/2026 11:10:00 PM,DIPC,5/27/2026 11:15:00 PM,CVIS,11611,
5/27/2026 11:10:00 PM,DIPC,5/27/2026 11:15:00 PM,CLUZ,11611,
5/27/2026 11:10:00 PM,DIPC,5/27/2026 11:15:00 PM,System,11611,
5/27/2026 11:10:00 PM,DIPC,5/27/2026 11:15:00 PM,CLUZ_CVIS,11611,
5/27/2026 11:05:00 PM,DIPC,5/27/2026 11:10:00 PM,CMIN,11611,
5/27/2026 11:05:00 PM,DIPC,5/27/2026 11:10:00 PM,CVIS,11611,
5/27/2026 11:05:00 PM,DIPC,5/27/2026 11:10:00 PM,CLUZ,11611,
5/27/2026 11:05:00 PM,DIPC,5/27/2026 11:10:00 PM,System,11611,
5/27/2026 11:05:00 PM,DIPC,5/27/2026 11:10:00 PM,CLUZ_CVIS,11611,
5/27/2026 11:00:00 PM,DIPC,5/27/2026 11:05:00 PM,CMIN,11500,
5/27/2026 11:00:00 PM,DIPC,5/27/2026 11:05:00 PM,CVIS,11500,
5/27/2026 11:00:00 PM,DIPC,5/27/2026 11:05:00 PM,CLUZ,11500,
5/27/2026 11:00:00 PM,DIPC,5/27/2026 11:05:00 PM,System,11500,
5/27/2026 11:00:00 PM,DIPC,5/27/2026 11:05:00 PM,CLUZ_CVIS,11500,
5/27/2026 10:55:00 PM,DIPC,5/27/2026 11:00:00 PM,CMIN,11500,
5/27/2026 10:55:00 PM,DIPC,5/27/2026 11:00:00 PM,CVIS,11500,
5/27/2026 10:55:00 PM,DIPC,5/27/2026 11:00:00 PM,CLUZ,11500,
5/27/2026 10:55:00 PM,DIPC,5/27/2026 11:00:00 PM,System,11500,
5/27/2026 10:55:00 PM,DIPC,5/27/2026 11:00:00 PM,CLUZ_CVIS,11500,
5/27/2026 10:50:00 PM,DIPC,5/27/2026 10:55:00 PM,CMIN,19000,
5/27/2026 10:50:00 PM,DIPC,5/27/2026 10:55:00 PM,CVIS,19000,
5/27/2026 10:50:00 PM,DIPC,5/27/2026 10:55:00 PM,CLUZ,19000,
5/27/2026 10:50:00 PM,DIPC,5/27/2026 10:55:00 PM,System,19000,
5/27/2026 10:50:00 PM,DIPC,5/27/2026 10:55:00 PM,CLUZ_CVIS,19000,
5/27/2026 9:55:00 AM,DIPC,5/27/2026 10:00:00 AM,CMIN,3666.7436,
5/27/2026 9:55:00 AM,DIPC,5/27/2026 10:00:00 AM,CVIS,3637.2128,
5/27/2026 9:55:00 AM,DIPC,5/27/2026 10:00:00 AM,CLUZ,-9417.2499,
5/27/2026 9:55:00 AM,DIPC,5/27/2026 10:00:00 AM,System,-5990.1188,
5/27/2026 9:55:00 AM,DIPC,5/27/2026 10:00:00 AM,CLUZ_CVIS,-7680.2948,
5/27/2026 1:20:00 AM,DIPC,5/27/2026 1:25:00 AM,CMIN,3659.7914,
5/27/2026 1:20:00 AM,DIPC,5/27/2026 1:25:00 AM,CVIS,10636.5841,
5/27/2026 1:20:00 AM,DIPC,5/27/2026 1:25:00 AM,CLUZ,10478.4337,
5/27/2026 1:20:00 AM,DIPC,5/27/2026 1:25:00 AM,System,9487.5782,
5/27/2026 1:20:00 AM,DIPC,5/27/2026 1:25:00 AM,CLUZ_CVIS,10497.1246,
5/27/2026 8:25:00 PM,DIPC,5/27/2026 8:30:00 PM,CMIN,4963.4748,
5/27/2026 8:25:00 PM,DIPC,5/27/2026 8:30:00 PM,CVIS,32867.7821,
5/27/2026 8:25:00 PM,DIPC,5/27/2026 8:30:00 PM,CLUZ,13814.5803,
5/27/2026 8:25:00 PM,DIPC,5/27/2026 8:30:00 PM,System,14381.6170,
5/27/2026 8:25:00 PM,DIPC,5/27/2026 8:30:00 PM,CLUZ_CVIS,16101.0343,
5/27/2026 4:15:00 AM,DIPC,5/27/2026 4:20:00 AM,CMIN,3646.1638,
5/27/2026 4:15:00 AM,DIPC,5/27/2026 4:20:00 AM,CVIS,6874.3418,
5/27/2026 4:15:00 AM,DIPC,5/27/2026 4:20:00 AM,CLUZ,6697.9899,
5/27/2026 4:15:00 AM,DIPC,5/27/2026 4:20:00 AM,System,6250.4644,
5/27/2026 4:15:00 AM,DIPC,5/27/2026 4:20:00 AM,CLUZ_CVIS,6720.3815,
5/27/2026 4:20:00 AM,DIPC,5/27/2026 4:25:00 AM,CMIN,3631.3218,
5/27/2026 4:20:00 AM,DIPC,5/27/2026 4:25:00 AM,CVIS,6870.7434,
5/27/2026 4:20:00 AM,DIPC,5/27/2026 4:25:00 AM,CLUZ,6690.1348,
5/27/2026 4:20:00 AM,DIPC,5/27/2026 4:25:00 AM,System,6242.9988,
5/27/2026 4:20:00 AM,DIPC,5/27/2026 4:25:00 AM,CLUZ_CVIS,6713.1190,
5/27/2026 4:25:00 AM,DIPC,5/27/2026 4:30:00 AM,CMIN,3636.1090,
5/27/2026 4:25:00 AM,DIPC,5/27/2026 4:30:00 AM,CVIS,6867.9010,
5/27/2026 4:25:00 AM,DIPC,5/27/2026 4:30:00 AM,CLUZ,6684.0314,
5/27/2026 4:25:00 AM,DIPC,5/27/2026 4:30:00 AM,System,6237.0070,
5/27/2026 4:25:00 AM,DIPC,5/27/2026 4:30:00 AM,CLUZ_CVIS,6707.4680,
5/27/2026 5:00:00 AM,DIPC,5/27/2026 5:05:00 AM,CMIN,3643.0562,
5/27/2026 5:00:00 AM,DIPC,5/27/2026 5:05:00 AM,CVIS,6860.0389,
5/27/2026 5:00:00 AM,DIPC,5/27/2026 5:05:00 AM,CLUZ,6643.8675,
5/27/2026 5:00:00 AM,DIPC,5/27/2026 5:05:00 AM,System,6203.0256,
5/27/2026 5:00:00 AM,DIPC,5/27/2026 5:05:00 AM,CLUZ_CVIS,6671.3180,
5/27/2026 4:00:00 PM,DIPC,5/27/2026 4:05:00 PM,CMIN,3827.6646,
5/27/2026 4:00:00 PM,DIPC,5/27/2026 4:05:00 PM,CVIS,31332.3649,
5/27/2026 4:00:00 PM,DIPC,5/27/2026 4:05:00 PM,CLUZ,7123.8374,
5/27/2026 4:00:00 PM,DIPC,5/27/2026 4:05:00 PM,System,9146.3490,
5/27/2026 4:00:00 PM,DIPC,5/27/2026 4:05:00 PM,CLUZ_CVIS,10123.3494,
5/27/2026 8:55:00 AM,DIPC,5/27/2026 9:00:00 AM,CMIN,3635.0494,
5/27/2026 8:55:00 AM,DIPC,5/27/2026 9:00:00 AM,CVIS,3585.9420,
5/27/2026 8:55:00 AM,DIPC,5/27/2026 9:00:00 AM,CLUZ,-9457.5408,
5/27/2026 8:55:00 AM,DIPC,5/27/2026 9:00:00 AM,System,-6008.4215,
5/27/2026 8:55:00 AM,DIPC,5/27/2026 9:00:00 AM,CLUZ_CVIS,-7698.6896,
5/27/2026 8:50:00 AM,DIPC,5/27/2026 8:55:00 AM,CMIN,3578.5926,
5/27/2026 8:50:00 AM,DIPC,5/27/2026 8:55:00 AM,CVIS,3532.9206,
5/27/2026 8:50:00 AM,DIPC,5/27/2026 8:55:00 AM,CLUZ,-9460.7102,
5/27/2026 8:50:00 AM,DIPC,5/27/2026 8:55:00 AM,System,-6019.3783,
5/27/2026 8:50:00 AM,DIPC,5/27/2026 8:55:00 AM,CLUZ_CVIS,-7710.4083,
5/27/2026 8:45:00 AM,DIPC,5/27/2026 8:50:00 AM,CMIN,3641.2191,
5/27/2026 8:45:00 AM,DIPC,5/27/2026 8:50:00 AM,CVIS,3589.5356,
5/27/2026 8:45:00 AM,DIPC,5/27/2026 8:50:00 AM,CLUZ,-9467.1013,
5/27/2026 8:45:00 AM,DIPC,5/27/2026 8:50:00 AM,System,-6004.2611,
5/27/2026 8:45:00 AM,DIPC,5/27/2026 8:50:00 AM,CLUZ_CVIS,-7714.2892,
5/27/2026 8:40:00 AM,DIPC,5/27/2026 8:45:00 AM,CMIN,3987.3549,
5/27/2026 8:40:00 AM,DIPC,5/27/2026 8:45:00 AM,CVIS,3927.8503,
5/27/2026 8:40:00 AM,DIPC,5/27/2026 8:45:00 AM,CLUZ,-9470.9042,
5/27/2026 8:40:00 AM,DIPC,5/27/2026 8:45:00 AM,System,-5917.9813,
5/27/2026 8:40:00 AM,DIPC,5/27/2026 8:45:00 AM,CLUZ_CVIS,-7670.2526,
5/27/2026 8:35:00 AM,DIPC,5/27/2026 8:40:00 AM,CMIN,4001.2913,
5/27/2026 8:35:00 AM,DIPC,5/27/2026 8:40:00 AM,CVIS,3926.4739,
5/27/2026 8:35:00 AM,DIPC,5/27/2026 8:40:00 AM,CLUZ,-9467.2235,
5/27/2026 8:35:00 AM,DIPC,5/27/2026 8:40:00 AM,System,-5915.9188,
5/27/2026 8:35:00 AM,DIPC,5/27/2026 8:40:00 AM,CLUZ_CVIS,-7655.5221,
5/27/2026 8:30:00 AM,DIPC,5/27/2026 8:35:00 AM,CMIN,3629.4076,
5/27/2026 8:30:00 AM,DIPC,5/27/2026 8:35:00 AM,CVIS,3565.4376,
5/27/2026 8:30:00 AM,DIPC,5/27/2026 8:35:00 AM,CLUZ,-9551.5163,
5/27/2026 8:30:00 AM,DIPC,5/27/2026 8:35:00 AM,System,-6082.4880,
5/27/2026 8:30:00 AM,DIPC,5/27/2026 8:35:00 AM,CLUZ_CVIS,-7795.4617,
5/27/2026 1:45:00 PM,DIPC,5/27/2026 1:50:00 PM,CMIN,7423,
5/27/2026 1:45:00 PM,DIPC,5/27/2026 1:50:00 PM,CVIS,7423,
5/27/2026 1:45:00 PM,DIPC,5/27/2026 1:50:00 PM,CLUZ,6979.0741,
5/27/2026 1:45:00 PM,DIPC,5/27/2026 1:50:00 PM,System,7097.7940,
5/27/2026 1:45:00 PM,DIPC,5/27/2026 1:50:00 PM,CLUZ_CVIS,7038.6967,
5/27/2026 1:40:00 PM,DIPC,5/27/2026 1:45:00 PM,CMIN,7423,
5/27/2026 1:40:00 PM,DIPC,5/27/2026 1:45:00 PM,CVIS,7423,
5/27/2026 1:40:00 PM,DIPC,5/27/2026 1:45:00 PM,CLUZ,6538.4140,
5/27/2026 1:40:00 PM,DIPC,5/27/2026 1:45:00 PM,System,6775.2078,
5/27/2026 1:40:00 PM,DIPC,5/27/2026 1:45:00 PM,CLUZ_CVIS,6658.0455,
5/27/2026 1:35:00 PM,DIPC,5/27/2026 1:40:00 PM,CMIN,7423,
5/27/2026 1:35:00 PM,DIPC,5/27/2026 1:40:00 PM,CVIS,7423,
5/27/2026 1:35:00 PM,DIPC,5/27/2026 1:40:00 PM,CLUZ,6526.6438,
5/27/2026 1:35:00 PM,DIPC,5/27/2026 1:40:00 PM,System,6766.4489,
5/27/2026 1:35:00 PM,DIPC,5/27/2026 1:40:00 PM,CLUZ_CVIS,6648.0636,
5/27/2026 1:30:00 PM,DIPC,5/27/2026 1:35:00 PM,CMIN,7423,
5/27/2026 1:30:00 PM,DIPC,5/27/2026 1:35:00 PM,CVIS,7423,
5/27/2026 1:30:00 PM,DIPC,5/27/2026 1:35:00 PM,CLUZ,3522.6901,
5/27/2026 1:30:00 PM,DIPC,5/27/2026 1:35:00 PM,System,4566.2180,
5/27/2026 1:30:00 PM,DIPC,5/27/2026 1:35:00 PM,CLUZ_CVIS,4055.1881,
5/27/2026 1:25:00 PM,DIPC,5/27/2026 1:30:00 PM,CMIN,7423,
5/27/2026 1:25:00 PM,DIPC,5/27/2026 1:30:00 PM,CVIS,7423,
5/27/2026 1:25:00 PM,DIPC,5/27/2026 1:30:00 PM,CLUZ,6507.4276,
5/27/2026 1:25:00 PM,DIPC,5/27/2026 1:30:00 PM,System,6750.1295,
5/27/2026 1:25:00 PM,DIPC,5/27/2026 1:30:00 PM,CLUZ_CVIS,6632.0048,
EOF
