RUN_TIME,MKT_TYPE,TIME_INTERVAL,REGION_NAME,GWAP,
8/14/2026 10:05:00 AM,DIPC,8/14/2026 10:10:00 AM,CMIN,32117.9543,
8/14/2026 10:05:00 AM,DIPC,8/14/2026 10:10:00 AM,CVIS,31275.0670,
8/14/2026 10:05:00 AM,DIPC,8/14/2026 10:10:00 AM,CLUZ,5742.8862,
8/14/2026 10:05:00 AM,DIPC,8/14/2026 10:10:00 AM,System,13778.3110,
8/14/2026 10:05:00 AM,DIPC,8/14/2026 10:10:00 AM,CLUZ_CVIS,10164.0390,
8/14/2026 10:00:00 AM,DIPC,8/14/2026 10:05:00 AM,CMIN,31691.5844,
8/14/2026 10:00:00 AM,DIPC,8/14/2026 10:05:00 AM,CVIS,30783.2701,
8/14/2026 10:00:00 AM,DIPC,8/14/2026 10:05:00 AM,CLUZ,3107.8392,
8/14/2026 10:00:00 AM,DIPC,8/14/2026 10:05:00 AM,System,11788.6420,
8/14/2026 10:00:00 AM,DIPC,8/14/2026 10:05:00 AM,CLUZ_CVIS,7890.3314,
8/14/2026 9:55:00 AM,DIPC,8/14/2026 10:00:00 AM,CMIN,31725.1365,
8/14/2026 9:55:00 AM,DIPC,8/14/2026 10:00:00 AM,CVIS,30843.1593,
8/14/2026 9:55:00 AM,DIPC,8/14/2026 10:00:00 AM,CLUZ,4788.1006,
8/14/2026 9:55:00 AM,DIPC,8/14/2026 10:00:00 AM,System,12876.5148,
8/14/2026 9:55:00 AM,DIPC,8/14/2026 10:00:00 AM,CLUZ_CVIS,9221.0072,
8/14/2026 9:50:00 AM,DIPC,8/14/2026 9:55:00 AM,CMIN,31705.2323,
8/14/2026 9:50:00 AM,DIPC,8/14/2026 9:55:00 AM,CVIS,30814.1356,
8/14/2026 9:50:00 AM,DIPC,8/14/2026 9:55:00 AM,CLUZ,5750.3015,
8/14/2026 9:50:00 AM,DIPC,8/14/2026 9:55:00 AM,System,13528.5312,
8/14/2026 9:50:00 AM,DIPC,8/14/2026 9:55:00 AM,CLUZ_CVIS,10010.8217,
8/14/2026 9:45:00 AM,DIPC,8/14/2026 9:50:00 AM,CMIN,31654.7728,
8/14/2026 9:45:00 AM,DIPC,8/14/2026 9:50:00 AM,CVIS,30775.0767,
8/14/2026 9:45:00 AM,DIPC,8/14/2026 9:50:00 AM,CLUZ,4091.9196,
8/14/2026 9:45:00 AM,DIPC,8/14/2026 9:50:00 AM,System,12367.1560,
8/14/2026 9:45:00 AM,DIPC,8/14/2026 9:50:00 AM,CLUZ_CVIS,8640.6152,
8/14/2026 9:40:00 AM,DIPC,8/14/2026 9:45:00 AM,CMIN,31510.4420,
8/14/2026 9:40:00 AM,DIPC,8/14/2026 9:45:00 AM,CVIS,30592.0428,
8/14/2026 9:40:00 AM,DIPC,8/14/2026 9:45:00 AM,CLUZ,191.7309,
8/14/2026 9:40:00 AM,DIPC,8/14/2026 9:45:00 AM,System,9656.8057,
8/14/2026 9:40:00 AM,DIPC,8/14/2026 9:45:00 AM,CLUZ_CVIS,5416.9831,
8/14/2026 9:35:00 AM,DIPC,8/14/2026 9:40:00 AM,CMIN,31917.0745,
8/14/2026 9:35:00 AM,DIPC,8/14/2026 9:40:00 AM,CVIS,31126.1465,
8/14/2026 9:35:00 AM,DIPC,8/14/2026 9:40:00 AM,CLUZ,88.4247,
8/14/2026 9:35:00 AM,DIPC,8/14/2026 9:40:00 AM,System,9760.1057,
8/14/2026 9:35:00 AM,DIPC,8/14/2026 9:40:00 AM,CLUZ_CVIS,5431.9780,
8/14/2026 9:30:00 AM,DIPC,8/14/2026 9:35:00 AM,CMIN,31560.0843,
8/14/2026 9:30:00 AM,DIPC,8/14/2026 9:35:00 AM,CVIS,30745.2624,
8/14/2026 9:30:00 AM,DIPC,8/14/2026 9:35:00 AM,CLUZ,-9492.1711,
8/14/2026 9:30:00 AM,DIPC,8/14/2026 9:35:00 AM,System,3023.0610,
8/14/2026 9:30:00 AM,DIPC,8/14/2026 9:35:00 AM,CLUZ_CVIS,-2539.6320,
8/14/2026 8:35:00 PM,DIPC,8/14/2026 8:40:00 PM,CMIN,32846.5167,
8/14/2026 8:35:00 PM,DIPC,8/14/2026 8:40:00 PM,CVIS,32101.9661,
8/14/2026 8:35:00 PM,DIPC,8/14/2026 8:40:00 PM,CLUZ,12351.8627,
8/14/2026 8:35:00 PM,DIPC,8/14/2026 8:40:00 PM,System,18643.0450,
8/14/2026 8:35:00 PM,DIPC,8/14/2026 8:40:00 PM,CLUZ_CVIS,15315.0472,
8/14/2026 8:30:00 PM,DIPC,8/14/2026 8:35:00 PM,CMIN,32627.9252,
8/14/2026 8:30:00 PM,DIPC,8/14/2026 8:35:00 PM,CVIS,31887.6712,
8/14/2026 8:30:00 PM,DIPC,8/14/2026 8:35:00 PM,CLUZ,12358.0272,
8/14/2026 8:30:00 PM,DIPC,8/14/2026 8:35:00 PM,System,18581.2971,
8/14/2026 8:25:00 PM,DIPC,8/14/2026 8:30:00 PM,CMIN,32643.7767,
8/14/2026 8:25:00 PM,DIPC,8/14/2026 8:30:00 PM,CVIS,31888.2830,
8/14/2026 8:30:00 PM,DIPC,8/14/2026 8:35:00 PM,CLUZ_CVIS,15295.8821,
8/14/2026 8:25:00 PM,DIPC,8/14/2026 8:30:00 PM,CLUZ,12364.7972,
8/14/2026 8:25:00 PM,DIPC,8/14/2026 8:30:00 PM,System,18583.4731,
8/14/2026 8:25:00 PM,DIPC,8/14/2026 8:30:00 PM,CLUZ_CVIS,15296.3791,
8/14/2026 8:20:00 PM,DIPC,8/14/2026 8:25:00 PM,CMIN,32786.2375,
8/14/2026 8:20:00 PM,DIPC,8/14/2026 8:25:00 PM,CVIS,31979.5996,
8/14/2026 8:20:00 PM,DIPC,8/14/2026 8:25:00 PM,CLUZ,12360.0394,
8/14/2026 8:20:00 PM,DIPC,8/14/2026 8:25:00 PM,System,18618.5309,
8/14/2026 8:20:00 PM,DIPC,8/14/2026 8:25:00 PM,CLUZ_CVIS,15301.8735,
8/14/2026 8:15:00 PM,DIPC,8/14/2026 8:20:00 PM,CMIN,32795.9064,
8/14/2026 8:15:00 PM,DIPC,8/14/2026 8:20:00 PM,CVIS,31964.4817,
8/14/2026 8:15:00 PM,DIPC,8/14/2026 8:20:00 PM,CLUZ,14751.9431,
8/14/2026 8:15:00 PM,DIPC,8/14/2026 8:20:00 PM,System,20263.3233,
8/14/2026 8:15:00 PM,DIPC,8/14/2026 8:20:00 PM,CLUZ_CVIS,17333.8095,
8/14/2026 11:55:00 PM,DIPC,8/15/2026,CMIN,31101.0999,
8/14/2026 11:55:00 PM,DIPC,8/15/2026,CVIS,30741.3994,
8/14/2026 11:55:00 PM,DIPC,8/15/2026,CLUZ,3142.3851,
8/14/2026 11:55:00 PM,DIPC,8/15/2026,System,12145.1119,
8/14/2026 11:55:00 PM,DIPC,8/15/2026,CLUZ_CVIS,7571.0032,
8/14/2026 11:50:00 PM,DIPC,8/14/2026 11:55:00 PM,CMIN,30701.4206,
8/14/2026 11:50:00 PM,DIPC,8/14/2026 11:55:00 PM,CVIS,30405.3644,
8/14/2026 11:50:00 PM,DIPC,8/14/2026 11:55:00 PM,CLUZ,3141.2294,
8/14/2026 11:50:00 PM,DIPC,8/14/2026 11:55:00 PM,System,12025.4629,
8/14/2026 11:50:00 PM,DIPC,8/14/2026 11:55:00 PM,CLUZ_CVIS,7520.3108,
8/14/2026 11:45:00 PM,DIPC,8/14/2026 11:50:00 PM,CMIN,31597.4088,
8/14/2026 11:45:00 PM,DIPC,8/14/2026 11:50:00 PM,CVIS,31412.5379,
8/14/2026 11:45:00 PM,DIPC,8/14/2026 11:50:00 PM,CLUZ,3126.6492,
8/14/2026 11:45:00 PM,DIPC,8/14/2026 11:50:00 PM,System,12339.9442,
8/14/2026 11:45:00 PM,DIPC,8/14/2026 11:50:00 PM,CLUZ_CVIS,7679.6503,
8/14/2026 11:40:00 PM,DIPC,8/14/2026 11:45:00 PM,CMIN,31626.3106,
8/14/2026 11:40:00 PM,DIPC,8/14/2026 11:45:00 PM,CVIS,31551.5296,
8/14/2026 11:40:00 PM,DIPC,8/14/2026 11:45:00 PM,CLUZ,3141.6640,
8/14/2026 11:40:00 PM,DIPC,8/14/2026 11:45:00 PM,System,12348.1996,
8/14/2026 11:40:00 PM,DIPC,8/14/2026 11:45:00 PM,CLUZ_CVIS,7708.5934,
8/14/2026 11:35:00 PM,DIPC,8/14/2026 11:40:00 PM,CMIN,31619.1587,
8/14/2026 11:35:00 PM,DIPC,8/14/2026 11:40:00 PM,CVIS,31551.7447,
8/14/2026 11:35:00 PM,DIPC,8/14/2026 11:40:00 PM,CLUZ,3141.6766,
8/14/2026 11:35:00 PM,DIPC,8/14/2026 11:40:00 PM,System,12350.2324,
8/14/2026 11:35:00 PM,DIPC,8/14/2026 11:40:00 PM,CLUZ_CVIS,7715.7936,
8/14/2026 11:30:00 PM,DIPC,8/14/2026 11:35:00 PM,CMIN,32273.0622,
8/14/2026 11:30:00 PM,DIPC,8/14/2026 11:35:00 PM,CVIS,32203.2669,
8/14/2026 11:30:00 PM,DIPC,8/14/2026 11:35:00 PM,CLUZ,3132.8526,
8/14/2026 11:30:00 PM,DIPC,8/14/2026 11:35:00 PM,System,12549.2680,
8/14/2026 11:30:00 PM,DIPC,8/14/2026 11:35:00 PM,CLUZ_CVIS,7826.6534,
8/14/2026 11:25:00 PM,DIPC,8/14/2026 11:30:00 PM,CMIN,31456.2657,
8/14/2026 11:25:00 PM,DIPC,8/14/2026 11:30:00 PM,CVIS,31314.6214,
8/14/2026 11:25:00 PM,DIPC,8/14/2026 11:30:00 PM,CLUZ,3092.5769,
8/14/2026 11:25:00 PM,DIPC,8/14/2026 11:30:00 PM,System,12287.9342,
8/14/2026 11:25:00 PM,DIPC,8/14/2026 11:30:00 PM,CLUZ_CVIS,7564.1525,
8/14/2026 11:20:00 PM,DIPC,8/14/2026 11:25:00 PM,CMIN,32898.1287,
8/14/2026 11:20:00 PM,DIPC,8/14/2026 11:25:00 PM,CVIS,32671.9587,
8/14/2026 11:20:00 PM,DIPC,8/14/2026 11:25:00 PM,CLUZ,3090.2821,
8/14/2026 11:20:00 PM,DIPC,8/14/2026 11:25:00 PM,System,12614.0838,
8/14/2026 11:20:00 PM,DIPC,8/14/2026 11:25:00 PM,CLUZ_CVIS,7811.5163,
8/14/2026 11:15:00 PM,DIPC,8/14/2026 11:20:00 PM,CMIN,32853.6971,
8/14/2026 11:15:00 PM,DIPC,8/14/2026 11:20:00 PM,CVIS,32665.4323,
8/14/2026 11:15:00 PM,DIPC,8/14/2026 11:20:00 PM,CLUZ,3089.5923,
8/14/2026 11:15:00 PM,DIPC,8/14/2026 11:20:00 PM,System,12613.3134,
8/14/2026 11:15:00 PM,DIPC,8/14/2026 11:20:00 PM,CLUZ_CVIS,7814.0279,
8/14/2026 11:10:00 PM,DIPC,8/14/2026 11:15:00 PM,CMIN,32736.6986,
8/14/2026 11:10:00 PM,DIPC,8/14/2026 11:15:00 PM,CVIS,32622.6597,
8/14/2026 11:10:00 PM,DIPC,8/14/2026 11:15:00 PM,CLUZ,3089.5524,
8/14/2026 11:10:00 PM,DIPC,8/14/2026 11:15:00 PM,System,12550.2856,
8/14/2026 11:10:00 PM,DIPC,8/14/2026 11:15:00 PM,CLUZ_CVIS,7793.5763,
8/14/2026 11:05:00 PM,DIPC,8/14/2026 11:10:00 PM,CMIN,30536.4484,
8/14/2026 11:05:00 PM,DIPC,8/14/2026 11:10:00 PM,CVIS,30250.0339,
8/14/2026 11:05:00 PM,DIPC,8/14/2026 11:10:00 PM,CLUZ,3108.2191,
8/14/2026 11:05:00 PM,DIPC,8/14/2026 11:10:00 PM,System,11846.9608,
8/14/2026 11:05:00 PM,DIPC,8/14/2026 11:10:00 PM,CLUZ_CVIS,7368.2699,
8/14/2026 11:00:00 PM,DIPC,8/14/2026 11:05:00 PM,CMIN,31543.4198,
8/14/2026 11:00:00 PM,DIPC,8/14/2026 11:05:00 PM,CVIS,31337.5879,
8/14/2026 11:00:00 PM,DIPC,8/14/2026 11:05:00 PM,CLUZ,2874.1304,
8/14/2026 11:00:00 PM,DIPC,8/14/2026 11:05:00 PM,System,12043.3412,
8/14/2026 11:00:00 PM,DIPC,8/14/2026 11:05:00 PM,CLUZ_CVIS,7353.4433,
8/14/2026 10:55:00 PM,DIPC,8/14/2026 11:00:00 PM,CMIN,31913.7242,
8/14/2026 10:55:00 PM,DIPC,8/14/2026 11:00:00 PM,CVIS,31729.4555,
8/14/2026 10:55:00 PM,DIPC,8/14/2026 11:00:00 PM,CLUZ,1584.8635,
8/14/2026 10:55:00 PM,DIPC,8/14/2026 11:00:00 PM,System,11286.1824,
8/14/2026 12:55:00 PM,DIPC,8/14/2026 1:00:00 PM,CMIN,30705.5125,
8/14/2026 12:55:00 PM,DIPC,8/14/2026 1:00:00 PM,CVIS,29153.2508,
8/14/2026 12:55:00 PM,DIPC,8/14/2026 1:00:00 PM,CLUZ,3104.5462,
8/14/2026 12:55:00 PM,DIPC,8/14/2026 1:00:00 PM,System,11913.8019,
8/14/2026 12:55:00 PM,DIPC,8/14/2026 1:00:00 PM,CLUZ_CVIS,7927.2694,
8/14/2026 12:50:00 PM,DIPC,8/14/2026 12:55:00 PM,CMIN,29390.5186,
8/14/2026 12:50:00 PM,DIPC,8/14/2026 12:55:00 PM,CVIS,27860.7992,
8/14/2026 12:50:00 PM,DIPC,8/14/2026 12:55:00 PM,CLUZ,2901.2940,
8/14/2026 12:50:00 PM,DIPC,8/14/2026 12:55:00 PM,System,11342.0535,
8/14/2026 12:50:00 PM,DIPC,8/14/2026 12:55:00 PM,CLUZ_CVIS,7530.6873,
8/14/2026 12:45:00 PM,DIPC,8/14/2026 12:50:00 PM,CMIN,30813.2160,
8/14/2026 12:45:00 PM,DIPC,8/14/2026 12:50:00 PM,CVIS,29332.6125,
8/14/2026 12:45:00 PM,DIPC,8/14/2026 12:50:00 PM,CLUZ,171.2754,
8/14/2026 12:45:00 PM,DIPC,8/14/2026 12:50:00 PM,System,10008.7997,
8/14/2026 12:45:00 PM,DIPC,8/14/2026 12:50:00 PM,CLUZ_CVIS,5576.9213,
8/14/2026 12:40:00 PM,DIPC,8/14/2026 12:45:00 PM,CMIN,31093.2618,
8/14/2026 12:40:00 PM,DIPC,8/14/2026 12:45:00 PM,CVIS,29623.6447,
8/14/2026 12:40:00 PM,DIPC,8/14/2026 12:45:00 PM,CLUZ,159.7355,
8/14/2026 12:40:00 PM,DIPC,8/14/2026 12:45:00 PM,System,10082.6105,
8/14/2026 12:40:00 PM,DIPC,8/14/2026 12:45:00 PM,CLUZ_CVIS,5621.5067,
8/14/2026 12:35:00 PM,DIPC,8/14/2026 12:40:00 PM,CMIN,159.50,
8/14/2026 12:35:00 PM,DIPC,8/14/2026 12:40:00 PM,CVIS,159.50,
8/14/2026 12:35:00 PM,DIPC,8/14/2026 12:40:00 PM,CLUZ,159.50,
8/14/2026 12:35:00 PM,DIPC,8/14/2026 12:40:00 PM,System,159.50,
8/14/2026 12:35:00 PM,DIPC,8/14/2026 12:40:00 PM,CLUZ_CVIS,159.50,
8/14/2026 12:30:00 PM,DIPC,8/14/2026 12:35:00 PM,CMIN,87.50,
8/14/2026 12:30:00 PM,DIPC,8/14/2026 12:35:00 PM,CVIS,87.50,
8/14/2026 12:30:00 PM,DIPC,8/14/2026 12:35:00 PM,CLUZ,87.50,
8/14/2026 12:30:00 PM,DIPC,8/14/2026 12:35:00 PM,System,87.50,
8/14/2026 12:30:00 PM,DIPC,8/14/2026 12:35:00 PM,CLUZ_CVIS,87.50,
8/14/2026 12:25:00 PM,DIPC,8/14/2026 12:30:00 PM,CMIN,-9999,
8/14/2026 12:25:00 PM,DIPC,8/14/2026 12:30:00 PM,CVIS,-9999,
8/14/2026 12:25:00 PM,DIPC,8/14/2026 12:30:00 PM,CLUZ,-9999,
8/14/2026 12:25:00 PM,DIPC,8/14/2026 12:30:00 PM,System,-9999,
8/14/2026 12:25:00 PM,DIPC,8/14/2026 12:30:00 PM,CLUZ_CVIS,-9999,
8/14/2026 10:55:00 PM,DIPC,8/14/2026 11:00:00 PM,CLUZ_CVIS,6299.6454,
8/14/2026 10:50:00 PM,DIPC,8/14/2026 10:55:00 PM,CMIN,32408.0339,
8/14/2026 10:50:00 PM,DIPC,8/14/2026 10:55:00 PM,CVIS,32217.9240,
8/14/2026 10:50:00 PM,DIPC,8/14/2026 10:55:00 PM,CLUZ,1583.1113,
8/14/2026 10:50:00 PM,DIPC,8/14/2026 10:55:00 PM,System,11456.0365,
8/14/2026 10:50:00 PM,DIPC,8/14/2026 10:55:00 PM,CLUZ_CVIS,6391.6597,
8/14/2026 6:00:00 AM,DIPC,8/14/2026 6:05:00 AM,CMIN,24862.1971,
8/14/2026 6:00:00 AM,DIPC,8/14/2026 6:05:00 AM,CVIS,24557.5230,
8/14/2026 6:00:00 AM,DIPC,8/14/2026 6:05:00 AM,CLUZ,4125.8151,
8/14/2026 6:00:00 AM,DIPC,8/14/2026 6:05:00 AM,System,10313.7975,
8/14/2026 6:00:00 AM,DIPC,8/14/2026 6:05:00 AM,CLUZ_CVIS,7323.5411,
8/14/2026 5:55:00 AM,DIPC,8/14/2026 6:00:00 AM,CMIN,30201.5456,
8/14/2026 5:55:00 AM,DIPC,8/14/2026 6:00:00 AM,CVIS,29690.3462,
8/14/2026 5:55:00 AM,DIPC,8/14/2026 6:00:00 AM,CLUZ,5634.7144,
8/14/2026 5:55:00 AM,DIPC,8/14/2026 6:00:00 AM,System,12960.2113,
8/14/2026 5:55:00 AM,DIPC,8/14/2026 6:00:00 AM,CLUZ_CVIS,9380.1232,
8/14/2026 5:50:00 AM,DIPC,8/14/2026 5:55:00 AM,CMIN,31504.0643,
8/14/2026 5:50:00 AM,DIPC,8/14/2026 5:55:00 AM,CVIS,31121.82,
8/14/2026 5:50:00 AM,DIPC,8/14/2026 5:55:00 AM,CLUZ,5584.4812,
8/14/2026 5:50:00 AM,DIPC,8/14/2026 5:55:00 AM,System,13379.6435,
8/14/2026 5:50:00 AM,DIPC,8/14/2026 5:55:00 AM,CLUZ_CVIS,9588.5734,
8/14/2026 5:45:00 AM,DIPC,8/14/2026 5:50:00 AM,CMIN,31526.7590,
8/14/2026 5:45:00 AM,DIPC,8/14/2026 5:50:00 AM,CVIS,31118.7087,
8/14/2026 5:45:00 AM,DIPC,8/14/2026 5:50:00 AM,CLUZ,4122.2223,
8/14/2026 5:45:00 AM,DIPC,8/14/2026 5:50:00 AM,System,12397.3965,
8/14/2026 5:45:00 AM,DIPC,8/14/2026 5:50:00 AM,CLUZ_CVIS,8365.6304,
8/14/2026 5:40:00 AM,DIPC,8/14/2026 5:45:00 AM,CMIN,31659.0829,
8/14/2026 5:40:00 AM,DIPC,8/14/2026 5:45:00 AM,CVIS,31343.1552,
8/14/2026 5:40:00 AM,DIPC,8/14/2026 5:45:00 AM,CLUZ,3136.6168,
8/14/2026 5:40:00 AM,DIPC,8/14/2026 5:45:00 AM,System,11770.4751,
8/14/2026 5:40:00 AM,DIPC,8/14/2026 5:45:00 AM,CLUZ_CVIS,7616.6721,
8/14/2026 5:35:00 AM,DIPC,8/14/2026 5:40:00 AM,CMIN,31644.0563,
8/14/2026 5:35:00 AM,DIPC,8/14/2026 5:40:00 AM,CVIS,31283.8826,
8/14/2026 5:35:00 AM,DIPC,8/14/2026 5:40:00 AM,CLUZ,3136.1919,
8/14/2026 5:35:00 AM,DIPC,8/14/2026 5:40:00 AM,System,11779.7205,
8/14/2026 5:35:00 AM,DIPC,8/14/2026 5:40:00 AM,CLUZ_CVIS,7591.6575,
8/14/2026 5:30:00 AM,DIPC,8/14/2026 5:35:00 AM,CMIN,31855.8092,
8/14/2026 5:30:00 AM,DIPC,8/14/2026 5:35:00 AM,CVIS,31399.4224,
8/14/2026 5:30:00 AM,DIPC,8/14/2026 5:35:00 AM,CLUZ,3125.6551,
8/14/2026 5:30:00 AM,DIPC,8/14/2026 5:35:00 AM,System,11830.9531,
8/14/2026 5:30:00 AM,DIPC,8/14/2026 5:35:00 AM,CLUZ_CVIS,7615.4104,
8/14/2026 7:55:00 PM,DIPC,8/14/2026 8:00:00 PM,CMIN,33191.0949,
8/14/2026 7:55:00 PM,DIPC,8/14/2026 8:00:00 PM,CVIS,22917.6402,
8/14/2026 7:55:00 PM,DIPC,8/14/2026 8:00:00 PM,CLUZ,12333.2877,
8/14/2026 7:55:00 PM,DIPC,8/14/2026 8:00:00 PM,System,17424.6594,
8/14/2026 7:55:00 PM,DIPC,8/14/2026 8:00:00 PM,CLUZ_CVIS,13958.5997,
8/14/2026 7:50:00 PM,DIPC,8/14/2026 7:55:00 PM,CMIN,32991.7905,
8/14/2026 7:50:00 PM,DIPC,8/14/2026 7:55:00 PM,CVIS,20963.8736,
8/14/2026 7:50:00 PM,DIPC,8/14/2026 7:55:00 PM,CLUZ,12328.0664,
8/14/2026 7:50:00 PM,DIPC,8/14/2026 7:55:00 PM,System,17087.5210,
8/14/2026 7:50:00 PM,DIPC,8/14/2026 7:55:00 PM,CLUZ_CVIS,13646.6083,
8/14/2026 7:45:00 PM,DIPC,8/14/2026 7:50:00 PM,CMIN,32490.6403,
8/14/2026 7:45:00 PM,DIPC,8/14/2026 7:50:00 PM,CVIS,22773.1986,
8/14/2026 7:45:00 PM,DIPC,8/14/2026 7:50:00 PM,CLUZ,11823.6626,
8/14/2026 7:45:00 PM,DIPC,8/14/2026 7:50:00 PM,System,16808.1038,
8/14/2026 7:45:00 PM,DIPC,8/14/2026 7:50:00 PM,CLUZ_CVIS,13452.5051,
8/14/2026 7:40:00 PM,DIPC,8/14/2026 7:45:00 PM,CMIN,32420.0051,
8/14/2026 7:40:00 PM,DIPC,8/14/2026 7:45:00 PM,CVIS,24156.3874,
8/14/2026 7:40:00 PM,DIPC,8/14/2026 7:45:00 PM,CLUZ,10980.0087,
8/14/2026 7:40:00 PM,DIPC,8/14/2026 7:45:00 PM,System,16360.9688,
8/14/2026 7:40:00 PM,DIPC,8/14/2026 7:45:00 PM,CLUZ_CVIS,12932.5373,
8/14/2026 7:35:00 PM,DIPC,8/14/2026 7:40:00 PM,CMIN,32362.2814,
8/14/2026 7:35:00 PM,DIPC,8/14/2026 7:40:00 PM,CVIS,24206.8659,
8/14/2026 7:35:00 PM,DIPC,8/14/2026 7:40:00 PM,CLUZ,11832.3426,
8/14/2026 7:35:00 PM,DIPC,8/14/2026 7:40:00 PM,System,16951.9095,
8/14/2026 7:35:00 PM,DIPC,8/14/2026 7:40:00 PM,CLUZ_CVIS,13665.6901,
8/14/2026 7:30:00 PM,DIPC,8/14/2026 7:35:00 PM,CMIN,32363.9704,
8/14/2026 7:30:00 PM,DIPC,8/14/2026 7:35:00 PM,CVIS,24435.8417,
8/14/2026 7:30:00 PM,DIPC,8/14/2026 7:35:00 PM,CLUZ,11836.2350,
8/14/2026 7:30:00 PM,DIPC,8/14/2026 7:35:00 PM,System,16977.2638,
8/14/2026 7:30:00 PM,DIPC,8/14/2026 7:35:00 PM,CLUZ_CVIS,13700.1747,
8/14/2026 7:25:00 PM,DIPC,8/14/2026 7:30:00 PM,CMIN,32431.5363,
8/14/2026 7:25:00 PM,DIPC,8/14/2026 7:30:00 PM,CVIS,21305.0530,
8/14/2026 7:25:00 PM,DIPC,8/14/2026 7:30:00 PM,CLUZ,11509.6786,
8/14/2026 7:25:00 PM,DIPC,8/14/2026 7:30:00 PM,System,16367.3868,
8/14/2026 7:25:00 PM,DIPC,8/14/2026 7:30:00 PM,CLUZ_CVIS,12957.0297,
8/14/2026 9:05:00 PM,DIPC,8/14/2026 9:10:00 PM,CMIN,32407.1415,
8/14/2026 3:05:00 PM,DIPC,8/14/2026 3:10:00 PM,CMIN,30181.3687,
8/14/2026 3:05:00 PM,DIPC,8/14/2026 3:10:00 PM,CVIS,28891.8181,
8/14/2026 3:05:00 PM,DIPC,8/14/2026 3:10:00 PM,CLUZ,4778.9851,
8/14/2026 3:05:00 PM,DIPC,8/14/2026 3:10:00 PM,System,12958.0727,
8/14/2026 3:05:00 PM,DIPC,8/14/2026 3:10:00 PM,CLUZ_CVIS,9022.0527,
8/14/2026 3:00:00 PM,DIPC,8/14/2026 3:05:00 PM,CMIN,30791.9742,
8/14/2026 3:00:00 PM,DIPC,8/14/2026 3:05:00 PM,CVIS,29547.4526,
8/14/2026 3:00:00 PM,DIPC,8/14/2026 3:05:00 PM,CLUZ,3142.1752,
8/14/2026 3:00:00 PM,DIPC,8/14/2026 3:05:00 PM,System,12073.2925,
8/14/2026 3:00:00 PM,DIPC,8/14/2026 3:05:00 PM,CLUZ_CVIS,7799.7147,
8/14/2026 2:55:00 PM,DIPC,8/14/2026 3:00:00 PM,CMIN,32620.1110,
8/14/2026 2:55:00 PM,DIPC,8/14/2026 3:00:00 PM,CVIS,31438.5265,
8/14/2026 2:55:00 PM,DIPC,8/14/2026 3:00:00 PM,CLUZ,6269.2296,
8/14/2026 2:55:00 PM,DIPC,8/14/2026 3:00:00 PM,System,14810.2842,
8/14/2026 2:55:00 PM,DIPC,8/14/2026 3:00:00 PM,CLUZ_CVIS,10748.5772,
8/14/2026 2:50:00 PM,DIPC,8/14/2026 2:55:00 PM,CMIN,30700.0009,
8/14/2026 2:50:00 PM,DIPC,8/14/2026 2:55:00 PM,CVIS,29353.7872,
8/14/2026 2:50:00 PM,DIPC,8/14/2026 2:55:00 PM,CLUZ,6260.7124,
8/14/2026 2:50:00 PM,DIPC,8/14/2026 2:55:00 PM,System,14153.6482,
8/14/2026 2:50:00 PM,DIPC,8/14/2026 2:55:00 PM,CLUZ_CVIS,10375.6558,
8/14/2026 2:45:00 PM,DIPC,8/14/2026 2:50:00 PM,CMIN,31220.0316,
8/14/2026 2:45:00 PM,DIPC,8/14/2026 2:50:00 PM,CVIS,30002.5691,
8/14/2026 2:45:00 PM,DIPC,8/14/2026 2:50:00 PM,CLUZ,5740.4995,
8/14/2026 2:45:00 PM,DIPC,8/14/2026 2:50:00 PM,System,14018.0221,
8/14/2026 2:45:00 PM,DIPC,8/14/2026 2:50:00 PM,CLUZ_CVIS,10055.8776,
8/14/2026 2:40:00 PM,DIPC,8/14/2026 2:45:00 PM,CMIN,30831.6078,
8/14/2026 2:40:00 PM,DIPC,8/14/2026 2:45:00 PM,CVIS,29467.6708,
8/14/2026 2:40:00 PM,DIPC,8/14/2026 2:45:00 PM,CLUZ,3485.6905,
8/14/2026 2:40:00 PM,DIPC,8/14/2026 2:45:00 PM,System,12368.0874,
8/14/2026 2:40:00 PM,DIPC,8/14/2026 2:45:00 PM,CLUZ_CVIS,8159.3204,
8/14/2026 2:35:00 PM,DIPC,8/14/2026 2:40:00 PM,CMIN,30894.5835,
8/14/2026 2:35:00 PM,DIPC,8/14/2026 2:40:00 PM,CVIS,29517.9348,
8/14/2026 2:35:00 PM,DIPC,8/14/2026 2:40:00 PM,CLUZ,4103.3278,
8/14/2026 2:35:00 PM,DIPC,8/14/2026 2:40:00 PM,System,12812.0203,
8/14/2026 2:35:00 PM,DIPC,8/14/2026 2:40:00 PM,CLUZ_CVIS,8692.9189,
8/14/2026 5:45:00 PM,DIPC,8/14/2026 5:50:00 PM,CMIN,34001.3323,
8/14/2026 5:45:00 PM,DIPC,8/14/2026 5:50:00 PM,CVIS,33605.6561,
8/14/2026 5:45:00 PM,DIPC,8/14/2026 5:50:00 PM,CLUZ,9452.7113,
8/14/2026 5:45:00 PM,DIPC,8/14/2026 5:50:00 PM,System,17158.7714,
8/14/2026 5:45:00 PM,DIPC,8/14/2026 5:50:00 PM,CLUZ_CVIS,13276.3309,
8/14/2026 5:40:00 PM,DIPC,8/14/2026 5:45:00 PM,CMIN,34018.9161,
8/14/2026 5:40:00 PM,DIPC,8/14/2026 5:45:00 PM,CVIS,33572.3674,
8/14/2026 5:40:00 PM,DIPC,8/14/2026 5:45:00 PM,CLUZ,6730.7935,
8/14/2026 5:40:00 PM,DIPC,8/14/2026 5:45:00 PM,System,15313.3345,
8/14/2026 5:40:00 PM,DIPC,8/14/2026 5:45:00 PM,CLUZ_CVIS,10997.1282,
8/14/2026 5:35:00 PM,DIPC,8/14/2026 5:40:00 PM,CMIN,32736.3724,
8/14/2026 5:35:00 PM,DIPC,8/14/2026 5:40:00 PM,CVIS,32461.3963,
8/14/2026 5:35:00 PM,DIPC,8/14/2026 5:40:00 PM,CLUZ,6354.0909,
8/14/2026 5:35:00 PM,DIPC,8/14/2026 5:40:00 PM,System,14656.0243,
8/14/2026 5:35:00 PM,DIPC,8/14/2026 5:40:00 PM,CLUZ_CVIS,10399.2929,
8/14/2026 5:30:00 PM,DIPC,8/14/2026 5:35:00 PM,CMIN,32965.7452,
8/14/2026 5:30:00 PM,DIPC,8/14/2026 5:35:00 PM,CVIS,32483.2420,
8/14/2026 5:30:00 PM,DIPC,8/14/2026 5:35:00 PM,CLUZ,11755.9697,
8/14/2026 5:30:00 PM,DIPC,8/14/2026 5:35:00 PM,System,18380.0734,
8/14/2026 5:30:00 PM,DIPC,8/14/2026 5:35:00 PM,CLUZ_CVIS,15007.7943,
8/14/2026 5:25:00 PM,DIPC,8/14/2026 5:30:00 PM,CMIN,32669.5047,
8/14/2026 5:25:00 PM,DIPC,8/14/2026 5:30:00 PM,CVIS,32341.9550,
8/14/2026 5:25:00 PM,DIPC,8/14/2026 5:30:00 PM,CLUZ,12248.1205,
8/14/2026 5:25:00 PM,DIPC,8/14/2026 5:30:00 PM,System,18648.1448,
8/14/2026 5:25:00 PM,DIPC,8/14/2026 5:30:00 PM,CLUZ_CVIS,15370.6820,
8/14/2026 5:20:00 PM,DIPC,8/14/2026 5:25:00 PM,CMIN,32696.8053,
8/14/2026 5:20:00 PM,DIPC,8/14/2026 5:25:00 PM,CVIS,32371.1504,
8/14/2026 5:20:00 PM,DIPC,8/14/2026 5:25:00 PM,CLUZ,6727.6706,
8/14/2026 5:20:00 PM,DIPC,8/14/2026 5:25:00 PM,System,14935.4003,
8/14/2026 5:20:00 PM,DIPC,8/14/2026 5:25:00 PM,CLUZ_CVIS,10738.5675,
8/14/2026 9:05:00 PM,DIPC,8/14/2026 9:10:00 PM,CVIS,31779.7641,
8/14/2026 9:05:00 PM,DIPC,8/14/2026 9:10:00 PM,CLUZ,6826.1938,
8/14/2026 9:05:00 PM,DIPC,8/14/2026 9:10:00 PM,System,14792.5692,
8/14/2026 9:05:00 PM,DIPC,8/14/2026 9:10:00 PM,CLUZ_CVIS,10605.1740,
8/14/2026 9:00:00 PM,DIPC,8/14/2026 9:05:00 PM,CMIN,32355.7046,
8/14/2026 9:00:00 PM,DIPC,8/14/2026 9:05:00 PM,CVIS,31706.2305,
8/14/2026 9:00:00 PM,DIPC,8/14/2026 9:05:00 PM,CLUZ,7019.9556,
8/14/2026 9:00:00 PM,DIPC,8/14/2026 9:05:00 PM,System,14892.1976,
8/14/2026 9:00:00 PM,DIPC,8/14/2026 9:05:00 PM,CLUZ_CVIS,10743.6086,
8/14/2026 8:55:00 PM,DIPC,8/14/2026 9:00:00 PM,CMIN,32383.2513,
8/14/2026 8:55:00 PM,DIPC,8/14/2026 9:00:00 PM,CVIS,31738.6086,
8/14/2026 8:55:00 PM,DIPC,8/14/2026 9:00:00 PM,CLUZ,12272.0108,
8/14/2026 8:55:00 PM,DIPC,8/14/2026 9:00:00 PM,System,18491.0382,
8/14/2026 8:55:00 PM,DIPC,8/14/2026 9:00:00 PM,CLUZ_CVIS,15196.5743,
8/14/2026 8:50:00 PM,DIPC,8/14/2026 8:55:00 PM,CMIN,32606.4560,
8/14/2026 8:50:00 PM,DIPC,8/14/2026 8:55:00 PM,CVIS,31890.6086,
8/14/2026 8:50:00 PM,DIPC,8/14/2026 8:55:00 PM,CLUZ,14736.3395,
8/14/2026 8:50:00 PM,DIPC,8/14/2026 8:55:00 PM,System,20248.6664,
8/14/2026 8:50:00 PM,DIPC,8/14/2026 8:55:00 PM,CLUZ_CVIS,17334.5145,
8/14/2026 8:45:00 PM,DIPC,8/14/2026 8:50:00 PM,CMIN,32579.6003,
8/14/2026 8:45:00 PM,DIPC,8/14/2026 8:50:00 PM,CVIS,31894.6712,
8/14/2026 8:45:00 PM,DIPC,8/14/2026 8:50:00 PM,CLUZ,12354.3781,
8/14/2026 8:45:00 PM,DIPC,8/14/2026 8:50:00 PM,System,18592.6523,
8/14/2026 8:45:00 PM,DIPC,8/14/2026 8:50:00 PM,CLUZ_CVIS,15303.8462,
8/14/2026 8:40:00 PM,DIPC,8/14/2026 8:45:00 PM,CMIN,32589.2065,
8/14/2026 8:40:00 PM,DIPC,8/14/2026 8:45:00 PM,CVIS,31905.5506,
8/14/2026 8:40:00 PM,DIPC,8/14/2026 8:45:00 PM,CLUZ,14754.8035,
8/14/2026 8:40:00 PM,DIPC,8/14/2026 8:45:00 PM,System,20240.8778,
8/14/2026 8:40:00 PM,DIPC,8/14/2026 8:45:00 PM,CLUZ_CVIS,17339.7883,
8/14/2026 8:20:00 AM,DIPC,8/14/2026 8:25:00 AM,CMIN,28497.0494,
8/14/2026 8:20:00 AM,DIPC,8/14/2026 8:25:00 AM,CVIS,27896.9988,
8/14/2026 8:20:00 AM,DIPC,8/14/2026 8:25:00 AM,CLUZ,4246.0566,
8/14/2026 8:20:00 AM,DIPC,8/14/2026 8:25:00 AM,System,11545.2804,
8/14/2026 8:20:00 AM,DIPC,8/14/2026 8:25:00 AM,CLUZ_CVIS,8273.7389,
8/14/2026 8:15:00 AM,DIPC,8/14/2026 8:20:00 AM,CMIN,26026.1211,
8/14/2026 8:15:00 AM,DIPC,8/14/2026 8:20:00 AM,CVIS,25475.3055,
8/14/2026 8:15:00 AM,DIPC,8/14/2026 8:20:00 AM,CLUZ,6309.3744,
8/14/2026 8:15:00 AM,DIPC,8/14/2026 8:20:00 AM,System,12169.9497,
8/14/2026 8:15:00 AM,DIPC,8/14/2026 8:20:00 AM,CLUZ_CVIS,9534.1578,
8/14/2026 8:10:00 AM,DIPC,8/14/2026 8:15:00 AM,CMIN,27662.0452,
8/14/2026 8:10:00 AM,DIPC,8/14/2026 8:15:00 AM,CVIS,27075.6680,
8/14/2026 8:10:00 AM,DIPC,8/14/2026 8:15:00 AM,CLUZ,6302.0574,
8/14/2026 8:10:00 AM,DIPC,8/14/2026 8:15:00 AM,System,12647.1698,
8/14/2026 8:10:00 AM,DIPC,8/14/2026 8:15:00 AM,CLUZ_CVIS,9791.1135,
8/14/2026 8:05:00 AM,DIPC,8/14/2026 8:10:00 AM,CMIN,22171.8487,
8/14/2026 8:05:00 AM,DIPC,8/14/2026 8:10:00 AM,CVIS,21760.6122,
8/14/2026 8:05:00 AM,DIPC,8/14/2026 8:10:00 AM,CLUZ,6742.9851,
8/14/2026 8:05:00 AM,DIPC,8/14/2026 8:10:00 AM,System,11305.7865,
8/14/2026 8:05:00 AM,DIPC,8/14/2026 8:10:00 AM,CLUZ_CVIS,9239.7102,
8/14/2026 8:00:00 AM,DIPC,8/14/2026 8:05:00 AM,CMIN,23513.3736,
8/14/2026 8:00:00 AM,DIPC,8/14/2026 8:05:00 AM,CVIS,23027.9864,
8/14/2026 8:00:00 AM,DIPC,8/14/2026 8:05:00 AM,CLUZ,6280.7119,
8/14/2026 8:00:00 AM,DIPC,8/14/2026 8:05:00 AM,System,11385.5725,
8/14/2026 8:00:00 AM,DIPC,8/14/2026 8:05:00 AM,CLUZ_CVIS,9065.6752,
8/14/2026 7:55:00 AM,DIPC,8/14/2026 8:00:00 AM,CMIN,28744.8329,
8/14/2026 7:55:00 AM,DIPC,8/14/2026 8:00:00 AM,CVIS,28249.3628,
8/14/2026 7:55:00 AM,DIPC,8/14/2026 8:00:00 AM,CLUZ,6752.1485,
8/14/2026 7:55:00 AM,DIPC,8/14/2026 8:00:00 AM,System,13234.0506,
8/14/2026 7:55:00 AM,DIPC,8/14/2026 8:00:00 AM,CLUZ_CVIS,10262.4355,
8/14/2026 7:50:00 AM,DIPC,8/14/2026 7:55:00 AM,CMIN,21934.4927,
8/14/2026 7:50:00 AM,DIPC,8/14/2026 7:55:00 AM,CVIS,21637.4825,
8/14/2026 7:50:00 AM,DIPC,8/14/2026 7:55:00 AM,CLUZ,5422.4850,
8/14/2026 7:50:00 AM,DIPC,8/14/2026 7:55:00 AM,System,10289.7583,
8/14/2026 7:50:00 AM,DIPC,8/14/2026 7:55:00 AM,CLUZ_CVIS,8041.2025,
8/14/2026 8:45:00 AM,DIPC,8/14/2026 8:50:00 AM,CMIN,31800.0794,
8/14/2026 8:45:00 AM,DIPC,8/14/2026 8:50:00 AM,CVIS,31296.8299,
8/14/2026 8:45:00 AM,DIPC,8/14/2026 8:50:00 AM,CLUZ,6316.3102,
8/14/2026 8:45:00 AM,DIPC,8/14/2026 8:50:00 AM,System,14016.5052,
8/14/2026 8:45:00 AM,DIPC,8/14/2026 8:50:00 AM,CLUZ_CVIS,10603.3640,
8/14/2026 8:50:00 AM,DIPC,8/14/2026 8:55:00 AM,CMIN,31802.6517,
8/14/2026 8:50:00 AM,DIPC,8/14/2026 8:55:00 AM,CVIS,31143.1019,
8/14/2026 8:50:00 AM,DIPC,8/14/2026 8:55:00 AM,CLUZ,6316.9820,
8/14/2026 8:50:00 AM,DIPC,8/14/2026 8:55:00 AM,System,14019.5274,
8/14/2026 8:50:00 AM,DIPC,8/14/2026 8:55:00 AM,CLUZ_CVIS,10602.6730,
8/14/2026 8:40:00 AM,DIPC,8/14/2026 8:45:00 AM,CMIN,31785.4799,
8/14/2026 8:40:00 AM,DIPC,8/14/2026 8:45:00 AM,CVIS,31290.4481,
8/14/2026 8:40:00 AM,DIPC,8/14/2026 8:45:00 AM,CLUZ,6740.3114,
8/14/2026 8:40:00 AM,DIPC,8/14/2026 8:45:00 AM,System,14298.7195,
8/14/2026 8:40:00 AM,DIPC,8/14/2026 8:45:00 AM,CLUZ_CVIS,10939.3777,
8/14/2026 8:35:00 AM,DIPC,8/14/2026 8:40:00 AM,CMIN,32028.3794,
8/14/2026 8:35:00 AM,DIPC,8/14/2026 8:40:00 AM,CVIS,31534.7953,
8/14/2026 8:35:00 AM,DIPC,8/14/2026 8:40:00 AM,CLUZ,6739.7350,
8/14/2026 8:35:00 AM,DIPC,8/14/2026 8:40:00 AM,System,14384.7245,
8/14/2026 8:35:00 AM,DIPC,8/14/2026 8:40:00 AM,CLUZ_CVIS,10977.6773,
8/14/2026 8:30:00 AM,DIPC,8/14/2026 8:35:00 AM,CMIN,31932.3259,
8/14/2026 8:30:00 AM,DIPC,8/14/2026 8:35:00 AM,CVIS,31362.4952,
8/14/2026 8:30:00 AM,DIPC,8/14/2026 8:35:00 AM,CLUZ,6307.9201,
8/14/2026 8:30:00 AM,DIPC,8/14/2026 8:35:00 AM,System,14063.5574,
8/14/2026 8:30:00 AM,DIPC,8/14/2026 8:35:00 AM,CLUZ_CVIS,10583.8284,
8/14/2026 8:25:00 AM,DIPC,8/14/2026 8:30:00 AM,CMIN,31918.4102,
8/14/2026 8:25:00 AM,DIPC,8/14/2026 8:30:00 AM,CVIS,31454.7268,
8/14/2026 8:25:00 AM,DIPC,8/14/2026 8:30:00 AM,CLUZ,6300.1044,
8/14/2026 8:25:00 AM,DIPC,8/14/2026 8:30:00 AM,System,14063.1462,
8/14/2026 8:25:00 AM,DIPC,8/14/2026 8:30:00 AM,CLUZ_CVIS,10577.0686,
8/14/2026 2:20:00 PM,DIPC,8/14/2026 2:25:00 PM,CMIN,29429.1292,
8/14/2026 2:20:00 PM,DIPC,8/14/2026 2:25:00 PM,CVIS,28118.8395,
8/14/2026 2:20:00 PM,DIPC,8/14/2026 2:25:00 PM,CLUZ,3126.8629,
8/14/2026 2:20:00 PM,DIPC,8/14/2026 2:25:00 PM,System,11679.3125,
8/14/2026 2:20:00 PM,DIPC,8/14/2026 2:25:00 PM,CLUZ_CVIS,7614.7931,
8/14/2026 2:15:00 PM,DIPC,8/14/2026 2:20:00 PM,CMIN,29383.7942,
8/14/2026 2:15:00 PM,DIPC,8/14/2026 2:20:00 PM,CVIS,28071.1594,
8/14/2026 2:15:00 PM,DIPC,8/14/2026 2:20:00 PM,CLUZ,4091.4878,
8/14/2026 2:15:00 PM,DIPC,8/14/2026 2:20:00 PM,System,12306.5177,
8/14/2026 2:15:00 PM,DIPC,8/14/2026 2:20:00 PM,CLUZ_CVIS,8398.01,
8/14/2026 2:10:00 PM,DIPC,8/14/2026 2:15:00 PM,CMIN,30032.3679,
8/14/2026 2:10:00 PM,DIPC,8/14/2026 2:15:00 PM,CVIS,28660.3617,
8/14/2026 2:10:00 PM,DIPC,8/14/2026 2:15:00 PM,CLUZ,4090.2135,
8/14/2026 2:10:00 PM,DIPC,8/14/2026 2:15:00 PM,System,12563.9791,
8/14/2026 2:10:00 PM,DIPC,8/14/2026 2:15:00 PM,CLUZ_CVIS,8543.3548,
8/14/2026 2:05:00 PM,DIPC,8/14/2026 2:10:00 PM,CMIN,32071.9322,
8/14/2026 2:05:00 PM,DIPC,8/14/2026 2:10:00 PM,CVIS,30795.4876,
8/14/2026 2:05:00 PM,DIPC,8/14/2026 2:10:00 PM,CLUZ,2863.9131,
8/14/2026 2:05:00 PM,DIPC,8/14/2026 2:10:00 PM,System,12452.2478,
8/14/2026 2:05:00 PM,DIPC,8/14/2026 2:10:00 PM,CLUZ_CVIS,7938.7283,
8/14/2026 4:45:00 PM,DIPC,8/14/2026 4:50:00 PM,CMIN,33868.2477,
8/14/2026 4:45:00 PM,DIPC,8/14/2026 4:50:00 PM,CVIS,33251.8391,
8/14/2026 4:45:00 PM,DIPC,8/14/2026 4:50:00 PM,CLUZ,6328.6672,
8/14/2026 4:45:00 PM,DIPC,8/14/2026 4:50:00 PM,System,15106.6460,
8/14/2026 4:45:00 PM,DIPC,8/14/2026 4:50:00 PM,CLUZ_CVIS,10783.1677,
8/14/2026 4:40:00 PM,DIPC,8/14/2026 4:45:00 PM,CMIN,33817.2477,
8/14/2026 4:40:00 PM,DIPC,8/14/2026 4:45:00 PM,CVIS,33035.8692,
8/14/2026 4:40:00 PM,DIPC,8/14/2026 4:45:00 PM,CLUZ,6318.1433,
8/14/2026 4:40:00 PM,DIPC,8/14/2026 4:45:00 PM,System,15101.7908,
8/14/2026 4:40:00 PM,DIPC,8/14/2026 4:45:00 PM,CLUZ_CVIS,10791.3719,
8/14/2026 4:35:00 PM,DIPC,8/14/2026 4:40:00 PM,CMIN,33814.6975,
8/14/2026 4:35:00 PM,DIPC,8/14/2026 4:40:00 PM,CVIS,33037.5449,
8/14/2026 4:35:00 PM,DIPC,8/14/2026 4:40:00 PM,CLUZ,6324.6229,
8/14/2026 4:35:00 PM,DIPC,8/14/2026 4:40:00 PM,System,15093.4843,
8/14/2026 4:35:00 PM,DIPC,8/14/2026 4:40:00 PM,CLUZ_CVIS,10797.3329,
8/14/2026 4:30:00 PM,DIPC,8/14/2026 4:35:00 PM,CMIN,33844.1701,
8/14/2026 4:30:00 PM,DIPC,8/14/2026 4:35:00 PM,CVIS,33099.6897,
8/14/2026 4:30:00 PM,DIPC,8/14/2026 4:35:00 PM,CLUZ,6314.3652,
8/14/2026 4:30:00 PM,DIPC,8/14/2026 4:35:00 PM,System,15108.9823,
8/14/2026 4:30:00 PM,DIPC,8/14/2026 4:35:00 PM,CLUZ_CVIS,10806.8017,
8/14/2026 4:25:00 PM,DIPC,8/14/2026 4:30:00 PM,CMIN,32829.8848,
8/14/2026 4:25:00 PM,DIPC,8/14/2026 4:30:00 PM,CVIS,32501.0674,
8/14/2026 4:25:00 PM,DIPC,8/14/2026 4:30:00 PM,CLUZ,6308.6343,
8/14/2026 4:25:00 PM,DIPC,8/14/2026 4:30:00 PM,System,14889.7428,
8/14/2026 4:25:00 PM,DIPC,8/14/2026 4:30:00 PM,CLUZ_CVIS,10711.9988,
8/14/2026 4:20:00 PM,DIPC,8/14/2026 4:25:00 PM,CMIN,33877.5663,
8/14/2026 4:20:00 PM,DIPC,8/14/2026 4:25:00 PM,CVIS,33243.7626,
8/14/2026 4:20:00 PM,DIPC,8/14/2026 4:25:00 PM,CLUZ,6303.8816,
8/14/2026 4:20:00 PM,DIPC,8/14/2026 4:25:00 PM,System,15189.9442,
8/14/2026 4:20:00 PM,DIPC,8/14/2026 4:25:00 PM,CLUZ_CVIS,10897.4802,
8/14/2026 4:15:00 PM,DIPC,8/14/2026 4:20:00 PM,CMIN,33811.0088,
8/14/2026 4:15:00 PM,DIPC,8/14/2026 4:20:00 PM,CVIS,33062.3379,
8/14/2026 4:15:00 PM,DIPC,8/14/2026 4:20:00 PM,CLUZ,6697.8741,
8/14/2026 4:15:00 PM,DIPC,8/14/2026 4:20:00 PM,System,15428.9564,
8/14/2026 4:15:00 PM,DIPC,8/14/2026 4:20:00 PM,CLUZ_CVIS,11208.5639,
8/14/2026 2:30:00 PM,DIPC,8/14/2026 2:35:00 PM,CMIN,28830.7089,
8/14/2026 2:30:00 PM,DIPC,8/14/2026 2:35:00 PM,CVIS,27483.4378,
8/14/2026 2:30:00 PM,DIPC,8/14/2026 2:35:00 PM,CLUZ,4102.6679,
8/14/2026 2:30:00 PM,DIPC,8/14/2026 2:35:00 PM,System,12092.4943,
8/14/2026 2:30:00 PM,DIPC,8/14/2026 2:35:00 PM,CLUZ_CVIS,8315.4843,
8/14/2026 2:25:00 PM,DIPC,8/14/2026 2:30:00 PM,CMIN,30032.2598,
8/14/2026 2:25:00 PM,DIPC,8/14/2026 2:30:00 PM,CVIS,28669.2037,
8/14/2026 2:25:00 PM,DIPC,8/14/2026 2:30:00 PM,CLUZ,3482.9996,
8/14/2026 2:25:00 PM,DIPC,8/14/2026 2:30:00 PM,System,12094.2620,
8/14/2026 2:25:00 PM,DIPC,8/14/2026 2:30:00 PM,CLUZ_CVIS,8033.8818,
8/14/2026 3:40:00 PM,DIPC,8/14/2026 3:45:00 PM,CMIN,32915.6123,
8/14/2026 3:40:00 PM,DIPC,8/14/2026 3:45:00 PM,CVIS,31832.0486,
8/14/2026 3:35:00 PM,DIPC,8/14/2026 3:40:00 PM,CMIN,32873.2747,
8/14/2026 3:35:00 PM,DIPC,8/14/2026 3:40:00 PM,CVIS,31780.5031,
8/14/2026 3:35:00 PM,DIPC,8/14/2026 3:40:00 PM,CLUZ,6281,
8/14/2026 3:35:00 PM,DIPC,8/14/2026 3:40:00 PM,System,14970.5437,
8/14/2026 3:35:00 PM,DIPC,8/14/2026 3:40:00 PM,CLUZ_CVIS,10749.7268,
8/14/2026 3:40:00 PM,DIPC,8/14/2026 3:45:00 PM,CLUZ,6287.1876,
8/14/2026 3:40:00 PM,DIPC,8/14/2026 3:45:00 PM,System,14922.8469,
8/14/2026 3:40:00 PM,DIPC,8/14/2026 3:45:00 PM,CLUZ_CVIS,10720.9962,
8/14/2026 3:30:00 PM,DIPC,8/14/2026 3:35:00 PM,CMIN,32712.7757,
8/14/2026 3:30:00 PM,DIPC,8/14/2026 3:35:00 PM,CVIS,31606.2992,
8/14/2026 3:30:00 PM,DIPC,8/14/2026 3:35:00 PM,CLUZ,6281.6059,
8/14/2026 3:30:00 PM,DIPC,8/14/2026 3:35:00 PM,System,14905.9490,
8/14/2026 3:30:00 PM,DIPC,8/14/2026 3:35:00 PM,CLUZ_CVIS,10717.7671,
8/14/2026 12:00:00 PM,DIPC,8/14/2026 12:05:00 PM,CVIS,170.50,
8/14/2026 12:00:00 PM,DIPC,8/14/2026 12:05:00 PM,CLUZ,170.50,
8/14/2026 12:00:00 PM,DIPC,8/14/2026 12:05:00 PM,System,170.50,
8/14/2026 12:00:00 PM,DIPC,8/14/2026 12:05:00 PM,CLUZ_CVIS,170.50,
8/14/2026 11:55:00 AM,DIPC,8/14/2026 12:00:00 PM,CMIN,170.50,
8/14/2026 11:55:00 AM,DIPC,8/14/2026 12:00:00 PM,CVIS,170.50,
8/14/2026 11:55:00 AM,DIPC,8/14/2026 12:00:00 PM,CLUZ,170.50,
8/14/2026 11:55:00 AM,DIPC,8/14/2026 12:00:00 PM,System,170.50,
8/14/2026 11:55:00 AM,DIPC,8/14/2026 12:00:00 PM,CLUZ_CVIS,170.50,
8/14/2026 11:50:00 AM,DIPC,8/14/2026 11:55:00 AM,CMIN,32103.7266,
8/14/2026 11:50:00 AM,DIPC,8/14/2026 11:55:00 AM,CVIS,30712.6640,
8/14/2026 11:50:00 AM,DIPC,8/14/2026 11:55:00 AM,CLUZ,109.4693,
8/14/2026 11:50:00 AM,DIPC,8/14/2026 11:55:00 AM,System,10098.8567,
8/14/2026 11:50:00 AM,DIPC,8/14/2026 11:55:00 AM,CLUZ_CVIS,5635.7425,
8/14/2026 3:25:00 PM,DIPC,8/14/2026 3:30:00 PM,CMIN,32669.3870,
8/14/2026 3:25:00 PM,DIPC,8/14/2026 3:30:00 PM,CVIS,31609.5067,
8/14/2026 3:25:00 PM,DIPC,8/14/2026 3:30:00 PM,CLUZ,6282.7255,
8/14/2026 3:25:00 PM,DIPC,8/14/2026 3:30:00 PM,System,14857.5141,
8/14/2026 3:25:00 PM,DIPC,8/14/2026 3:30:00 PM,CLUZ_CVIS,10744.8823,
8/14/2026 3:20:00 PM,DIPC,8/14/2026 3:25:00 PM,CMIN,33269.8910,
8/14/2026 3:20:00 PM,DIPC,8/14/2026 3:25:00 PM,CVIS,32074.2864,
8/14/2026 3:20:00 PM,DIPC,8/14/2026 3:25:00 PM,CLUZ,5781.4327,
8/14/2026 12:20:00 PM,DIPC,8/14/2026 12:25:00 PM,CMIN,-1,
8/14/2026 12:20:00 PM,DIPC,8/14/2026 12:25:00 PM,CVIS,-1,
8/14/2026 12:20:00 PM,DIPC,8/14/2026 12:25:00 PM,CLUZ,-1,
8/14/2026 12:20:00 PM,DIPC,8/14/2026 12:25:00 PM,System,-1,
8/14/2026 12:20:00 PM,DIPC,8/14/2026 12:25:00 PM,CLUZ_CVIS,-1,
8/14/2026 12:15:00 PM,DIPC,8/14/2026 12:20:00 PM,CMIN,87.50,
8/14/2026 12:15:00 PM,DIPC,8/14/2026 12:20:00 PM,CVIS,87.50,
8/14/2026 12:15:00 PM,DIPC,8/14/2026 12:20:00 PM,CLUZ,87.50,
8/14/2026 12:15:00 PM,DIPC,8/14/2026 12:20:00 PM,System,87.50,
8/14/2026 12:15:00 PM,DIPC,8/14/2026 12:20:00 PM,CLUZ_CVIS,87.50,
8/14/2026 12:10:00 PM,DIPC,8/14/2026 12:15:00 PM,CMIN,30878.3289,
8/14/2026 12:10:00 PM,DIPC,8/14/2026 12:15:00 PM,CVIS,29435.8434,
8/14/2026 12:10:00 PM,DIPC,8/14/2026 12:15:00 PM,CLUZ,-9490.6584,
8/14/2026 12:10:00 PM,DIPC,8/14/2026 12:15:00 PM,System,3338.2226,
8/14/2026 12:10:00 PM,DIPC,8/14/2026 12:15:00 PM,CLUZ_CVIS,-2364.2036,
8/14/2026 12:05:00 PM,DIPC,8/14/2026 12:10:00 PM,CMIN,30902.0248,
8/14/2026 12:05:00 PM,DIPC,8/14/2026 12:10:00 PM,CVIS,29415.3641,
8/14/2026 12:05:00 PM,DIPC,8/14/2026 12:10:00 PM,CLUZ,-9495.6749,
8/14/2026 12:05:00 PM,DIPC,8/14/2026 12:10:00 PM,System,3222.8106,
8/14/2026 12:05:00 PM,DIPC,8/14/2026 12:10:00 PM,CLUZ_CVIS,-2438.8615,
8/14/2026 12:00:00 PM,DIPC,8/14/2026 12:05:00 PM,CMIN,170.50,
8/14/2026 3:20:00 PM,DIPC,8/14/2026 3:25:00 PM,System,14717.2348,
8/14/2026 3:20:00 PM,DIPC,8/14/2026 3:25:00 PM,CLUZ_CVIS,10410.7318,
8/14/2026 3:15:00 PM,DIPC,8/14/2026 3:20:00 PM,CMIN,30767.6713,
8/14/2026 3:15:00 PM,DIPC,8/14/2026 3:20:00 PM,CVIS,29514.2803,
8/14/2026 3:15:00 PM,DIPC,8/14/2026 3:20:00 PM,CLUZ,6272.7179,
8/14/2026 3:15:00 PM,DIPC,8/14/2026 3:20:00 PM,System,14198.1953,
8/14/2026 3:15:00 PM,DIPC,8/14/2026 3:20:00 PM,CLUZ_CVIS,10325.3256,
8/14/2026 3:10:00 PM,DIPC,8/14/2026 3:15:00 PM,CMIN,30920.3122,
8/14/2026 3:10:00 PM,DIPC,8/14/2026 3:15:00 PM,CVIS,29712.4767,
8/14/2026 3:10:00 PM,DIPC,8/14/2026 3:15:00 PM,CLUZ,4105.1749,
8/14/2026 3:10:00 PM,DIPC,8/14/2026 3:15:00 PM,System,12794.0010,
8/14/2026 3:10:00 PM,DIPC,8/14/2026 3:15:00 PM,CLUZ_CVIS,8607.6265,
8/14/2026 6:05:00 PM,DIPC,8/14/2026 6:10:00 PM,CMIN,33669.6678,
8/14/2026 6:05:00 PM,DIPC,8/14/2026 6:10:00 PM,CVIS,32556.4549,
8/14/2026 6:05:00 PM,DIPC,8/14/2026 6:10:00 PM,CLUZ,11806.8528,
8/14/2026 6:05:00 PM,DIPC,8/14/2026 6:10:00 PM,System,18540.6019,
8/14/2026 6:05:00 PM,DIPC,8/14/2026 6:10:00 PM,CLUZ_CVIS,15088.4795,
8/14/2026 6:00:00 PM,DIPC,8/14/2026 6:05:00 PM,CMIN,34000.2472,
8/14/2026 6:00:00 PM,DIPC,8/14/2026 6:05:00 PM,CVIS,33575.1369,
8/14/2026 6:00:00 PM,DIPC,8/14/2026 6:05:00 PM,CLUZ,6750.7744,
8/14/2026 6:00:00 PM,DIPC,8/14/2026 6:05:00 PM,System,15312.8634,
8/14/2026 6:00:00 PM,DIPC,8/14/2026 6:05:00 PM,CLUZ_CVIS,11008.1533,
8/14/2026 5:55:00 PM,DIPC,8/14/2026 6:00:00 PM,CMIN,34037.9257,
8/14/2026 5:55:00 PM,DIPC,8/14/2026 6:00:00 PM,CVIS,33716.6153,
8/14/2026 5:55:00 PM,DIPC,8/14/2026 6:00:00 PM,CLUZ,6779.3821,
8/14/2026 5:55:00 PM,DIPC,8/14/2026 6:00:00 PM,System,15359.1679,
8/14/2026 5:55:00 PM,DIPC,8/14/2026 6:00:00 PM,CLUZ_CVIS,11036.4085,
8/14/2026 5:50:00 PM,DIPC,8/14/2026 5:55:00 PM,CMIN,34051.2640,
8/14/2026 5:50:00 PM,DIPC,8/14/2026 5:55:00 PM,CVIS,33698.8056,
8/14/2026 5:50:00 PM,DIPC,8/14/2026 5:55:00 PM,CLUZ,6779.8604,
8/14/2026 5:50:00 PM,DIPC,8/14/2026 5:55:00 PM,System,15359.7111,
8/14/2026 5:50:00 PM,DIPC,8/14/2026 5:55:00 PM,CLUZ_CVIS,11039.3566,
8/14/2026 1:30:00 AM,DIPC,8/14/2026 1:35:00 AM,CLUZ_CVIS,4752.5030,
8/14/2026 1:25:00 AM,DIPC,8/14/2026 1:30:00 AM,CMIN,31678.2068,
8/14/2026 1:25:00 AM,DIPC,8/14/2026 1:30:00 AM,CVIS,31214.2194,
8/14/2026 1:25:00 AM,DIPC,8/14/2026 1:30:00 AM,CLUZ,3338.5013,
8/14/2026 1:25:00 AM,DIPC,8/14/2026 1:30:00 AM,System,11954.1120,
8/14/2026 1:25:00 AM,DIPC,8/14/2026 1:30:00 AM,CLUZ_CVIS,7739.8524,
8/14/2026 2:30:00 AM,DIPC,8/14/2026 2:35:00 AM,CMIN,18908.7475,
8/14/2026 2:30:00 AM,DIPC,8/14/2026 2:35:00 AM,CVIS,18567.5745,
8/14/2026 2:30:00 AM,DIPC,8/14/2026 2:35:00 AM,CLUZ,3122.1840,
8/14/2026 2:30:00 AM,DIPC,8/14/2026 2:35:00 AM,System,7839.4054,
8/14/2026 2:30:00 AM,DIPC,8/14/2026 2:35:00 AM,CLUZ_CVIS,5536.4071,
8/14/2026 2:25:00 AM,DIPC,8/14/2026 2:30:00 AM,CMIN,24509.2984,
8/14/2026 2:25:00 AM,DIPC,8/14/2026 2:30:00 AM,CVIS,24089.5257,
8/14/2026 9:25:00 AM,DIPC,8/14/2026 9:30:00 AM,CMIN,31729.3651,
8/14/2026 9:25:00 AM,DIPC,8/14/2026 9:30:00 AM,CVIS,31012.4136,
8/14/2026 9:25:00 AM,DIPC,8/14/2026 9:30:00 AM,CLUZ,87.0957,
8/14/2026 9:25:00 AM,DIPC,8/14/2026 9:30:00 AM,System,9762.8814,
8/14/2026 9:25:00 AM,DIPC,8/14/2026 9:30:00 AM,CLUZ_CVIS,5450.8988,
8/14/2026 9:20:00 AM,DIPC,8/14/2026 9:25:00 AM,CMIN,31799.5394,
8/14/2026 9:20:00 AM,DIPC,8/14/2026 9:25:00 AM,CVIS,31138.0408,
8/14/2026 9:20:00 AM,DIPC,8/14/2026 9:25:00 AM,CLUZ,98.2630,
8/14/2026 9:20:00 AM,DIPC,8/14/2026 9:25:00 AM,System,9801.7290,
8/14/2026 9:20:00 AM,DIPC,8/14/2026 9:25:00 AM,CLUZ_CVIS,5477.7363,
8/14/2026 9:15:00 AM,DIPC,8/14/2026 9:20:00 AM,CMIN,31737.8606,
8/14/2026 9:15:00 AM,DIPC,8/14/2026 9:20:00 AM,CVIS,31009.5362,
8/14/2026 9:15:00 AM,DIPC,8/14/2026 9:20:00 AM,CLUZ,170.7969,
8/14/2026 9:15:00 AM,DIPC,8/14/2026 9:20:00 AM,System,9816.8394,
8/14/2026 9:15:00 AM,DIPC,8/14/2026 9:20:00 AM,CLUZ_CVIS,5512.0671,
8/14/2026 9:10:00 AM,DIPC,8/14/2026 9:15:00 AM,CMIN,31621.6839,
8/14/2026 9:10:00 AM,DIPC,8/14/2026 9:15:00 AM,CVIS,30878.3551,
8/14/2026 9:10:00 AM,DIPC,8/14/2026 9:15:00 AM,CLUZ,782.9330,
8/14/2026 1:15:00 PM,DIPC,8/14/2026 1:20:00 PM,CMIN,32542.0099,
8/14/2026 1:15:00 PM,DIPC,8/14/2026 1:20:00 PM,CVIS,31407.1043,
8/14/2026 1:15:00 PM,DIPC,8/14/2026 1:20:00 PM,CLUZ,6288.3370,
8/14/2026 1:15:00 PM,DIPC,8/14/2026 1:20:00 PM,System,14796.6344,
8/14/2026 1:20:00 PM,DIPC,8/14/2026 1:25:00 PM,CMIN,32691.9577,
8/14/2026 1:20:00 PM,DIPC,8/14/2026 1:25:00 PM,CVIS,31576.7670,
8/14/2026 1:20:00 PM,DIPC,8/14/2026 1:25:00 PM,CLUZ,3115.2079,
8/14/2026 1:20:00 PM,DIPC,8/14/2026 1:25:00 PM,System,12772.7823,
8/14/2026 1:20:00 PM,DIPC,8/14/2026 1:25:00 PM,CLUZ_CVIS,8366.9509,
8/14/2026 1:15:00 PM,DIPC,8/14/2026 1:20:00 PM,CLUZ_CVIS,10893.4304,
8/14/2026 1:10:00 PM,DIPC,8/14/2026 1:15:00 PM,CMIN,31427.1080,
8/14/2026 1:10:00 PM,DIPC,8/14/2026 1:15:00 PM,CVIS,30095.6709,
8/14/2026 1:10:00 PM,DIPC,8/14/2026 1:15:00 PM,CLUZ,6681.7047,
8/14/2026 1:10:00 PM,DIPC,8/14/2026 1:15:00 PM,System,14660.6847,
8/14/2026 1:10:00 PM,DIPC,8/14/2026 1:15:00 PM,CLUZ_CVIS,10957.9883,
8/14/2026 7:45:00 AM,DIPC,8/14/2026 7:50:00 AM,CMIN,23847.3330,
8/14/2026 7:45:00 AM,DIPC,8/14/2026 7:50:00 AM,CVIS,23542.9224,
8/14/2026 7:45:00 AM,DIPC,8/14/2026 7:50:00 AM,CLUZ,4112.5084,
8/14/2026 7:45:00 AM,DIPC,8/14/2026 7:50:00 AM,System,9931.1497,
8/14/2026 7:45:00 AM,DIPC,8/14/2026 7:50:00 AM,CLUZ_CVIS,7234.4873,
8/14/2026 7:40:00 AM,DIPC,8/14/2026 7:45:00 AM,CMIN,21622.4930,
8/14/2026 7:40:00 AM,DIPC,8/14/2026 7:45:00 AM,CVIS,21460.5394,
8/14/2026 7:40:00 AM,DIPC,8/14/2026 7:45:00 AM,CLUZ,3366.5076,
8/14/2026 7:40:00 AM,DIPC,8/14/2026 7:45:00 AM,System,8748.0937,
8/14/2026 7:40:00 AM,DIPC,8/14/2026 7:45:00 AM,CLUZ_CVIS,6233.8574,
8/14/2026 7:35:00 AM,DIPC,8/14/2026 7:40:00 AM,CMIN,21499.9233,
8/14/2026 7:35:00 AM,DIPC,8/14/2026 7:40:00 AM,CVIS,21378.4815,
8/14/2026 7:35:00 AM,DIPC,8/14/2026 7:40:00 AM,CLUZ,3136.6511,
8/14/2026 7:35:00 AM,DIPC,8/14/2026 7:40:00 AM,System,8528.4738,
8/14/2026 7:35:00 AM,DIPC,8/14/2026 7:40:00 AM,CLUZ_CVIS,5992.7773,
8/14/2026 7:30:00 AM,DIPC,8/14/2026 7:35:00 AM,CMIN,24443.7159,
8/14/2026 7:30:00 AM,DIPC,8/14/2026 7:35:00 AM,CVIS,24391.4449,
8/14/2026 7:30:00 AM,DIPC,8/14/2026 7:35:00 AM,CLUZ,3137.0535,
8/14/2026 7:30:00 AM,DIPC,8/14/2026 7:35:00 AM,System,9372.4028,
8/14/2026 7:30:00 AM,DIPC,8/14/2026 7:35:00 AM,CLUZ_CVIS,6423.8630,
8/14/2026 7:25:00 AM,DIPC,8/14/2026 7:30:00 AM,CMIN,4226.7028,
8/14/2026 7:25:00 AM,DIPC,8/14/2026 7:30:00 AM,CVIS,4217.9663,
8/14/2026 7:25:00 AM,DIPC,8/14/2026 7:30:00 AM,CLUZ,4115.9504,
8/14/2026 7:25:00 AM,DIPC,8/14/2026 7:30:00 AM,System,4146.8457,
8/14/2026 7:25:00 AM,DIPC,8/14/2026 7:30:00 AM,CLUZ_CVIS,4131.3007,
8/14/2026 7:20:00 AM,DIPC,8/14/2026 7:25:00 AM,CMIN,4886.2320,
8/14/2026 7:20:00 AM,DIPC,8/14/2026 7:25:00 AM,CVIS,4897.5907,
8/14/2026 7:20:00 AM,DIPC,8/14/2026 7:25:00 AM,CLUZ,4777.6654,
8/14/2026 7:20:00 AM,DIPC,8/14/2026 7:25:00 AM,System,4810.7091,
8/14/2026 7:20:00 AM,DIPC,8/14/2026 7:25:00 AM,CLUZ_CVIS,4795.9054,
8/14/2026 7:15:00 AM,DIPC,8/14/2026 7:20:00 AM,CMIN,4200.90,
8/14/2026 7:15:00 AM,DIPC,8/14/2026 7:20:00 AM,CVIS,4219.8921,
8/14/2026 7:15:00 AM,DIPC,8/14/2026 7:20:00 AM,CLUZ,4115.9769,
8/14/2026 7:15:00 AM,DIPC,8/14/2026 7:20:00 AM,System,4143.0590,
8/14/2026 7:15:00 AM,DIPC,8/14/2026 7:20:00 AM,CLUZ_CVIS,4131.6368,
8/14/2026 7:10:00 AM,DIPC,8/14/2026 7:15:00 AM,CMIN,4431.1491,
8/14/2026 7:10:00 AM,DIPC,8/14/2026 7:15:00 AM,CVIS,4453.7851,
8/14/2026 7:10:00 AM,DIPC,8/14/2026 7:15:00 AM,CLUZ,4343.8882,
8/14/2026 7:10:00 AM,DIPC,8/14/2026 7:15:00 AM,System,4372.1445,
8/14/2026 7:10:00 AM,DIPC,8/14/2026 7:15:00 AM,CLUZ_CVIS,4360.4693,
8/14/2026 1:30:00 PM,DIPC,8/14/2026 1:35:00 PM,CMIN,32670.9270,
8/14/2026 1:30:00 PM,DIPC,8/14/2026 1:35:00 PM,CVIS,31469.9358,
8/14/2026 1:30:00 PM,DIPC,8/14/2026 1:35:00 PM,CLUZ,6274.1777,
8/14/2026 1:30:00 PM,DIPC,8/14/2026 1:35:00 PM,System,14870.0845,
8/14/2026 1:30:00 PM,DIPC,8/14/2026 1:35:00 PM,CLUZ_CVIS,10941.7999,
8/14/2026 1:25:00 PM,DIPC,8/14/2026 1:30:00 PM,CMIN,32575.7540,
8/14/2026 1:25:00 PM,DIPC,8/14/2026 1:30:00 PM,CVIS,31426.0088,
8/14/2026 1:25:00 PM,DIPC,8/14/2026 1:30:00 PM,CLUZ,6287.8539,
8/14/2026 1:25:00 PM,DIPC,8/14/2026 1:30:00 PM,System,14855.1221,
8/14/2026 1:25:00 PM,DIPC,8/14/2026 1:30:00 PM,CLUZ_CVIS,10942.2426,
8/14/2026 8:10:00 PM,DIPC,8/14/2026 8:15:00 PM,CMIN,32797.5147,
8/14/2026 8:10:00 PM,DIPC,8/14/2026 8:15:00 PM,CVIS,22730.2792,
8/14/2026 8:10:00 PM,DIPC,8/14/2026 8:15:00 PM,CLUZ,12353.2233,
8/14/2026 8:10:00 PM,DIPC,8/14/2026 8:15:00 PM,System,17295.2071,
8/14/2026 8:10:00 PM,DIPC,8/14/2026 8:15:00 PM,CLUZ_CVIS,13916.0558,
8/14/2026 8:05:00 PM,DIPC,8/14/2026 8:10:00 PM,CMIN,33073.7247,
8/14/2026 8:05:00 PM,DIPC,8/14/2026 8:10:00 PM,CVIS,23501.8003,
8/14/2026 8:05:00 PM,DIPC,8/14/2026 8:10:00 PM,CLUZ,12310.4907,
8/14/2026 8:05:00 PM,DIPC,8/14/2026 8:10:00 PM,System,17470.8261,
8/14/2026 8:05:00 PM,DIPC,8/14/2026 8:10:00 PM,CLUZ_CVIS,14020.9959,
8/14/2026 8:00:00 PM,DIPC,8/14/2026 8:05:00 PM,CMIN,33033.0293,
8/14/2026 8:00:00 PM,DIPC,8/14/2026 8:05:00 PM,CVIS,24462.4342,
8/14/2026 8:00:00 PM,DIPC,8/14/2026 8:05:00 PM,CLUZ,12341.4255,
8/14/2026 8:00:00 PM,DIPC,8/14/2026 8:05:00 PM,System,17527.9699,
8/14/2026 8:00:00 PM,DIPC,8/14/2026 8:05:00 PM,CLUZ_CVIS,14157.7805,
8/14/2026 6:20:00 PM,DIPC,8/14/2026 6:25:00 PM,CMIN,33812.6038,
8/14/2026 6:20:00 PM,DIPC,8/14/2026 6:25:00 PM,CVIS,30457.1858,
8/14/2026 6:20:00 PM,DIPC,8/14/2026 6:25:00 PM,CLUZ,10949.4402,
8/14/2026 6:20:00 PM,DIPC,8/14/2026 6:25:00 PM,System,17721.7940,
8/14/2026 6:20:00 PM,DIPC,8/14/2026 6:25:00 PM,CLUZ_CVIS,14031.9443,
8/14/2026 6:15:00 PM,DIPC,8/14/2026 6:20:00 PM,CMIN,33769.3775,
8/14/2026 6:15:00 PM,DIPC,8/14/2026 6:20:00 PM,CVIS,30566.4309,
8/14/2026 6:15:00 PM,DIPC,8/14/2026 6:20:00 PM,CLUZ,11807.7267,
8/14/2026 6:15:00 PM,DIPC,8/14/2026 6:20:00 PM,System,18291.8877,
8/14/2026 6:15:00 PM,DIPC,8/14/2026 6:20:00 PM,CLUZ_CVIS,14763.4105,
8/14/2026 1:45:00 AM,DIPC,8/14/2026 1:50:00 AM,CLUZ_CVIS,7364.5813,
8/14/2026 1:40:00 AM,DIPC,8/14/2026 1:45:00 AM,CMIN,31668.7460,
8/14/2026 1:40:00 AM,DIPC,8/14/2026 1:45:00 AM,CVIS,31170.6052,
8/14/2026 1:40:00 AM,DIPC,8/14/2026 1:45:00 AM,CLUZ,3152.7622,
8/14/2026 1:40:00 AM,DIPC,8/14/2026 1:45:00 AM,System,11787.9177,
8/14/2026 1:40:00 AM,DIPC,8/14/2026 1:45:00 AM,CLUZ_CVIS,7526.2380,
8/14/2026 1:35:00 AM,DIPC,8/14/2026 1:40:00 AM,CMIN,7423,
8/14/2026 1:35:00 AM,DIPC,8/14/2026 1:40:00 AM,CVIS,7423,
8/14/2026 1:35:00 AM,DIPC,8/14/2026 1:40:00 AM,CLUZ,3153.9706,
8/14/2026 1:35:00 AM,DIPC,8/14/2026 1:40:00 AM,System,4458.4487,
8/14/2026 1:35:00 AM,DIPC,8/14/2026 1:40:00 AM,CLUZ_CVIS,3822.0339,
8/14/2026 1:30:00 AM,DIPC,8/14/2026 1:35:00 AM,CMIN,7423,
8/14/2026 1:30:00 AM,DIPC,8/14/2026 1:35:00 AM,CVIS,7423,
8/14/2026 1:30:00 AM,DIPC,8/14/2026 1:35:00 AM,CLUZ,4252.3838,
8/14/2026 1:30:00 AM,DIPC,8/14/2026 1:35:00 AM,System,5220.7312,
8/14/2026 9:40:00 PM,DIPC,8/14/2026 9:45:00 PM,CMIN,32349.8847,
8/14/2026 9:40:00 PM,DIPC,8/14/2026 9:45:00 PM,CVIS,31741.9771,
8/14/2026 9:40:00 PM,DIPC,8/14/2026 9:45:00 PM,CLUZ,6314.3817,
8/14/2026 9:40:00 PM,DIPC,8/14/2026 9:45:00 PM,System,14418.7046,
8/14/2026 9:40:00 PM,DIPC,8/14/2026 9:45:00 PM,CLUZ_CVIS,10163.4307,
8/14/2026 9:35:00 PM,DIPC,8/14/2026 9:40:00 PM,CMIN,32765.3133,
8/14/2026 9:35:00 PM,DIPC,8/14/2026 9:40:00 PM,CVIS,32143.5128,
8/14/2026 9:35:00 PM,DIPC,8/14/2026 9:40:00 PM,CLUZ,6325.72,
8/14/2026 9:35:00 PM,DIPC,8/14/2026 9:40:00 PM,System,14561.0592,
8/14/2026 9:35:00 PM,DIPC,8/14/2026 9:40:00 PM,CLUZ_CVIS,10252.5962,
8/14/2026 9:30:00 PM,DIPC,8/14/2026 9:35:00 PM,CMIN,32815.5418,
8/14/2026 9:30:00 PM,DIPC,8/14/2026 9:35:00 PM,CVIS,32143.1810,
8/14/2026 9:30:00 PM,DIPC,8/14/2026 9:35:00 PM,CLUZ,6333.6453,
8/14/2026 9:30:00 PM,DIPC,8/14/2026 9:35:00 PM,System,14565.5968,
8/14/2026 9:30:00 PM,DIPC,8/14/2026 9:35:00 PM,CLUZ_CVIS,10248.3617,
8/14/2026 9:25:00 PM,DIPC,8/14/2026 9:30:00 PM,CMIN,32329.5126,
8/14/2026 9:25:00 PM,DIPC,8/14/2026 9:30:00 PM,CVIS,31786.8890,
8/14/2026 9:25:00 PM,DIPC,8/14/2026 9:30:00 PM,CLUZ,6340.1054,
8/14/2026 9:25:00 PM,DIPC,8/14/2026 9:30:00 PM,System,14437.2961,
8/14/2026 9:25:00 PM,DIPC,8/14/2026 9:30:00 PM,CLUZ_CVIS,10186.3480,
8/14/2026 9:20:00 PM,DIPC,8/14/2026 9:25:00 PM,CMIN,32320.0965,
8/14/2026 9:20:00 PM,DIPC,8/14/2026 9:25:00 PM,CVIS,31772.2175,
8/14/2026 9:20:00 PM,DIPC,8/14/2026 9:25:00 PM,CLUZ,6336.0020,
8/14/2026 9:20:00 PM,DIPC,8/14/2026 9:25:00 PM,System,14426.3307,
8/14/2026 9:20:00 PM,DIPC,8/14/2026 9:25:00 PM,CLUZ_CVIS,10180.7784,
8/14/2026 9:15:00 PM,DIPC,8/14/2026 9:20:00 PM,CMIN,32311.5846,
8/14/2026 9:15:00 PM,DIPC,8/14/2026 9:20:00 PM,CVIS,31759.2595,
8/14/2026 9:15:00 PM,DIPC,8/14/2026 9:20:00 PM,CLUZ,3595.4277,
8/14/2026 9:15:00 PM,DIPC,8/14/2026 9:20:00 PM,System,12550.3587,
8/14/2026 9:15:00 PM,DIPC,8/14/2026 9:20:00 PM,CLUZ_CVIS,7851.5625,
8/14/2026 9:10:00 PM,DIPC,8/14/2026 9:15:00 PM,CMIN,32456.1990,
8/14/2026 9:10:00 PM,DIPC,8/14/2026 9:15:00 PM,CVIS,31835.6884,
8/14/2026 9:10:00 PM,DIPC,8/14/2026 9:15:00 PM,CLUZ,6776.6953,
8/14/2026 9:10:00 PM,DIPC,8/14/2026 9:15:00 PM,System,14756.1412,
8/14/2026 9:10:00 PM,DIPC,8/14/2026 9:15:00 PM,CLUZ_CVIS,10563.6710,
8/14/2026 6:10:00 PM,DIPC,8/14/2026 6:15:00 PM,CMIN,33767.0785,
8/14/2026 6:10:00 PM,DIPC,8/14/2026 6:15:00 PM,CVIS,30036.5814,
8/14/2026 6:10:00 PM,DIPC,8/14/2026 6:15:00 PM,CLUZ,11809.9097,
8/14/2026 6:10:00 PM,DIPC,8/14/2026 6:15:00 PM,System,18235.1522,
8/14/2026 6:10:00 PM,DIPC,8/14/2026 6:15:00 PM,CLUZ_CVIS,14691.1314,
8/14/2026 10:10:00 PM,DIPC,8/14/2026 10:15:00 PM,CMIN,32314.5642,
8/14/2026 10:10:00 PM,DIPC,8/14/2026 10:15:00 PM,CVIS,31815.3997,
8/14/2026 10:10:00 PM,DIPC,8/14/2026 10:15:00 PM,CLUZ,2877.0699,
8/14/2026 10:10:00 PM,DIPC,8/14/2026 10:15:00 PM,System,12085.1671,
8/14/2026 10:10:00 PM,DIPC,8/14/2026 10:15:00 PM,CLUZ_CVIS,7242.9908,
8/14/2026 10:05:00 PM,DIPC,8/14/2026 10:10:00 PM,CMIN,32436.6675,
8/14/2026 10:05:00 PM,DIPC,8/14/2026 10:10:00 PM,CVIS,31999.6416,
8/14/2026 10:05:00 PM,DIPC,8/14/2026 10:10:00 PM,CLUZ,2876.2968,
8/14/2026 10:05:00 PM,DIPC,8/14/2026 10:10:00 PM,System,12111.6670,
8/14/2026 10:05:00 PM,DIPC,8/14/2026 10:10:00 PM,CLUZ_CVIS,7253.7487,
8/14/2026 10:00:00 PM,DIPC,8/14/2026 10:05:00 PM,CMIN,32323.8601,
8/14/2026 10:00:00 PM,DIPC,8/14/2026 10:05:00 PM,CVIS,31841.8406,
8/14/2026 10:00:00 PM,DIPC,8/14/2026 10:05:00 PM,CLUZ,3147.6662,
8/14/2026 10:00:00 PM,DIPC,8/14/2026 10:05:00 PM,System,12275.1517,
8/14/2026 10:00:00 PM,DIPC,8/14/2026 10:05:00 PM,CLUZ_CVIS,7475.9599,
8/14/2026 9:55:00 PM,DIPC,8/14/2026 10:00:00 PM,CMIN,32333.4490,
8/14/2026 9:55:00 PM,DIPC,8/14/2026 10:00:00 PM,CVIS,31834.2070,
8/14/2026 9:55:00 PM,DIPC,8/14/2026 10:00:00 PM,CLUZ,2566.6310,
8/14/2026 9:55:00 PM,DIPC,8/14/2026 10:00:00 PM,System,11874.0767,
8/14/2026 9:55:00 PM,DIPC,8/14/2026 10:00:00 PM,CLUZ_CVIS,6951.3819,
8/14/2026 9:50:00 PM,DIPC,8/14/2026 9:55:00 PM,CMIN,32346.9146,
8/14/2026 9:50:00 PM,DIPC,8/14/2026 9:55:00 PM,CVIS,31731.0260,
8/14/2026 9:50:00 PM,DIPC,8/14/2026 9:55:00 PM,CLUZ,2567.4422,
8/14/2026 9:50:00 PM,DIPC,8/14/2026 9:55:00 PM,System,11878.3671,
8/14/2026 9:50:00 PM,DIPC,8/14/2026 9:55:00 PM,CLUZ_CVIS,6990.9710,
8/14/2026 9:45:00 PM,DIPC,8/14/2026 9:50:00 PM,CMIN,32747.1488,
8/14/2026 9:45:00 PM,DIPC,8/14/2026 9:50:00 PM,CVIS,32141.1570,
8/14/2026 9:45:00 PM,DIPC,8/14/2026 9:50:00 PM,CLUZ,3153.0834,
8/14/2026 9:45:00 PM,DIPC,8/14/2026 9:50:00 PM,System,12378.9999,
8/14/2026 9:45:00 PM,DIPC,8/14/2026 9:50:00 PM,CLUZ_CVIS,7534.2054,
8/14/2026 1:55:00 AM,DIPC,8/14/2026 2:00:00 AM,CMIN,29286.3945,
8/14/2026 1:55:00 AM,DIPC,8/14/2026 2:00:00 AM,CVIS,28633.8232,
8/14/2026 1:55:00 AM,DIPC,8/14/2026 2:00:00 AM,CLUZ,3119.5887,
8/14/2026 1:55:00 AM,DIPC,8/14/2026 2:00:00 AM,System,10985.8898,
8/14/2026 1:55:00 AM,DIPC,8/14/2026 2:00:00 AM,CLUZ_CVIS,7095.8735,
8/14/2026 1:50:00 AM,DIPC,8/14/2026 1:55:00 AM,CMIN,29967.2768,
8/14/2026 1:50:00 AM,DIPC,8/14/2026 1:55:00 AM,CVIS,29342.6721,
8/14/2026 1:50:00 AM,DIPC,8/14/2026 1:55:00 AM,CLUZ,3119.9461,
8/14/2026 1:50:00 AM,DIPC,8/14/2026 1:55:00 AM,System,11205.0136,
8/14/2026 1:50:00 AM,DIPC,8/14/2026 1:55:00 AM,CLUZ_CVIS,7197.6149,
8/14/2026 1:45:00 AM,DIPC,8/14/2026 1:50:00 AM,CMIN,31478.1622,
8/14/2026 1:45:00 AM,DIPC,8/14/2026 1:50:00 AM,CVIS,30859.0819,
8/14/2026 1:45:00 AM,DIPC,8/14/2026 1:50:00 AM,CLUZ,3026.9956,
8/14/2026 1:45:00 AM,DIPC,8/14/2026 1:50:00 AM,System,11645.7163,
8/14/2026 5:15:00 PM,DIPC,8/14/2026 5:20:00 PM,CMIN,32924.7312,
8/14/2026 5:15:00 PM,DIPC,8/14/2026 5:20:00 PM,CVIS,32511.1481,
8/14/2026 5:15:00 PM,DIPC,8/14/2026 5:20:00 PM,CLUZ,6742.7769,
8/14/2026 5:15:00 PM,DIPC,8/14/2026 5:20:00 PM,System,15048.3598,
8/14/2026 5:15:00 PM,DIPC,8/14/2026 5:20:00 PM,CLUZ_CVIS,10867.2759,
8/14/2026 5:10:00 PM,DIPC,8/14/2026 5:15:00 PM,CMIN,32904.9910,
8/14/2026 5:10:00 PM,DIPC,8/14/2026 5:15:00 PM,CVIS,32487.4256,
8/14/2026 5:10:00 PM,DIPC,8/14/2026 5:15:00 PM,CLUZ,6722.7597,
8/14/2026 5:10:00 PM,DIPC,8/14/2026 5:15:00 PM,System,15033.1440,
8/14/2026 5:10:00 PM,DIPC,8/14/2026 5:15:00 PM,CLUZ_CVIS,10851.7360,
8/14/2026 5:05:00 PM,DIPC,8/14/2026 5:10:00 PM,CMIN,33009.6059,
8/14/2026 5:05:00 PM,DIPC,8/14/2026 5:10:00 PM,CVIS,32530.2719,
8/14/2026 5:05:00 PM,DIPC,8/14/2026 5:10:00 PM,CLUZ,6747.0654,
8/14/2026 5:05:00 PM,DIPC,8/14/2026 5:10:00 PM,System,15086.2646,
8/14/2026 5:05:00 PM,DIPC,8/14/2026 5:10:00 PM,CLUZ_CVIS,10894.6602,
8/14/2026 5:00:00 PM,DIPC,8/14/2026 5:05:00 PM,CMIN,32807.3163,
8/14/2026 5:00:00 PM,DIPC,8/14/2026 5:05:00 PM,CVIS,32505.5662,
8/14/2026 5:00:00 PM,DIPC,8/14/2026 5:05:00 PM,CLUZ,10972.2040,
8/14/2026 5:00:00 PM,DIPC,8/14/2026 5:05:00 PM,System,17930.6333,
8/14/2026 5:00:00 PM,DIPC,8/14/2026 5:05:00 PM,CLUZ_CVIS,14393.7459,
8/14/2026 4:55:00 PM,DIPC,8/14/2026 5:00:00 PM,CMIN,33004.9156,
8/14/2026 4:55:00 PM,DIPC,8/14/2026 5:00:00 PM,CVIS,32435.6767,
8/14/2026 4:55:00 PM,DIPC,8/14/2026 5:00:00 PM,CLUZ,6317.1726,
8/14/2026 4:55:00 PM,DIPC,8/14/2026 5:00:00 PM,System,14823.3859,
8/14/2026 4:55:00 PM,DIPC,8/14/2026 5:00:00 PM,CLUZ_CVIS,10613.5964,
8/14/2026 4:50:00 PM,DIPC,8/14/2026 4:55:00 PM,CMIN,32683.5722,
8/14/2026 4:50:00 PM,DIPC,8/14/2026 4:55:00 PM,CVIS,32317.9414,
8/14/2026 4:50:00 PM,DIPC,8/14/2026 4:55:00 PM,CLUZ,6322.30,
8/14/2026 4:50:00 PM,DIPC,8/14/2026 4:55:00 PM,System,14765.8629,
8/14/2026 4:50:00 PM,DIPC,8/14/2026 4:55:00 PM,CLUZ_CVIS,10524.7762,
8/14/2026 6:45:00 PM,DIPC,8/14/2026 6:50:00 PM,CMIN,33671.3114,
8/14/2026 6:45:00 PM,DIPC,8/14/2026 6:50:00 PM,CVIS,28611.3434,
8/14/2026 6:45:00 PM,DIPC,8/14/2026 6:50:00 PM,CLUZ,12330.8599,
8/14/2026 6:45:00 PM,DIPC,8/14/2026 6:50:00 PM,System,18293.5130,
8/14/2026 6:45:00 PM,DIPC,8/14/2026 6:50:00 PM,CLUZ_CVIS,14858.7933,
8/14/2026 6:40:00 PM,DIPC,8/14/2026 6:45:00 PM,CMIN,33702.0439,
8/14/2026 6:40:00 PM,DIPC,8/14/2026 6:45:00 PM,CVIS,30098.3564,
8/14/2026 6:40:00 PM,DIPC,8/14/2026 6:45:00 PM,CLUZ,18780.9631,
8/14/2026 6:40:00 PM,DIPC,8/14/2026 6:45:00 PM,System,22937.0409,
8/14/2026 6:40:00 PM,DIPC,8/14/2026 6:45:00 PM,CLUZ_CVIS,20537.8941,
8/14/2026 6:35:00 PM,DIPC,8/14/2026 6:40:00 PM,CMIN,33868.7569,
8/14/2026 6:35:00 PM,DIPC,8/14/2026 6:40:00 PM,CVIS,30176.7492,
8/14/2026 6:35:00 PM,DIPC,8/14/2026 6:40:00 PM,CLUZ,11806.8120,
8/14/2026 6:35:00 PM,DIPC,8/14/2026 6:40:00 PM,System,18219.6841,
8/14/2026 6:35:00 PM,DIPC,8/14/2026 6:40:00 PM,CLUZ_CVIS,14688.4466,
8/14/2026 6:30:00 PM,DIPC,8/14/2026 6:35:00 PM,CMIN,33877.5906,
8/14/2026 6:30:00 PM,DIPC,8/14/2026 6:35:00 PM,CVIS,30402.1504,
8/14/2026 6:30:00 PM,DIPC,8/14/2026 6:35:00 PM,CLUZ,11805.7181,
8/14/2026 6:30:00 PM,DIPC,8/14/2026 6:35:00 PM,System,18256.9834,
8/14/2026 6:30:00 PM,DIPC,8/14/2026 6:35:00 PM,CLUZ_CVIS,14726.2676,
8/14/2026 6:25:00 PM,DIPC,8/14/2026 6:30:00 PM,CMIN,33905.1843,
8/14/2026 6:25:00 PM,DIPC,8/14/2026 6:30:00 PM,CVIS,30935.1389,
8/14/2026 6:25:00 PM,DIPC,8/14/2026 6:30:00 PM,CLUZ,10376.1277,
8/14/2026 6:25:00 PM,DIPC,8/14/2026 6:30:00 PM,System,17369.8227,
8/14/2026 6:25:00 PM,DIPC,8/14/2026 6:30:00 PM,CLUZ_CVIS,13615.0790,
8/14/2026 3:40:00 AM,DIPC,8/14/2026 3:45:00 AM,CMIN,7423,
8/14/2026 3:40:00 AM,DIPC,8/14/2026 3:45:00 AM,CVIS,7423,
8/14/2026 3:40:00 AM,DIPC,8/14/2026 3:45:00 AM,CLUZ,3121.8206,
8/14/2026 3:40:00 AM,DIPC,8/14/2026 3:45:00 AM,System,4416.2706,
8/14/2026 3:40:00 AM,DIPC,8/14/2026 3:45:00 AM,CLUZ_CVIS,3787.8198,
8/14/2026 3:35:00 AM,DIPC,8/14/2026 3:40:00 AM,CMIN,5020.4773,
8/14/2026 3:35:00 AM,DIPC,8/14/2026 3:40:00 AM,CVIS,4966.8987,
8/14/2026 3:35:00 AM,DIPC,8/14/2026 3:40:00 AM,CLUZ,3020.4094,
8/14/2026 3:35:00 AM,DIPC,8/14/2026 3:40:00 AM,System,3616.0410,
8/14/2026 3:35:00 AM,DIPC,8/14/2026 3:40:00 AM,CLUZ_CVIS,3323.9203,
8/14/2026 3:30:00 AM,DIPC,8/14/2026 3:35:00 AM,CMIN,6005.2792,
8/14/2026 3:30:00 AM,DIPC,8/14/2026 3:35:00 AM,CVIS,5939.2591,
8/14/2026 3:30:00 AM,DIPC,8/14/2026 3:35:00 AM,CLUZ,3018.9583,
8/14/2026 3:30:00 AM,DIPC,8/14/2026 3:35:00 AM,System,3911.9275,
8/14/2026 3:30:00 AM,DIPC,8/14/2026 3:35:00 AM,CLUZ_CVIS,3474.7177,
8/14/2026 3:25:00 AM,DIPC,8/14/2026 3:30:00 AM,CMIN,6007.1508,
8/14/2026 3:25:00 AM,DIPC,8/14/2026 3:30:00 AM,CVIS,5938.7373,
8/14/2026 3:25:00 AM,DIPC,8/14/2026 3:30:00 AM,CLUZ,2882.5310,
8/14/2026 3:25:00 AM,DIPC,8/14/2026 3:30:00 AM,System,3817.8987,
8/14/2026 3:25:00 AM,DIPC,8/14/2026 3:30:00 AM,CLUZ_CVIS,3359.7863,
8/14/2026 3:20:00 AM,DIPC,8/14/2026 3:25:00 AM,CMIN,5506.4510,
8/14/2026 3:20:00 AM,DIPC,8/14/2026 3:25:00 AM,CVIS,5446.1818,
8/14/2026 3:20:00 AM,DIPC,8/14/2026 3:25:00 AM,CLUZ,2881.7763,
8/14/2026 3:20:00 AM,DIPC,8/14/2026 3:25:00 AM,System,3667.0455,
8/14/2026 3:20:00 AM,DIPC,8/14/2026 3:25:00 AM,CLUZ_CVIS,3281.8725,
8/14/2026 3:15:00 AM,DIPC,8/14/2026 3:20:00 AM,CMIN,6008.2873,
8/14/2026 3:15:00 AM,DIPC,8/14/2026 3:20:00 AM,CVIS,5939.9214,
8/14/2026 3:15:00 AM,DIPC,8/14/2026 3:20:00 AM,CLUZ,3122.5439,
8/14/2026 3:15:00 AM,DIPC,8/14/2026 3:20:00 AM,System,3982.1623,
8/14/2026 3:15:00 AM,DIPC,8/14/2026 3:20:00 AM,CLUZ_CVIS,3559.2550,
8/14/2026 3:10:00 AM,DIPC,8/14/2026 3:15:00 AM,CMIN,7423,
8/14/2026 3:10:00 AM,DIPC,8/14/2026 3:15:00 AM,CVIS,7423,
8/14/2026 3:10:00 AM,DIPC,8/14/2026 3:15:00 AM,CLUZ,3030.1501,
8/14/2026 3:10:00 AM,DIPC,8/14/2026 3:15:00 AM,System,4352.5189,
8/14/2026 3:10:00 AM,DIPC,8/14/2026 3:15:00 AM,CLUZ_CVIS,3711.1799,
8/14/2026 4:15:00 AM,DIPC,8/14/2026 4:20:00 AM,CMIN,8455.9251,
8/14/2026 4:15:00 AM,DIPC,8/14/2026 4:20:00 AM,CVIS,8350.3266,
8/14/2026 4:15:00 AM,DIPC,8/14/2026 4:20:00 AM,CLUZ,3125.7065,
8/14/2026 4:15:00 AM,DIPC,8/14/2026 4:20:00 AM,System,4706.7121,
8/14/2026 4:15:00 AM,DIPC,8/14/2026 4:20:00 AM,CLUZ_CVIS,3927.6104,
8/14/2026 4:10:00 AM,DIPC,8/14/2026 4:15:00 AM,CMIN,9166.3174,
8/14/2026 4:10:00 AM,DIPC,8/14/2026 4:15:00 AM,CVIS,9053.5039,
8/14/2026 4:10:00 AM,DIPC,8/14/2026 4:15:00 AM,CLUZ,3125.9794,
8/14/2026 4:10:00 AM,DIPC,8/14/2026 4:15:00 AM,System,4918.8048,
8/14/2026 4:10:00 AM,DIPC,8/14/2026 4:15:00 AM,CLUZ_CVIS,4037.8256,
8/14/2026 4:05:00 AM,DIPC,8/14/2026 4:10:00 AM,CMIN,5027.5377,
8/14/2026 4:05:00 AM,DIPC,8/14/2026 4:10:00 AM,CVIS,4962.9535,
8/14/2026 4:05:00 AM,DIPC,8/14/2026 4:10:00 AM,CLUZ,3244.3798,
8/14/2026 4:05:00 AM,DIPC,8/14/2026 4:10:00 AM,System,3768.7403,
8/14/2026 4:05:00 AM,DIPC,8/14/2026 4:10:00 AM,CLUZ_CVIS,3508.3974,
8/14/2026 4:00:00 AM,DIPC,8/14/2026 4:05:00 AM,CMIN,4996.1540,
8/14/2026 4:00:00 AM,DIPC,8/14/2026 4:05:00 AM,CVIS,4944.4528,
8/14/2026 4:00:00 AM,DIPC,8/14/2026 4:05:00 AM,CLUZ,3031.2944,
8/14/2026 4:00:00 AM,DIPC,8/14/2026 4:05:00 AM,System,3611.8758,
8/14/2026 4:00:00 AM,DIPC,8/14/2026 4:05:00 AM,CLUZ_CVIS,3325.1333,
8/14/2026 3:55:00 AM,DIPC,8/14/2026 4:00:00 AM,CMIN,5497.9686,
8/14/2026 3:55:00 AM,DIPC,8/14/2026 4:00:00 AM,CVIS,5444.8553,
8/14/2026 3:55:00 AM,DIPC,8/14/2026 4:00:00 AM,CLUZ,3123.2018,
8/14/2026 3:55:00 AM,DIPC,8/14/2026 4:00:00 AM,System,3829.9584,
8/14/2026 3:55:00 AM,DIPC,8/14/2026 4:00:00 AM,CLUZ_CVIS,3482.1610,
8/14/2026 3:50:00 AM,DIPC,8/14/2026 3:55:00 AM,CMIN,5498.32,
8/14/2026 3:50:00 AM,DIPC,8/14/2026 3:55:00 AM,CVIS,5444.2540,
8/14/2026 3:50:00 AM,DIPC,8/14/2026 3:55:00 AM,CLUZ,3127.8961,
8/14/2026 3:50:00 AM,DIPC,8/14/2026 3:55:00 AM,System,3832.9416,
8/14/2026 3:50:00 AM,DIPC,8/14/2026 3:55:00 AM,CLUZ_CVIS,3485.8911,
8/14/2026 3:45:00 AM,DIPC,8/14/2026 3:50:00 AM,CMIN,6001.3918,
8/14/2026 3:45:00 AM,DIPC,8/14/2026 3:50:00 AM,CVIS,5941.4517,
8/14/2026 3:45:00 AM,DIPC,8/14/2026 3:50:00 AM,CLUZ,3029.5433,
8/14/2026 3:45:00 AM,DIPC,8/14/2026 3:50:00 AM,System,3917.4754,
8/14/2026 3:45:00 AM,DIPC,8/14/2026 3:50:00 AM,CLUZ_CVIS,3480.5107,
8/14/2026 6:35:00 AM,DIPC,8/14/2026 6:40:00 AM,CMIN,4071.1668,
8/14/2026 6:35:00 AM,DIPC,8/14/2026 6:40:00 AM,CVIS,4072.2362,
8/14/2026 6:35:00 AM,DIPC,8/14/2026 6:40:00 AM,CLUZ,3114.2360,
8/14/2026 6:35:00 AM,DIPC,8/14/2026 6:40:00 AM,System,3395.3171,
8/14/2026 6:35:00 AM,DIPC,8/14/2026 6:40:00 AM,CLUZ_CVIS,3259.5809,
8/14/2026 6:30:00 AM,DIPC,8/14/2026 6:35:00 AM,CMIN,4027.6559,
8/14/2026 6:30:00 AM,DIPC,8/14/2026 6:35:00 AM,CVIS,4027.4111,
8/14/2026 6:30:00 AM,DIPC,8/14/2026 6:35:00 AM,CLUZ,3135.8008,
8/14/2026 6:30:00 AM,DIPC,8/14/2026 6:35:00 AM,System,3397.6429,
8/14/2026 6:30:00 AM,DIPC,8/14/2026 6:35:00 AM,CLUZ_CVIS,3271.0128,
8/14/2026 6:25:00 AM,DIPC,8/14/2026 6:30:00 AM,CMIN,4034.6255,
8/14/2026 6:25:00 AM,DIPC,8/14/2026 6:30:00 AM,CVIS,4024.3793,
8/14/2026 6:25:00 AM,DIPC,8/14/2026 6:30:00 AM,CLUZ,3094.0048,
8/14/2026 6:25:00 AM,DIPC,8/14/2026 6:30:00 AM,System,3371.2895,
8/14/2026 6:25:00 AM,DIPC,8/14/2026 6:30:00 AM,CLUZ_CVIS,3236.9970,
8/14/2026 6:20:00 AM,DIPC,8/14/2026 6:25:00 AM,CMIN,4970.7378,
8/14/2026 6:20:00 AM,DIPC,8/14/2026 6:25:00 AM,CVIS,4948.2025,
8/14/2026 6:20:00 AM,DIPC,8/14/2026 6:25:00 AM,CLUZ,3122.0962,
8/14/2026 6:20:00 AM,DIPC,8/14/2026 6:25:00 AM,System,3669.4258,
8/14/2026 6:20:00 AM,DIPC,8/14/2026 6:25:00 AM,CLUZ_CVIS,3405.2913,
8/14/2026 6:15:00 AM,DIPC,8/14/2026 6:20:00 AM,CMIN,9160.4019,
8/14/2026 6:15:00 AM,DIPC,8/14/2026 6:20:00 AM,CVIS,9115.2636,
8/14/2026 6:15:00 AM,DIPC,8/14/2026 6:20:00 AM,CLUZ,3094.4903,
8/14/2026 6:15:00 AM,DIPC,8/14/2026 6:20:00 AM,System,4896.9675,
8/14/2026 6:15:00 AM,DIPC,8/14/2026 6:20:00 AM,CLUZ_CVIS,4027.4752,
8/14/2026 6:10:00 AM,DIPC,8/14/2026 6:15:00 AM,CMIN,16801.0883,
8/14/2026 6:10:00 AM,DIPC,8/14/2026 6:15:00 AM,CVIS,16688.5577,
8/14/2026 6:10:00 AM,DIPC,8/14/2026 6:15:00 AM,CLUZ,3324.5377,
8/14/2026 6:10:00 AM,DIPC,8/14/2026 6:15:00 AM,System,7325.8210,
8/14/2026 6:10:00 AM,DIPC,8/14/2026 6:15:00 AM,CLUZ_CVIS,5398.8936,
8/14/2026 6:05:00 AM,DIPC,8/14/2026 6:10:00 AM,CMIN,25507.5733,
8/14/2026 6:05:00 AM,DIPC,8/14/2026 6:10:00 AM,CVIS,25265.1569,
8/14/2026 6:05:00 AM,DIPC,8/14/2026 6:10:00 AM,CLUZ,3141.8776,
8/14/2026 6:05:00 AM,DIPC,8/14/2026 6:10:00 AM,System,9801.4229,
8/14/2026 6:05:00 AM,DIPC,8/14/2026 6:10:00 AM,CLUZ_CVIS,6602.6214,
8/14/2026 7:05:00 AM,DIPC,8/14/2026 7:10:00 AM,CMIN,4201.8919,
8/14/2026 7:05:00 AM,DIPC,8/14/2026 7:10:00 AM,CVIS,4213.8822,
8/14/2026 7:05:00 AM,DIPC,8/14/2026 7:10:00 AM,CLUZ,4111.5074,
8/14/2026 7:05:00 AM,DIPC,8/14/2026 7:10:00 AM,System,4139.2153,
8/14/2026 7:05:00 AM,DIPC,8/14/2026 7:10:00 AM,CLUZ_CVIS,4126.8258,
8/14/2026 7:00:00 AM,DIPC,8/14/2026 7:05:00 AM,CMIN,3208.7117,
8/14/2026 7:00:00 AM,DIPC,8/14/2026 7:05:00 AM,CVIS,3199.2287,
8/14/2026 7:00:00 AM,DIPC,8/14/2026 7:05:00 AM,CLUZ,3128.2581,
8/14/2026 7:00:00 AM,DIPC,8/14/2026 7:05:00 AM,System,3150.2932,
8/14/2026 7:00:00 AM,DIPC,8/14/2026 7:05:00 AM,CLUZ_CVIS,3138.8296,
8/14/2026 6:55:00 AM,DIPC,8/14/2026 7:00:00 AM,CMIN,3983.0789,
8/14/2026 6:55:00 AM,DIPC,8/14/2026 7:00:00 AM,CVIS,3971.1263,
8/14/2026 6:55:00 AM,DIPC,8/14/2026 7:00:00 AM,CLUZ,3883.5292,
8/14/2026 6:55:00 AM,DIPC,8/14/2026 7:00:00 AM,System,3910.8269,
8/14/2026 6:55:00 AM,DIPC,8/14/2026 7:00:00 AM,CLUZ_CVIS,3896.5846,
8/14/2026 6:50:00 AM,DIPC,8/14/2026 6:55:00 AM,CMIN,3990.8124,
8/14/2026 6:50:00 AM,DIPC,8/14/2026 6:55:00 AM,CVIS,3979.4636,
8/14/2026 6:50:00 AM,DIPC,8/14/2026 6:55:00 AM,CLUZ,3120.59,
8/14/2026 6:50:00 AM,DIPC,8/14/2026 6:55:00 AM,System,3372.7164,
8/14/2026 6:50:00 AM,DIPC,8/14/2026 6:55:00 AM,CLUZ_CVIS,3249.4885,
8/14/2026 6:45:00 AM,DIPC,8/14/2026 6:50:00 AM,CMIN,4037.4776,
8/14/2026 6:45:00 AM,DIPC,8/14/2026 6:50:00 AM,CVIS,4032.3420,
8/14/2026 6:45:00 AM,DIPC,8/14/2026 6:50:00 AM,CLUZ,3091.3375,
8/14/2026 6:45:00 AM,DIPC,8/14/2026 6:50:00 AM,System,3367.2021,
8/14/2026 6:45:00 AM,DIPC,8/14/2026 6:50:00 AM,CLUZ_CVIS,3232.8268,
8/14/2026 6:40:00 AM,DIPC,8/14/2026 6:45:00 AM,CMIN,4000.99,
8/14/2026 6:40:00 AM,DIPC,8/14/2026 6:45:00 AM,CVIS,3998.7558,
8/14/2026 6:40:00 AM,DIPC,8/14/2026 6:45:00 AM,CLUZ,3119.8491,
8/14/2026 6:40:00 AM,DIPC,8/14/2026 6:45:00 AM,System,3377.3610,
8/14/2026 6:40:00 AM,DIPC,8/14/2026 6:45:00 AM,CLUZ_CVIS,3252.2468,
8/14/2026 11:10:00 AM,DIPC,8/14/2026 11:15:00 AM,CMIN,31765.5408,
8/14/2026 11:10:00 AM,DIPC,8/14/2026 11:15:00 AM,CVIS,30525.0265,
8/14/2026 11:10:00 AM,DIPC,8/14/2026 11:15:00 AM,CLUZ,6234.8524,
8/14/2026 11:10:00 AM,DIPC,8/14/2026 11:15:00 AM,System,14092.6456,
8/14/2026 11:10:00 AM,DIPC,8/14/2026 11:15:00 AM,CLUZ_CVIS,10543.2530,
8/14/2026 11:05:00 AM,DIPC,8/14/2026 11:10:00 AM,CMIN,32313.4504,
8/14/2026 11:05:00 AM,DIPC,8/14/2026 11:10:00 AM,CVIS,31037.2648,
8/14/2026 11:05:00 AM,DIPC,8/14/2026 11:10:00 AM,CLUZ,4079.2843,
8/14/2026 11:05:00 AM,DIPC,8/14/2026 11:10:00 AM,System,12802.1153,
8/14/2026 11:05:00 AM,DIPC,8/14/2026 11:10:00 AM,CLUZ_CVIS,8888.8454,
8/14/2026 11:00:00 AM,DIPC,8/14/2026 11:05:00 AM,CMIN,32160.1975,
8/14/2026 11:00:00 AM,DIPC,8/14/2026 11:05:00 AM,CVIS,30985.1238,
8/14/2026 11:00:00 AM,DIPC,8/14/2026 11:05:00 AM,CLUZ,4080.1256,
8/14/2026 11:00:00 AM,DIPC,8/14/2026 11:05:00 AM,System,12738.1636,
8/14/2026 11:00:00 AM,DIPC,8/14/2026 11:05:00 AM,CLUZ_CVIS,8862.5005,
8/14/2026 10:55:00 AM,DIPC,8/14/2026 11:00:00 AM,CMIN,32641.4595,
8/14/2026 10:55:00 AM,DIPC,8/14/2026 11:00:00 AM,CVIS,31576.0395,
8/14/2026 10:55:00 AM,DIPC,8/14/2026 11:00:00 AM,CLUZ,171.5859,
8/14/2026 10:55:00 AM,DIPC,8/14/2026 11:00:00 AM,System,10246.6718,
8/14/2026 10:55:00 AM,DIPC,8/14/2026 11:00:00 AM,CLUZ_CVIS,5775.0511,
8/14/2026 10:50:00 AM,DIPC,8/14/2026 10:55:00 AM,CMIN,32816.9626,
8/14/2026 10:50:00 AM,DIPC,8/14/2026 10:55:00 AM,CVIS,31685.2992,
8/14/2026 10:50:00 AM,DIPC,8/14/2026 10:55:00 AM,CLUZ,87.3751,
8/14/2026 10:50:00 AM,DIPC,8/14/2026 10:55:00 AM,System,10218.9632,
8/14/2026 10:50:00 AM,DIPC,8/14/2026 10:55:00 AM,CLUZ_CVIS,5718.8712,
8/14/2026 10:45:00 AM,DIPC,8/14/2026 10:50:00 AM,CMIN,32630.0124,
8/14/2026 10:45:00 AM,DIPC,8/14/2026 10:50:00 AM,CVIS,31566.0231,
8/14/2026 10:45:00 AM,DIPC,8/14/2026 10:50:00 AM,CLUZ,98.5804,
8/14/2026 10:45:00 AM,DIPC,8/14/2026 10:50:00 AM,System,10173.3020,
8/14/2026 10:45:00 AM,DIPC,8/14/2026 10:50:00 AM,CLUZ_CVIS,5692.9861,
8/14/2026 10:40:00 AM,DIPC,8/14/2026 10:45:00 AM,CMIN,32714.7066,
8/14/2026 10:40:00 AM,DIPC,8/14/2026 10:45:00 AM,CVIS,31610.1671,
8/14/2026 10:40:00 AM,DIPC,8/14/2026 10:45:00 AM,CLUZ,171.4402,
8/14/2026 10:40:00 AM,DIPC,8/14/2026 10:45:00 AM,System,10245.8513,
8/14/2026 10:40:00 AM,DIPC,8/14/2026 10:45:00 AM,CLUZ_CVIS,5762.1017,
8/14/2026 11:45:00 AM,DIPC,8/14/2026 11:50:00 AM,CMIN,30003.8854,
8/14/2026 11:45:00 AM,DIPC,8/14/2026 11:50:00 AM,CVIS,28682.2944,
8/14/2026 11:45:00 AM,DIPC,8/14/2026 11:50:00 AM,CLUZ,170.7205,
8/14/2026 11:45:00 AM,DIPC,8/14/2026 11:50:00 AM,System,9472.8789,
8/14/2026 11:45:00 AM,DIPC,8/14/2026 11:50:00 AM,CLUZ_CVIS,5297.5545,
8/14/2026 11:40:00 AM,DIPC,8/14/2026 11:45:00 AM,CMIN,31050.5410,
8/14/2026 11:40:00 AM,DIPC,8/14/2026 11:45:00 AM,CVIS,29818.4938,
8/14/2026 11:40:00 AM,DIPC,8/14/2026 11:45:00 AM,CLUZ,771.9253,
8/14/2026 11:40:00 AM,DIPC,8/14/2026 11:45:00 AM,System,10241.2998,
8/14/2026 11:40:00 AM,DIPC,8/14/2026 11:45:00 AM,CLUZ_CVIS,5955.0339,
8/14/2026 11:35:00 AM,DIPC,8/14/2026 11:40:00 AM,CMIN,30920.2493,
8/14/2026 11:35:00 AM,DIPC,8/14/2026 11:40:00 AM,CVIS,29553.9322,
8/14/2026 11:35:00 AM,DIPC,8/14/2026 11:40:00 AM,CLUZ,6270.6171,
8/14/2026 11:35:00 AM,DIPC,8/14/2026 11:40:00 AM,System,13835.3023,
8/14/2026 11:35:00 AM,DIPC,8/14/2026 11:40:00 AM,CLUZ_CVIS,10401.8055,
8/14/2026 11:30:00 AM,DIPC,8/14/2026 11:35:00 AM,CMIN,29959.2010,
8/14/2026 11:30:00 AM,DIPC,8/14/2026 11:35:00 AM,CVIS,28687.7247,
8/14/2026 11:30:00 AM,DIPC,8/14/2026 11:35:00 AM,CLUZ,6270.7931,
8/14/2026 11:30:00 AM,DIPC,8/14/2026 11:35:00 AM,System,13573.5347,
8/14/2026 11:30:00 AM,DIPC,8/14/2026 11:35:00 AM,CLUZ_CVIS,10257.3847,
8/14/2026 11:25:00 AM,DIPC,8/14/2026 11:30:00 AM,CMIN,32176.2639,
8/14/2026 11:25:00 AM,DIPC,8/14/2026 11:30:00 AM,CVIS,31030.0806,
8/14/2026 11:25:00 AM,DIPC,8/14/2026 11:30:00 AM,CLUZ,6270.3421,
8/14/2026 11:25:00 AM,DIPC,8/14/2026 11:30:00 AM,System,14317.5829,
8/14/2026 11:25:00 AM,DIPC,8/14/2026 11:30:00 AM,CLUZ_CVIS,10665.6546,
8/14/2026 11:20:00 AM,DIPC,8/14/2026 11:25:00 AM,CMIN,32310.7999,
8/14/2026 11:20:00 AM,DIPC,8/14/2026 11:25:00 AM,CVIS,31190.1155,
8/14/2026 11:20:00 AM,DIPC,8/14/2026 11:25:00 AM,CLUZ,6272.8975,
8/14/2026 11:20:00 AM,DIPC,8/14/2026 11:25:00 AM,System,14354.3101,
8/14/2026 11:20:00 AM,DIPC,8/14/2026 11:25:00 AM,CLUZ_CVIS,10685.7806,
8/14/2026 11:15:00 AM,DIPC,8/14/2026 11:20:00 AM,CMIN,32312.0280,
8/14/2026 11:15:00 AM,DIPC,8/14/2026 11:20:00 AM,CVIS,31159.5214,
8/14/2026 11:15:00 AM,DIPC,8/14/2026 11:20:00 AM,CLUZ,6673.8413,
8/14/2026 11:15:00 AM,DIPC,8/14/2026 11:20:00 AM,System,14596.4190,
8/14/2026 11:15:00 AM,DIPC,8/14/2026 11:20:00 AM,CLUZ_CVIS,11003.0316,
8/14/2026 12:45:00 AM,DIPC,8/14/2026 12:50:00 AM,CMIN,28835.0502,
8/14/2026 12:45:00 AM,DIPC,8/14/2026 12:50:00 AM,CVIS,28217.0785,
8/14/2026 12:45:00 AM,DIPC,8/14/2026 12:50:00 AM,CLUZ,5094.9774,
8/14/2026 12:45:00 AM,DIPC,8/14/2026 12:50:00 AM,System,12357.9257,
8/14/2026 12:45:00 AM,DIPC,8/14/2026 12:50:00 AM,CLUZ_CVIS,8692.6718,
8/14/2026 12:40:00 AM,DIPC,8/14/2026 12:45:00 AM,CMIN,29065.7688,
8/14/2026 12:40:00 AM,DIPC,8/14/2026 12:45:00 AM,CVIS,28409.0511,
8/14/2026 12:40:00 AM,DIPC,8/14/2026 12:45:00 AM,CLUZ,3151.4982,
8/14/2026 12:40:00 AM,DIPC,8/14/2026 12:45:00 AM,System,11100.2053,
8/14/2026 12:40:00 AM,DIPC,8/14/2026 12:45:00 AM,CLUZ_CVIS,7089.8818,
8/14/2026 12:35:00 AM,DIPC,8/14/2026 12:40:00 AM,CMIN,29314.2644,
8/14/2026 12:35:00 AM,DIPC,8/14/2026 12:40:00 AM,CVIS,28614.8143,
8/14/2026 12:35:00 AM,DIPC,8/14/2026 12:40:00 AM,CLUZ,4646.6723,
8/14/2026 12:35:00 AM,DIPC,8/14/2026 12:40:00 AM,System,12198.4885,
8/14/2026 12:35:00 AM,DIPC,8/14/2026 12:40:00 AM,CLUZ_CVIS,8382.5247,
8/14/2026 12:30:00 AM,DIPC,8/14/2026 12:35:00 AM,CMIN,30123.7512,
8/14/2026 12:30:00 AM,DIPC,8/14/2026 12:35:00 AM,CVIS,29395.3935,
8/14/2026 12:30:00 AM,DIPC,8/14/2026 12:35:00 AM,CLUZ,3150.3336,
8/14/2026 12:30:00 AM,DIPC,8/14/2026 12:35:00 AM,System,11423.4580,
8/14/2026 12:30:00 AM,DIPC,8/14/2026 12:35:00 AM,CLUZ_CVIS,7249.9726,
8/14/2026 12:25:00 AM,DIPC,8/14/2026 12:30:00 AM,CMIN,7423,
8/14/2026 12:25:00 AM,DIPC,8/14/2026 12:30:00 AM,CVIS,7423,
8/14/2026 12:25:00 AM,DIPC,8/14/2026 12:30:00 AM,CLUZ,3149.4337,
8/14/2026 12:25:00 AM,DIPC,8/14/2026 12:30:00 AM,System,4479.7868,
8/14/2026 12:25:00 AM,DIPC,8/14/2026 12:30:00 AM,CLUZ_CVIS,3818.4158,
8/14/2026 12:20:00 AM,DIPC,8/14/2026 12:25:00 AM,CMIN,7423,
8/14/2026 12:20:00 AM,DIPC,8/14/2026 12:25:00 AM,CVIS,7423,
8/14/2026 12:20:00 AM,DIPC,8/14/2026 12:25:00 AM,CLUZ,5662.7941,
8/14/2026 12:20:00 AM,DIPC,8/14/2026 12:25:00 AM,System,6208.6920,
8/14/2026 12:20:00 AM,DIPC,8/14/2026 12:25:00 AM,CLUZ_CVIS,5939.8286,
8/14/2026 12:15:00 AM,DIPC,8/14/2026 12:20:00 AM,CMIN,29091.8873,
8/14/2026 12:15:00 AM,DIPC,8/14/2026 12:20:00 AM,CVIS,28328.2720,
8/14/2026 12:15:00 AM,DIPC,8/14/2026 12:20:00 AM,CLUZ,6333.0909,
8/14/2026 12:15:00 AM,DIPC,8/14/2026 12:20:00 AM,System,13328.4998,
8/14/2026 12:15:00 AM,DIPC,8/14/2026 12:20:00 AM,CLUZ_CVIS,9799.4404,
8/14/2026 1:20:00 AM,DIPC,8/14/2026 1:25:00 AM,CMIN,31702.4163,
8/14/2026 1:20:00 AM,DIPC,8/14/2026 1:25:00 AM,CVIS,31200.3439,
8/14/2026 1:20:00 AM,DIPC,8/14/2026 1:25:00 AM,CLUZ,4652.3332,
8/14/2026 1:20:00 AM,DIPC,8/14/2026 1:25:00 AM,System,12866.7536,
8/14/2026 1:20:00 AM,DIPC,8/14/2026 1:25:00 AM,CLUZ_CVIS,8822.3830,
8/14/2026 1:15:00 AM,DIPC,8/14/2026 1:20:00 AM,CMIN,31767.1989,
8/14/2026 1:15:00 AM,DIPC,8/14/2026 1:20:00 AM,CVIS,31226.7453,
8/14/2026 1:15:00 AM,DIPC,8/14/2026 1:20:00 AM,CLUZ,4652.74,
8/14/2026 1:15:00 AM,DIPC,8/14/2026 1:20:00 AM,System,12890.3059,
8/14/2026 1:15:00 AM,DIPC,8/14/2026 1:20:00 AM,CLUZ_CVIS,8803.4515,
8/14/2026 1:10:00 AM,DIPC,8/14/2026 1:15:00 AM,CMIN,29238.9813,
8/14/2026 1:10:00 AM,DIPC,8/14/2026 1:15:00 AM,CVIS,28687.5103,
8/14/2026 1:10:00 AM,DIPC,8/14/2026 1:15:00 AM,CLUZ,5094.5257,
8/14/2026 1:10:00 AM,DIPC,8/14/2026 1:15:00 AM,System,12413.1666,
8/14/2026 1:10:00 AM,DIPC,8/14/2026 1:15:00 AM,CLUZ_CVIS,8725.6328,
8/14/2026 1:05:00 AM,DIPC,8/14/2026 1:10:00 AM,CMIN,30300.3919,
8/14/2026 1:05:00 AM,DIPC,8/14/2026 1:10:00 AM,CVIS,29706.1042,
8/14/2026 1:05:00 AM,DIPC,8/14/2026 1:10:00 AM,CLUZ,5569.6376,
8/14/2026 1:05:00 AM,DIPC,8/14/2026 1:10:00 AM,System,13077.4306,
8/14/2026 1:05:00 AM,DIPC,8/14/2026 1:10:00 AM,CLUZ_CVIS,9275.0170,
8/14/2026 1:00:00 AM,DIPC,8/14/2026 1:05:00 AM,CMIN,7423,
8/14/2026 1:00:00 AM,DIPC,8/14/2026 1:05:00 AM,CVIS,7423,
8/14/2026 1:00:00 AM,DIPC,8/14/2026 1:05:00 AM,CLUZ,6331.5654,
8/14/2026 1:00:00 AM,DIPC,8/14/2026 1:05:00 AM,System,6666.3855,
8/14/2026 1:00:00 AM,DIPC,8/14/2026 1:05:00 AM,CLUZ_CVIS,6498.9608,
8/14/2026 12:55:00 AM,DIPC,8/14/2026 1:00:00 AM,CMIN,7423,
8/14/2026 12:55:00 AM,DIPC,8/14/2026 1:00:00 AM,CVIS,7423,
8/14/2026 12:55:00 AM,DIPC,8/14/2026 1:00:00 AM,CLUZ,3153.0082,
8/14/2026 12:55:00 AM,DIPC,8/14/2026 1:00:00 AM,System,4474.7579,
8/14/2026 12:55:00 AM,DIPC,8/14/2026 1:00:00 AM,CLUZ_CVIS,3818.7996,
8/14/2026 12:50:00 AM,DIPC,8/14/2026 12:55:00 AM,CMIN,28807.3991,
8/14/2026 12:50:00 AM,DIPC,8/14/2026 12:55:00 AM,CVIS,28187.4056,
8/14/2026 12:50:00 AM,DIPC,8/14/2026 12:55:00 AM,CLUZ,3120.0286,
8/14/2026 12:50:00 AM,DIPC,8/14/2026 12:55:00 AM,System,10994.06,
8/14/2026 12:50:00 AM,DIPC,8/14/2026 12:55:00 AM,CLUZ_CVIS,7029.2811,
8/14/2026 7:20:00 PM,DIPC,8/14/2026 7:25:00 PM,CMIN,32520.8404,
8/14/2026 7:20:00 PM,DIPC,8/14/2026 7:25:00 PM,CVIS,25689.0972,
8/14/2026 7:20:00 PM,DIPC,8/14/2026 7:25:00 PM,CLUZ,12328.8116,
8/14/2026 7:20:00 PM,DIPC,8/14/2026 7:25:00 PM,System,17495.7257,
8/14/2026 7:20:00 PM,DIPC,8/14/2026 7:25:00 PM,CLUZ_CVIS,14302.3448,
8/14/2026 7:15:00 PM,DIPC,8/14/2026 7:20:00 PM,CMIN,32512.4573,
8/14/2026 7:15:00 PM,DIPC,8/14/2026 7:20:00 PM,CVIS,26399.0299,
8/14/2026 7:15:00 PM,DIPC,8/14/2026 7:20:00 PM,CLUZ,12326.9140,
8/14/2026 7:15:00 PM,DIPC,8/14/2026 7:20:00 PM,System,17577.1455,
8/14/2026 7:15:00 PM,DIPC,8/14/2026 7:20:00 PM,CLUZ_CVIS,14400.2830,
8/14/2026 7:10:00 PM,DIPC,8/14/2026 7:15:00 PM,CMIN,32496.1540,
8/14/2026 7:10:00 PM,DIPC,8/14/2026 7:15:00 PM,CVIS,26420.0268,
8/14/2026 7:10:00 PM,DIPC,8/14/2026 7:15:00 PM,CLUZ,12330.0325,
8/14/2026 7:10:00 PM,DIPC,8/14/2026 7:15:00 PM,System,17559.2024,
8/14/2026 7:10:00 PM,DIPC,8/14/2026 7:15:00 PM,CLUZ_CVIS,14394.5897,
8/14/2026 12:10:00 AM,DIPC,8/14/2026 12:15:00 AM,CMIN,29133.0405,
8/14/2026 12:10:00 AM,DIPC,8/14/2026 12:15:00 AM,CVIS,28366.6848,
8/14/2026 12:10:00 AM,DIPC,8/14/2026 12:15:00 AM,CLUZ,6763.9301,
8/14/2026 12:10:00 AM,DIPC,8/14/2026 12:15:00 AM,System,13629.0382,
8/14/2026 12:10:00 AM,DIPC,8/14/2026 12:15:00 AM,CLUZ_CVIS,10171.8228,
8/14/2026 12:05:00 AM,DIPC,8/14/2026 12:10:00 AM,CMIN,31064.1586,
8/14/2026 12:05:00 AM,DIPC,8/14/2026 12:10:00 AM,CVIS,30324.3704,
8/14/2026 12:05:00 AM,DIPC,8/14/2026 12:10:00 AM,CLUZ,6339.9299,
8/14/2026 12:05:00 AM,DIPC,8/14/2026 12:10:00 AM,System,14073.1223,
8/14/2026 12:05:00 AM,DIPC,8/14/2026 12:10:00 AM,CLUZ_CVIS,10174.9586,
8/14/2026,DIPC,8/14/2026 12:05:00 AM,CMIN,30092.8639,
8/14/2026,DIPC,8/14/2026 12:05:00 AM,CVIS,29384.6514,
8/14/2026,DIPC,8/14/2026 12:05:00 AM,CLUZ,6764.4628,
8/14/2026,DIPC,8/14/2026 12:05:00 AM,System,14029.2417,
8/14/2026,DIPC,8/14/2026 12:05:00 AM,CLUZ_CVIS,10385.0221,
8/14/2026 2:45:00 AM,DIPC,8/14/2026 2:50:00 AM,CVIS,4950.5154,
8/14/2026 2:45:00 AM,DIPC,8/14/2026 2:50:00 AM,CLUZ,3250.5731,
8/14/2026 2:45:00 AM,DIPC,8/14/2026 2:50:00 AM,System,3772.9850,
8/14/2026 2:45:00 AM,DIPC,8/14/2026 2:50:00 AM,CLUZ_CVIS,3513.6990,
8/14/2026 2:40:00 AM,DIPC,8/14/2026 2:45:00 AM,CMIN,6024.7591,
8/14/2026 2:40:00 AM,DIPC,8/14/2026 2:45:00 AM,CVIS,5933.1443,
8/14/2026 2:40:00 AM,DIPC,8/14/2026 2:45:00 AM,CLUZ,3133.4053,
8/14/2026 2:40:00 AM,DIPC,8/14/2026 2:45:00 AM,System,3990.5140,
8/14/2026 2:40:00 AM,DIPC,8/14/2026 2:45:00 AM,CLUZ_CVIS,3567.0228,
8/14/2026 2:35:00 AM,DIPC,8/14/2026 2:40:00 AM,CMIN,7423,
8/14/2026 2:35:00 AM,DIPC,8/14/2026 2:40:00 AM,CVIS,7423,
8/14/2026 2:35:00 AM,DIPC,8/14/2026 2:40:00 AM,CLUZ,3122.5602,
8/14/2026 2:35:00 AM,DIPC,8/14/2026 2:40:00 AM,System,4414.8381,
8/14/2026 2:35:00 AM,DIPC,8/14/2026 2:40:00 AM,CLUZ_CVIS,3788.5985,
8/14/2026 2:00:00 PM,DIPC,8/14/2026 2:05:00 PM,CMIN,32259.0270,
8/14/2026 2:00:00 PM,DIPC,8/14/2026 2:05:00 PM,CVIS,30783.6612,
8/14/2026 2:00:00 PM,DIPC,8/14/2026 2:05:00 PM,CLUZ,2549.0762,
8/14/2026 2:00:00 PM,DIPC,8/14/2026 2:05:00 PM,System,12234.1227,
8/14/2026 2:00:00 PM,DIPC,8/14/2026 2:05:00 PM,CLUZ_CVIS,7679.6503,
8/14/2026 1:55:00 PM,DIPC,8/14/2026 2:00:00 PM,CMIN,32318.2440,
8/14/2026 1:55:00 PM,DIPC,8/14/2026 2:00:00 PM,CVIS,30994.8434,
8/14/2026 1:55:00 PM,DIPC,8/14/2026 2:00:00 PM,CLUZ,4780.5770,
8/14/2026 1:55:00 PM,DIPC,8/14/2026 2:00:00 PM,System,13768.7922,
8/14/2026 1:55:00 PM,DIPC,8/14/2026 2:00:00 PM,CLUZ_CVIS,9573.1920,
8/14/2026 1:50:00 PM,DIPC,8/14/2026 1:55:00 PM,CMIN,32036.5103,
8/14/2026 1:50:00 PM,DIPC,8/14/2026 1:55:00 PM,CVIS,30758.2796,
8/14/2026 1:50:00 PM,DIPC,8/14/2026 1:55:00 PM,CLUZ,4093.7842,
8/14/2026 1:50:00 PM,DIPC,8/14/2026 1:55:00 PM,System,13221.2518,
8/14/2026 1:50:00 PM,DIPC,8/14/2026 1:55:00 PM,CLUZ_CVIS,8973.8565,
8/14/2026 1:45:00 PM,DIPC,8/14/2026 1:50:00 PM,CMIN,32322.2762,
8/14/2026 1:45:00 PM,DIPC,8/14/2026 1:50:00 PM,CVIS,31125.7546,
8/14/2026 1:45:00 PM,DIPC,8/14/2026 1:50:00 PM,CLUZ,6270.0423,
8/14/2026 1:45:00 PM,DIPC,8/14/2026 1:50:00 PM,System,14778.9653,
8/14/2026 1:45:00 PM,DIPC,8/14/2026 1:50:00 PM,CLUZ_CVIS,10824.3406,
8/14/2026 1:40:00 PM,DIPC,8/14/2026 1:45:00 PM,CMIN,32622.1344,
8/14/2026 1:40:00 PM,DIPC,8/14/2026 1:45:00 PM,CVIS,31405.5221,
8/14/2026 1:40:00 PM,DIPC,8/14/2026 1:45:00 PM,CLUZ,6693.8685,
8/14/2026 1:40:00 PM,DIPC,8/14/2026 1:45:00 PM,System,15177.3063,
8/14/2026 1:40:00 PM,DIPC,8/14/2026 1:45:00 PM,CLUZ_CVIS,11236.9302,
8/14/2026 1:35:00 PM,DIPC,8/14/2026 1:40:00 PM,CMIN,31018.7390,
8/14/2026 1:35:00 PM,DIPC,8/14/2026 1:40:00 PM,CVIS,29696.8123,
8/14/2026 1:35:00 PM,DIPC,8/14/2026 1:40:00 PM,CLUZ,4088.5543,
8/14/2026 1:35:00 PM,DIPC,8/14/2026 1:40:00 PM,System,12877.0814,
8/14/2026 1:35:00 PM,DIPC,8/14/2026 1:40:00 PM,CLUZ_CVIS,8818.30,
8/14/2026 6:50:00 PM,DIPC,8/14/2026 6:55:00 PM,CLUZ,12330.9234,
8/14/2026 6:50:00 PM,DIPC,8/14/2026 6:55:00 PM,System,18155.4575,
8/14/2026 6:50:00 PM,DIPC,8/14/2026 6:55:00 PM,CLUZ_CVIS,14686.0412,
8/14/2026 2:25:00 AM,DIPC,8/14/2026 2:30:00 AM,CLUZ,2882.7390,
8/14/2026 2:25:00 AM,DIPC,8/14/2026 2:30:00 AM,System,9360.5026,
8/14/2026 2:25:00 AM,DIPC,8/14/2026 2:30:00 AM,CLUZ_CVIS,6202.2582,
8/14/2026 2:20:00 AM,DIPC,8/14/2026 2:25:00 AM,CMIN,25054.8026,
8/14/2026 2:20:00 AM,DIPC,8/14/2026 2:25:00 AM,CVIS,24604.7677,
8/14/2026 2:20:00 AM,DIPC,8/14/2026 2:25:00 AM,CLUZ,3144.3609,
8/14/2026 2:15:00 AM,DIPC,8/14/2026 2:20:00 AM,CMIN,26827.8868,
8/14/2026 2:15:00 AM,DIPC,8/14/2026 2:20:00 AM,CVIS,26301.7459,
8/14/2026 2:15:00 AM,DIPC,8/14/2026 2:20:00 AM,CLUZ,3144.8732,
8/14/2026 2:15:00 AM,DIPC,8/14/2026 2:20:00 AM,System,10232.6922,
8/14/2026 2:15:00 AM,DIPC,8/14/2026 2:20:00 AM,CLUZ_CVIS,6772.5257,
8/14/2026 2:20:00 AM,DIPC,8/14/2026 2:25:00 AM,System,9696.1785,
8/14/2026 2:20:00 AM,DIPC,8/14/2026 2:25:00 AM,CLUZ_CVIS,6502.4097,
8/14/2026 2:10:00 AM,DIPC,8/14/2026 2:15:00 AM,CMIN,25079.4987,
8/14/2026 2:10:00 AM,DIPC,8/14/2026 2:15:00 AM,CVIS,24585.5162,
8/14/2026 2:10:00 AM,DIPC,8/14/2026 2:15:00 AM,CLUZ,3146.4321,
8/14/2026 2:10:00 AM,DIPC,8/14/2026 2:15:00 AM,System,9712.3905,
8/14/2026 2:10:00 AM,DIPC,8/14/2026 2:15:00 AM,CLUZ_CVIS,6502.0941,
8/14/2026 7:05:00 PM,DIPC,8/14/2026 7:10:00 PM,CMIN,32709.3454,
8/14/2026 7:05:00 PM,DIPC,8/14/2026 7:10:00 PM,CVIS,24757.5733,
8/14/2026 7:05:00 PM,DIPC,8/14/2026 7:10:00 PM,CLUZ,12332.2129,
8/14/2026 7:05:00 PM,DIPC,8/14/2026 7:10:00 PM,System,17418.3226,
8/14/2026 7:05:00 PM,DIPC,8/14/2026 7:10:00 PM,CLUZ_CVIS,14168.6127,
8/14/2026 7:00:00 PM,DIPC,8/14/2026 7:05:00 PM,CMIN,32794.3183,
8/14/2026 7:00:00 PM,DIPC,8/14/2026 7:05:00 PM,CVIS,24220.2744,
8/14/2026 7:00:00 PM,DIPC,8/14/2026 7:05:00 PM,CLUZ,12329.5265,
8/14/2026 7:00:00 PM,DIPC,8/14/2026 7:05:00 PM,System,17364.7616,
8/14/2026 7:00:00 PM,DIPC,8/14/2026 7:05:00 PM,CLUZ_CVIS,14092.3294,
8/14/2026 6:55:00 PM,DIPC,8/14/2026 7:00:00 PM,CMIN,33135.0501,
8/14/2026 6:55:00 PM,DIPC,8/14/2026 7:00:00 PM,CVIS,26831.3438,
8/14/2026 6:55:00 PM,DIPC,8/14/2026 7:00:00 PM,CLUZ,12327.9347,
8/14/2026 6:55:00 PM,DIPC,8/14/2026 7:00:00 PM,System,17859.4065,
8/14/2026 6:55:00 PM,DIPC,8/14/2026 7:00:00 PM,CLUZ_CVIS,14518.8013,
8/14/2026 6:50:00 PM,DIPC,8/14/2026 6:55:00 PM,CMIN,33663.2289,
8/14/2026 6:50:00 PM,DIPC,8/14/2026 6:55:00 PM,CVIS,27580.3039,
8/14/2026 4:10:00 PM,DIPC,8/14/2026 4:15:00 PM,CMIN,32941.8763,
8/14/2026 4:10:00 PM,DIPC,8/14/2026 4:15:00 PM,CVIS,32061.5806,
8/14/2026 4:10:00 PM,DIPC,8/14/2026 4:15:00 PM,CLUZ,6280.9519,
8/14/2026 4:10:00 PM,DIPC,8/14/2026 4:15:00 PM,System,14885.0052,
8/14/2026 4:10:00 PM,DIPC,8/14/2026 4:15:00 PM,CLUZ_CVIS,10564.2758,
8/14/2026 4:05:00 PM,DIPC,8/14/2026 4:10:00 PM,CMIN,33036.6078,
8/14/2026 4:05:00 PM,DIPC,8/14/2026 4:10:00 PM,CVIS,32159.8825,
8/14/2026 4:05:00 PM,DIPC,8/14/2026 4:10:00 PM,CLUZ,6272.9306,
8/14/2026 4:05:00 PM,DIPC,8/14/2026 4:10:00 PM,System,14923.9721,
8/14/2026 4:05:00 PM,DIPC,8/14/2026 4:10:00 PM,CLUZ_CVIS,10616.9941,
8/14/2026 4:00:00 PM,DIPC,8/14/2026 4:05:00 PM,CMIN,33673.0857,
8/14/2026 4:00:00 PM,DIPC,8/14/2026 4:05:00 PM,CVIS,32616.0881,
8/14/2026 4:00:00 PM,DIPC,8/14/2026 4:05:00 PM,CLUZ,6272.5908,
8/14/2026 4:00:00 PM,DIPC,8/14/2026 4:05:00 PM,System,15097.7303,
8/14/2026 4:00:00 PM,DIPC,8/14/2026 4:05:00 PM,CLUZ_CVIS,10846.8089,
8/14/2026 3:55:00 PM,DIPC,8/14/2026 4:00:00 PM,CMIN,33645.9356,
8/14/2026 3:55:00 PM,DIPC,8/14/2026 4:00:00 PM,CVIS,32480.0415,
8/14/2026 3:55:00 PM,DIPC,8/14/2026 4:00:00 PM,CLUZ,6268.4028,
8/14/2026 3:55:00 PM,DIPC,8/14/2026 4:00:00 PM,System,15126.1886,
8/14/2026 3:55:00 PM,DIPC,8/14/2026 4:00:00 PM,CLUZ_CVIS,10887.7978,
8/14/2026 3:50:00 PM,DIPC,8/14/2026 3:55:00 PM,CMIN,33656.2955,
8/14/2026 3:50:00 PM,DIPC,8/14/2026 3:55:00 PM,CVIS,32440.3670,
8/14/2026 3:50:00 PM,DIPC,8/14/2026 3:55:00 PM,CLUZ,6273.2503,
8/14/2026 3:50:00 PM,DIPC,8/14/2026 3:55:00 PM,System,15114.7736,
8/14/2026 3:50:00 PM,DIPC,8/14/2026 3:55:00 PM,CLUZ_CVIS,10887.5448,
8/14/2026 3:45:00 PM,DIPC,8/14/2026 3:50:00 PM,CMIN,33252.6432,
8/14/2026 3:45:00 PM,DIPC,8/14/2026 3:50:00 PM,CVIS,32174.5502,
8/14/2026 3:45:00 PM,DIPC,8/14/2026 3:50:00 PM,CLUZ,6287.4763,
8/14/2026 3:45:00 PM,DIPC,8/14/2026 3:50:00 PM,System,15042.0539,
8/14/2026 3:45:00 PM,DIPC,8/14/2026 3:50:00 PM,CLUZ_CVIS,10835.3923,
8/14/2026 2:05:00 AM,DIPC,8/14/2026 2:10:00 AM,CMIN,25196.7813,
8/14/2026 2:05:00 AM,DIPC,8/14/2026 2:10:00 AM,CVIS,24638.0359,
8/14/2026 2:05:00 AM,DIPC,8/14/2026 2:10:00 AM,CLUZ,3119.8254,
8/14/2026 2:05:00 AM,DIPC,8/14/2026 2:10:00 AM,System,9731.2989,
8/14/2026 2:05:00 AM,DIPC,8/14/2026 2:10:00 AM,CLUZ_CVIS,6492.4739,
8/14/2026 2:00:00 AM,DIPC,8/14/2026 2:05:00 AM,CMIN,28120.1210,
8/14/2026 2:00:00 AM,DIPC,8/14/2026 2:05:00 AM,CVIS,27455.8534,
8/14/2026 2:00:00 AM,DIPC,8/14/2026 2:05:00 AM,CLUZ,4762.4253,
8/14/2026 2:00:00 AM,DIPC,8/14/2026 2:05:00 AM,System,11759.7533,
8/14/2026 2:00:00 AM,DIPC,8/14/2026 2:05:00 AM,CLUZ_CVIS,8319.8394,
8/14/2026 3:05:00 AM,DIPC,8/14/2026 3:10:00 AM,CMIN,17306.7103,
8/14/2026 3:05:00 AM,DIPC,8/14/2026 3:10:00 AM,CVIS,17095.7883,
8/14/2026 3:05:00 AM,DIPC,8/14/2026 3:10:00 AM,CLUZ,2881.4894,
8/14/2026 3:05:00 AM,DIPC,8/14/2026 3:10:00 AM,System,7195.6034,
8/14/2026 3:05:00 AM,DIPC,8/14/2026 3:10:00 AM,CLUZ_CVIS,5087.0020,
8/14/2026 3:00:00 AM,DIPC,8/14/2026 3:05:00 AM,CMIN,28559.6944,
8/14/2026 3:00:00 AM,DIPC,8/14/2026 3:05:00 AM,CVIS,28164.3217,
8/14/2026 3:00:00 AM,DIPC,8/14/2026 3:05:00 AM,CLUZ,2882.7119,
8/14/2026 3:00:00 AM,DIPC,8/14/2026 3:05:00 AM,System,10579.2704,
8/14/2026 3:00:00 AM,DIPC,8/14/2026 3:05:00 AM,CLUZ_CVIS,6841.8404,
8/14/2026 2:55:00 AM,DIPC,8/14/2026 3:00:00 AM,CMIN,5029.1757,
8/14/2026 2:55:00 AM,DIPC,8/14/2026 3:00:00 AM,CVIS,4952.1699,
8/14/2026 2:55:00 AM,DIPC,8/14/2026 3:00:00 AM,CLUZ,2883.6522,
8/14/2026 2:55:00 AM,DIPC,8/14/2026 3:00:00 AM,System,3519.2276,
8/14/2026 2:55:00 AM,DIPC,8/14/2026 3:00:00 AM,CLUZ_CVIS,3205.9755,
8/14/2026 2:50:00 AM,DIPC,8/14/2026 2:55:00 AM,CMIN,5025.3101,
8/14/2026 2:50:00 AM,DIPC,8/14/2026 2:55:00 AM,CVIS,4950.16,
8/14/2026 2:50:00 AM,DIPC,8/14/2026 2:55:00 AM,CLUZ,3134.5587,
8/14/2026 2:50:00 AM,DIPC,8/14/2026 2:55:00 AM,System,3692.29,
8/14/2026 2:50:00 AM,DIPC,8/14/2026 2:55:00 AM,CLUZ_CVIS,3416.1533,
8/14/2026 2:45:00 AM,DIPC,8/14/2026 2:50:00 AM,CMIN,5023.9906,
8/14/2026 9:10:00 AM,DIPC,8/14/2026 9:15:00 AM,System,10195.3573,
8/14/2026 9:10:00 AM,DIPC,8/14/2026 9:15:00 AM,CLUZ_CVIS,6010.4826,
8/14/2026 9:05:00 AM,DIPC,8/14/2026 9:10:00 AM,CMIN,31575.4068,
8/14/2026 9:05:00 AM,DIPC,8/14/2026 9:10:00 AM,CVIS,30826.7481,
8/14/2026 9:05:00 AM,DIPC,8/14/2026 9:10:00 AM,CLUZ,1353.7042,
8/14/2026 9:05:00 AM,DIPC,8/14/2026 9:10:00 AM,System,10567.5771,
8/14/2026 9:05:00 AM,DIPC,8/14/2026 9:10:00 AM,CLUZ_CVIS,6468.0903,
8/14/2026 9:00:00 AM,DIPC,8/14/2026 9:05:00 AM,CMIN,29532.7591,
8/14/2026 9:00:00 AM,DIPC,8/14/2026 9:05:00 AM,CVIS,28810.0915,
8/14/2026 9:00:00 AM,DIPC,8/14/2026 9:05:00 AM,CLUZ,170.1128,
8/14/2026 9:00:00 AM,DIPC,8/14/2026 9:05:00 AM,System,9147.3918,
8/14/2026 9:00:00 AM,DIPC,8/14/2026 9:05:00 AM,CLUZ_CVIS,5187.2682,
8/14/2026 8:55:00 AM,DIPC,8/14/2026 9:00:00 AM,CMIN,31873.9019,
8/14/2026 8:55:00 AM,DIPC,8/14/2026 9:00:00 AM,CVIS,31259.9120,
8/14/2026 8:55:00 AM,DIPC,8/14/2026 9:00:00 AM,CLUZ,3375.9738,
8/14/2026 8:55:00 AM,DIPC,8/14/2026 9:00:00 AM,System,12068.3728,
8/14/2026 8:55:00 AM,DIPC,8/14/2026 9:00:00 AM,CLUZ_CVIS,8229.1012,
8/14/2026 1:05:00 PM,DIPC,8/14/2026 1:10:00 PM,CMIN,32286.8083,
8/14/2026 1:05:00 PM,DIPC,8/14/2026 1:10:00 PM,CVIS,31098.7172,
8/14/2026 1:05:00 PM,DIPC,8/14/2026 1:10:00 PM,CLUZ,6268.5904,
8/14/2026 1:05:00 PM,DIPC,8/14/2026 1:10:00 PM,System,14657.6146,
8/14/2026 1:05:00 PM,DIPC,8/14/2026 1:10:00 PM,CLUZ_CVIS,10816.5625,
8/14/2026 1:00:00 PM,DIPC,8/14/2026 1:05:00 PM,CMIN,31227.2438,
8/14/2026 1:00:00 PM,DIPC,8/14/2026 1:05:00 PM,CVIS,29988.6225,
8/14/2026 1:00:00 PM,DIPC,8/14/2026 1:05:00 PM,CLUZ,6675.1138,
8/14/2026 1:00:00 PM,DIPC,8/14/2026 1:05:00 PM,System,14539.5019,
8/14/2026 1:00:00 PM,DIPC,8/14/2026 1:05:00 PM,CLUZ_CVIS,10915.1073,
8/14/2026 4:50:00 AM,DIPC,8/14/2026 4:55:00 AM,CMIN,8466.5906,
8/14/2026 4:50:00 AM,DIPC,8/14/2026 4:55:00 AM,CVIS,8347.3526,
8/14/2026 4:50:00 AM,DIPC,8/14/2026 4:55:00 AM,CLUZ,3246.46,
8/14/2026 4:50:00 AM,DIPC,8/14/2026 4:55:00 AM,System,4784.5902,
8/14/2026 4:50:00 AM,DIPC,8/14/2026 4:55:00 AM,CLUZ_CVIS,4024.1840,
8/14/2026 4:45:00 AM,DIPC,8/14/2026 4:50:00 AM,CMIN,23327.6655,
8/14/2026 4:45:00 AM,DIPC,8/14/2026 4:50:00 AM,CVIS,22936.4663,
8/14/2026 4:45:00 AM,DIPC,8/14/2026 4:50:00 AM,CLUZ,3253.0057,
8/14/2026 4:45:00 AM,DIPC,8/14/2026 4:50:00 AM,System,9208.8161,
8/14/2026 4:45:00 AM,DIPC,8/14/2026 4:50:00 AM,CLUZ_CVIS,6292.4021,
8/14/2026 4:40:00 AM,DIPC,8/14/2026 4:45:00 AM,CMIN,19875.9397,
8/14/2026 4:40:00 AM,DIPC,8/14/2026 4:45:00 AM,CVIS,19575.7615,
8/14/2026 4:40:00 AM,DIPC,8/14/2026 4:45:00 AM,CLUZ,3246.2617,
8/14/2026 4:40:00 AM,DIPC,8/14/2026 4:45:00 AM,System,8180.8064,
8/14/2026 4:40:00 AM,DIPC,8/14/2026 4:45:00 AM,CLUZ_CVIS,5759.7865,
8/14/2026 4:35:00 AM,DIPC,8/14/2026 4:40:00 AM,CMIN,9187.3714,
8/14/2026 4:35:00 AM,DIPC,8/14/2026 4:40:00 AM,CVIS,9057.8344,
8/14/2026 4:35:00 AM,DIPC,8/14/2026 4:40:00 AM,CLUZ,3245.2203,
8/14/2026 4:35:00 AM,DIPC,8/14/2026 4:40:00 AM,System,5002.9039,
8/14/2026 4:35:00 AM,DIPC,8/14/2026 4:40:00 AM,CLUZ_CVIS,4134.7429,
8/14/2026 4:30:00 AM,DIPC,8/14/2026 4:35:00 AM,CMIN,15931.4301,
8/14/2026 4:30:00 AM,DIPC,8/14/2026 4:35:00 AM,CVIS,15721.2473,
8/14/2026 4:30:00 AM,DIPC,8/14/2026 4:35:00 AM,CLUZ,3250.2609,
8/14/2026 4:30:00 AM,DIPC,8/14/2026 4:35:00 AM,System,7023.3632,
8/14/2026 4:30:00 AM,DIPC,8/14/2026 4:35:00 AM,CLUZ_CVIS,5169.8526,
8/14/2026 4:25:00 AM,DIPC,8/14/2026 4:30:00 AM,CMIN,15933.8686,
8/14/2026 4:25:00 AM,DIPC,8/14/2026 4:30:00 AM,CVIS,15720.2336,
8/14/2026 4:25:00 AM,DIPC,8/14/2026 4:30:00 AM,CLUZ,3243.5960,
8/14/2026 4:25:00 AM,DIPC,8/14/2026 4:30:00 AM,System,7025.5272,
8/14/2026 4:25:00 AM,DIPC,8/14/2026 4:30:00 AM,CLUZ_CVIS,5168.2113,
8/14/2026 4:20:00 AM,DIPC,8/14/2026 4:25:00 AM,CMIN,8460.2262,
8/14/2026 4:20:00 AM,DIPC,8/14/2026 4:25:00 AM,CVIS,8348.9676,
8/14/2026 4:20:00 AM,DIPC,8/14/2026 4:25:00 AM,CLUZ,3127.2416,
8/14/2026 4:20:00 AM,DIPC,8/14/2026 4:25:00 AM,System,4710.8759,
8/14/2026 4:20:00 AM,DIPC,8/14/2026 4:25:00 AM,CLUZ_CVIS,3929.2421,
8/14/2026 5:25:00 AM,DIPC,8/14/2026 5:30:00 AM,CMIN,31459.6762,
8/14/2026 5:25:00 AM,DIPC,8/14/2026 5:30:00 AM,CVIS,30837.9977,
8/14/2026 5:25:00 AM,DIPC,8/14/2026 5:30:00 AM,CLUZ,3127.4815,
8/14/2026 5:25:00 AM,DIPC,8/14/2026 5:30:00 AM,System,11585.8748,
8/14/2026 5:25:00 AM,DIPC,8/14/2026 5:30:00 AM,CLUZ_CVIS,7435.0622,
8/14/2026 5:20:00 AM,DIPC,8/14/2026 5:25:00 AM,CMIN,31368.9791,
8/14/2026 5:20:00 AM,DIPC,8/14/2026 5:25:00 AM,CVIS,30725.2827,
8/14/2026 5:20:00 AM,DIPC,8/14/2026 5:25:00 AM,CLUZ,4260.0333,
8/14/2026 5:20:00 AM,DIPC,8/14/2026 5:25:00 AM,System,12314.3604,
8/14/2026 5:20:00 AM,DIPC,8/14/2026 5:25:00 AM,CLUZ_CVIS,8369.6699,
8/14/2026 5:15:00 AM,DIPC,8/14/2026 5:20:00 AM,CMIN,31218.4338,
8/14/2026 5:15:00 AM,DIPC,8/14/2026 5:20:00 AM,CVIS,30554.4622,
8/14/2026 5:15:00 AM,DIPC,8/14/2026 5:20:00 AM,CLUZ,3253.8172,
8/14/2026 5:15:00 AM,DIPC,8/14/2026 5:20:00 AM,System,11559.5140,
8/14/2026 5:15:00 AM,DIPC,8/14/2026 5:20:00 AM,CLUZ_CVIS,7513.6677,
8/14/2026 5:10:00 AM,DIPC,8/14/2026 5:15:00 AM,CMIN,28222.0906,
8/14/2026 5:10:00 AM,DIPC,8/14/2026 5:15:00 AM,CVIS,27658.9459,
8/14/2026 5:10:00 AM,DIPC,8/14/2026 5:15:00 AM,CLUZ,3254.3458,
8/14/2026 5:10:00 AM,DIPC,8/14/2026 5:15:00 AM,System,10651.3513,
8/14/2026 5:10:00 AM,DIPC,8/14/2026 5:15:00 AM,CLUZ_CVIS,7051.2892,
8/14/2026 5:05:00 AM,DIPC,8/14/2026 5:10:00 AM,CMIN,28784.3122,
8/14/2026 5:05:00 AM,DIPC,8/14/2026 5:10:00 AM,CVIS,28256.7261,
8/14/2026 5:05:00 AM,DIPC,8/14/2026 5:10:00 AM,CLUZ,3315.5403,
8/14/2026 5:05:00 AM,DIPC,8/14/2026 5:10:00 AM,System,10878.9286,
8/14/2026 5:05:00 AM,DIPC,8/14/2026 5:10:00 AM,CLUZ_CVIS,7193.7460,
8/14/2026 5:00:00 AM,DIPC,8/14/2026 5:05:00 AM,CMIN,23312.1189,
8/14/2026 5:00:00 AM,DIPC,8/14/2026 5:05:00 AM,CVIS,22952.0705,
8/14/2026 5:00:00 AM,DIPC,8/14/2026 5:05:00 AM,CLUZ,3131.1644,
8/14/2026 5:00:00 AM,DIPC,8/14/2026 5:05:00 AM,System,9114.4807,
8/14/2026 5:00:00 AM,DIPC,8/14/2026 5:05:00 AM,CLUZ_CVIS,6186.3884,
8/14/2026 4:55:00 AM,DIPC,8/14/2026 5:00:00 AM,CMIN,19847.3829,
8/14/2026 4:55:00 AM,DIPC,8/14/2026 5:00:00 AM,CVIS,19549.6573,
8/14/2026 4:55:00 AM,DIPC,8/14/2026 5:00:00 AM,CLUZ,3132.1351,
8/14/2026 4:55:00 AM,DIPC,8/14/2026 5:00:00 AM,System,8089.1619,
8/14/2026 4:55:00 AM,DIPC,8/14/2026 5:00:00 AM,CLUZ_CVIS,5652.3349,
8/14/2026 10:35:00 AM,DIPC,8/14/2026 10:40:00 AM,CMIN,32614.0285,
8/14/2026 10:35:00 AM,DIPC,8/14/2026 10:40:00 AM,CVIS,31602.3560,
8/14/2026 10:35:00 AM,DIPC,8/14/2026 10:40:00 AM,CLUZ,1472.7271,
8/14/2026 10:35:00 AM,DIPC,8/14/2026 10:40:00 AM,System,11054.8091,
8/14/2026 10:35:00 AM,DIPC,8/14/2026 10:40:00 AM,CLUZ_CVIS,6770.2114,
8/14/2026 10:30:00 AM,DIPC,8/14/2026 10:35:00 AM,CMIN,32309.8775,
8/14/2026 10:30:00 AM,DIPC,8/14/2026 10:35:00 AM,CVIS,31385.2159,
8/14/2026 10:30:00 AM,DIPC,8/14/2026 10:35:00 AM,CLUZ,6262.5012,
8/14/2026 10:30:00 AM,DIPC,8/14/2026 10:35:00 AM,System,14248.7126,
8/14/2026 10:30:00 AM,DIPC,8/14/2026 10:35:00 AM,CLUZ_CVIS,10657.9112,
8/14/2026 10:25:00 AM,DIPC,8/14/2026 10:30:00 AM,CMIN,32436.8139,
8/14/2026 10:25:00 AM,DIPC,8/14/2026 10:30:00 AM,CVIS,31480.1560,
8/14/2026 10:25:00 AM,DIPC,8/14/2026 10:30:00 AM,CLUZ,6707.5242,
8/14/2026 10:25:00 AM,DIPC,8/14/2026 10:30:00 AM,System,14583.9238,
8/14/2026 10:25:00 AM,DIPC,8/14/2026 10:30:00 AM,CLUZ_CVIS,11038.8462,
8/14/2026 10:20:00 AM,DIPC,8/14/2026 10:25:00 AM,CMIN,32247.9967,
8/14/2026 10:20:00 AM,DIPC,8/14/2026 10:25:00 AM,CVIS,31349.1206,
8/14/2026 10:20:00 AM,DIPC,8/14/2026 10:25:00 AM,CLUZ,29107.4890,
8/14/2026 10:20:00 AM,DIPC,8/14/2026 10:25:00 AM,System,29950.5913,
8/14/2026 10:20:00 AM,DIPC,8/14/2026 10:25:00 AM,CLUZ_CVIS,29496.0782,
8/14/2026 10:15:00 AM,DIPC,8/14/2026 10:20:00 AM,CMIN,32285.6106,
8/14/2026 10:15:00 AM,DIPC,8/14/2026 10:20:00 AM,CVIS,31383.1363,
8/14/2026 10:15:00 AM,DIPC,8/14/2026 10:20:00 AM,CLUZ,1525.0787,
8/14/2026 10:15:00 AM,DIPC,8/14/2026 10:20:00 AM,System,10952.0054,
8/14/2026 10:15:00 AM,DIPC,8/14/2026 10:20:00 AM,CLUZ_CVIS,6744.9055,
8/14/2026 10:10:00 AM,DIPC,8/14/2026 10:15:00 AM,CMIN,32349.7846,
8/14/2026 10:10:00 AM,DIPC,8/14/2026 10:15:00 AM,CVIS,31522.7885,
8/14/2026 10:10:00 AM,DIPC,8/14/2026 10:15:00 AM,CLUZ,6231.4514,
8/14/2026 10:10:00 AM,DIPC,8/14/2026 10:15:00 AM,System,14225.0801,
8/14/2026 10:10:00 AM,DIPC,8/14/2026 10:15:00 AM,CLUZ_CVIS,10642.8165,
8/14/2026 10:45:00 PM,DIPC,8/14/2026 10:50:00 PM,CMIN,30314.2819,
8/14/2026 10:45:00 PM,DIPC,8/14/2026 10:50:00 PM,CVIS,29661.6480,
8/14/2026 10:45:00 PM,DIPC,8/14/2026 10:50:00 PM,CLUZ,2878.5250,
8/14/2026 10:45:00 PM,DIPC,8/14/2026 10:50:00 PM,System,11416.5808,
8/14/2026 10:45:00 PM,DIPC,8/14/2026 10:50:00 PM,CLUZ_CVIS,6989.2349,
8/14/2026 10:40:00 PM,DIPC,8/14/2026 10:45:00 PM,CMIN,31201.4778,
8/14/2026 10:40:00 PM,DIPC,8/14/2026 10:45:00 PM,CVIS,30590.9901,
8/14/2026 10:40:00 PM,DIPC,8/14/2026 10:45:00 PM,CLUZ,3092.4279,
8/14/2026 10:40:00 PM,DIPC,8/14/2026 10:45:00 PM,System,11840.4007,
8/14/2026 10:40:00 PM,DIPC,8/14/2026 10:45:00 PM,CLUZ_CVIS,7295.2686,
8/14/2026 10:35:00 PM,DIPC,8/14/2026 10:40:00 PM,CMIN,24967.9151,
8/14/2026 10:35:00 PM,DIPC,8/14/2026 10:40:00 PM,CVIS,24394.9133,
8/14/2026 10:35:00 PM,DIPC,8/14/2026 10:40:00 PM,CLUZ,3149.3805,
8/14/2026 10:35:00 PM,DIPC,8/14/2026 10:40:00 PM,System,9941.9011,
8/14/2026 10:35:00 PM,DIPC,8/14/2026 10:40:00 PM,CLUZ_CVIS,6377.8498,
8/14/2026 10:30:00 PM,DIPC,8/14/2026 10:35:00 PM,CMIN,28598.0889,
8/14/2026 10:30:00 PM,DIPC,8/14/2026 10:35:00 PM,CVIS,27958.7071,
8/14/2026 10:30:00 PM,DIPC,8/14/2026 10:35:00 PM,CLUZ,3147.9621,
8/14/2026 10:30:00 PM,DIPC,8/14/2026 10:35:00 PM,System,11077.1440,
8/14/2026 10:30:00 PM,DIPC,8/14/2026 10:35:00 PM,CLUZ_CVIS,6910.5291,
8/14/2026 10:25:00 PM,DIPC,8/14/2026 10:30:00 PM,CMIN,28868.9452,
8/14/2026 10:25:00 PM,DIPC,8/14/2026 10:30:00 PM,CVIS,28278.8676,
8/14/2026 10:25:00 PM,DIPC,8/14/2026 10:30:00 PM,CLUZ,3090.3376,
8/14/2026 10:25:00 PM,DIPC,8/14/2026 10:30:00 PM,System,11119.5356,
8/14/2026 10:25:00 PM,DIPC,8/14/2026 10:30:00 PM,CLUZ_CVIS,6893.3913,
8/14/2026 10:20:00 PM,DIPC,8/14/2026 10:25:00 PM,CMIN,30315.0591,
8/14/2026 10:20:00 PM,DIPC,8/14/2026 10:25:00 PM,CVIS,29717.0378,
8/14/2026 10:20:00 PM,DIPC,8/14/2026 10:25:00 PM,CLUZ,3089.3972,
8/14/2026 10:20:00 PM,DIPC,8/14/2026 10:25:00 PM,System,11577.7633,
8/14/2026 10:20:00 PM,DIPC,8/14/2026 10:25:00 PM,CLUZ_CVIS,7104.5935,
8/14/2026 10:15:00 PM,DIPC,8/14/2026 10:20:00 PM,CMIN,31056.5504,
8/14/2026 10:15:00 PM,DIPC,8/14/2026 10:20:00 PM,CVIS,30505.0435,
8/14/2026 10:15:00 PM,DIPC,8/14/2026 10:20:00 PM,CLUZ,3114.8645,
8/14/2026 10:15:00 PM,DIPC,8/14/2026 10:20:00 PM,System,11844.3876,
8/14/2026 10:15:00 PM,DIPC,8/14/2026 10:20:00 PM,CLUZ_CVIS,7238.5318,
EOF
